in s,C1 in V
-1.2000E-06,6.93359E-03
-1.1996E-06,-7.71484E-03
-1.1992E-06,-2.83203E-03
-1.1988E-06,6.93359E-03
-1.1984E-06,2.15820E-02
-1.1980E-06,6.93359E-03
-1.1976E-06,6.93359E-03
-1.1972E-06,2.05078E-03
-1.1968E-06,2.05078E-03
-1.1964E-06,1.18164E-02
-1.1960E-06,1.66992E-02
-1.1956E-06,1.66992E-02
-1.1952E-06,2.05078E-03
-1.1948E-06,1.66992E-02
-1.1944E-06,1.66992E-02
-1.1940E-06,1.18164E-02
-1.1936E-06,2.05078E-03
-1.1932E-06,6.93359E-03
-1.1928E-06,6.93359E-03
-1.1924E-06,1.18164E-02
-1.1920E-06,1.18164E-02
-1.1916E-06,1.66992E-02
-1.1912E-06,1.66992E-02
-1.1908E-06,2.15820E-02
-1.1904E-06,2.15820E-02
-1.1900E-06,2.15820E-02
-1.1896E-06,2.05078E-03
-1.1892E-06,6.93359E-03
-1.1888E-06,1.66992E-02
-1.1884E-06,6.93359E-03
-1.1880E-06,1.18164E-02
-1.1876E-06,2.05078E-03
-1.1872E-06,1.18164E-02
-1.1868E-06,1.66992E-02
-1.1864E-06,1.18164E-02
-1.1860E-06,1.66992E-02
-1.1856E-06,6.93359E-03
-1.1852E-06,-2.83203E-03
-1.1848E-06,1.66992E-02
-1.1844E-06,2.15820E-02
-1.1840E-06,1.66992E-02
-1.1836E-06,1.66992E-02
-1.1832E-06,2.15820E-02
-1.1828E-06,6.93359E-03
-1.1824E-06,1.66992E-02
-1.1820E-06,1.18164E-02
-1.1816E-06,6.93359E-03
-1.1812E-06,2.15820E-02
-1.1808E-06,2.05078E-03
-1.1804E-06,1.66992E-02
-1.1800E-06,6.93359E-03
-1.1796E-06,1.66992E-02
-1.1792E-06,1.18164E-02
-1.1788E-06,2.64648E-02
-1.1784E-06,2.15820E-02
-1.1780E-06,1.66992E-02
-1.1776E-06,6.93359E-03
-1.1772E-06,1.18164E-02
-1.1768E-06,2.64648E-02
-1.1764E-06,2.15820E-02
-1.1760E-06,1.18164E-02
-1.1756E-06,1.66992E-02
-1.1752E-06,2.15820E-02
-1.1748E-06,6.93359E-03
-1.1744E-06,1.66992E-02
-1.1740E-06,1.18164E-02
-1.1736E-06,1.66992E-02
-1.1732E-06,6.93359E-03
-1.1728E-06,6.93359E-03
-1.1724E-06,1.18164E-02
-1.1720E-06,6.93359E-03
-1.1716E-06,1.18164E-02
-1.1712E-06,6.93359E-03
-1.1708E-06,2.05078E-03
-1.1704E-06,1.18164E-02
-1.1700E-06,6.93359E-03
-1.1696E-06,2.15820E-02
-1.1692E-06,1.18164E-02
-1.1688E-06,2.05078E-03
-1.1684E-06,2.15820E-02
-1.1680E-06,1.66992E-02
-1.1676E-06,1.18164E-02
-1.1672E-06,1.18164E-02
-1.1668E-06,1.66992E-02
-1.1664E-06,3.13477E-02
-1.1660E-06,3.62305E-02
-1.1656E-06,2.15820E-02
-1.1652E-06,1.18164E-02
-1.1648E-06,2.64648E-02
-1.1644E-06,1.18164E-02
-1.1640E-06,6.93359E-03
-1.1636E-06,2.05078E-03
-1.1632E-06,2.05078E-03
-1.1628E-06,6.93359E-03
-1.1624E-06,-7.71484E-03
-1.1620E-06,6.93359E-03
-1.1616E-06,1.18164E-02
-1.1612E-06,-2.83203E-03
-1.1608E-06,1.18164E-02
-1.1604E-06,6.93359E-03
-1.1600E-06,2.15820E-02
-1.1596E-06,1.18164E-02
-1.1592E-06,1.66992E-02
-1.1588E-06,6.93359E-03
-1.1584E-06,1.66992E-02
-1.1580E-06,2.05078E-03
-1.1576E-06,2.15820E-02
-1.1572E-06,2.05078E-03
-1.1568E-06,1.66992E-02
-1.1564E-06,1.18164E-02
-1.1560E-06,1.66992E-02
-1.1556E-06,6.93359E-03
-1.1552E-06,2.05078E-03
-1.1548E-06,-7.71484E-03
-1.1544E-06,1.18164E-02
-1.1540E-06,2.15820E-02
-1.1536E-06,1.66992E-02
-1.1532E-06,1.66992E-02
-1.1528E-06,1.18164E-02
-1.1524E-06,2.15820E-02
-1.1520E-06,1.66992E-02
-1.1516E-06,1.66992E-02
-1.1512E-06,1.66992E-02
-1.1508E-06,1.66992E-02
-1.1504E-06,1.18164E-02
-1.1500E-06,2.15820E-02
-1.1496E-06,1.18164E-02
-1.1492E-06,2.05078E-03
-1.1488E-06,2.05078E-03
-1.1484E-06,1.66992E-02
-1.1480E-06,6.93359E-03
-1.1476E-06,1.66992E-02
-1.1472E-06,-2.83203E-03
-1.1468E-06,6.93359E-03
-1.1464E-06,6.93359E-03
-1.1460E-06,2.05078E-03
-1.1456E-06,1.18164E-02
-1.1452E-06,6.93359E-03
-1.1448E-06,2.15820E-02
-1.1444E-06,2.05078E-03
-1.1440E-06,2.05078E-03
-1.1436E-06,1.18164E-02
-1.1432E-06,1.66992E-02
-1.1428E-06,2.64648E-02
-1.1424E-06,2.15820E-02
-1.1420E-06,6.93359E-03
-1.1416E-06,1.66992E-02
-1.1412E-06,1.18164E-02
-1.1408E-06,1.18164E-02
-1.1404E-06,1.18164E-02
-1.1400E-06,1.66992E-02
-1.1396E-06,2.05078E-03
-1.1392E-06,6.93359E-03
-1.1388E-06,2.05078E-03
-1.1384E-06,2.05078E-03
-1.1380E-06,2.05078E-03
-1.1376E-06,6.93359E-03
-1.1372E-06,2.64648E-02
-1.1368E-06,3.13477E-02
-1.1364E-06,1.18164E-02
-1.1360E-06,2.05078E-03
-1.1356E-06,6.93359E-03
-1.1352E-06,1.18164E-02
-1.1348E-06,3.62305E-02
-1.1344E-06,6.93359E-03
-1.1340E-06,2.15820E-02
-1.1336E-06,2.15820E-02
-1.1332E-06,2.05078E-03
-1.1328E-06,6.93359E-03
-1.1324E-06,6.93359E-03
-1.1320E-06,6.93359E-03
-1.1316E-06,6.93359E-03
-1.1312E-06,2.15820E-02
-1.1308E-06,1.18164E-02
-1.1304E-06,-2.83203E-03
-1.1300E-06,1.66992E-02
-1.1296E-06,1.66992E-02
-1.1292E-06,6.93359E-03
-1.1288E-06,6.93359E-03
-1.1284E-06,2.05078E-03
-1.1280E-06,2.05078E-03
-1.1276E-06,1.18164E-02
-1.1272E-06,1.66992E-02
-1.1268E-06,1.66992E-02
-1.1264E-06,2.15820E-02
-1.1260E-06,2.15820E-02
-1.1256E-06,6.93359E-03
-1.1252E-06,6.93359E-03
-1.1248E-06,1.18164E-02
-1.1244E-06,2.05078E-03
-1.1240E-06,1.66992E-02
-1.1236E-06,1.66992E-02
-1.1232E-06,1.18164E-02
-1.1228E-06,1.18164E-02
-1.1224E-06,6.93359E-03
-1.1220E-06,1.66992E-02
-1.1216E-06,2.15820E-02
-1.1212E-06,2.15820E-02
-1.1208E-06,6.93359E-03
-1.1204E-06,2.64648E-02
-1.1200E-06,1.18164E-02
-1.1196E-06,2.15820E-02
-1.1192E-06,2.05078E-03
-1.1188E-06,6.93359E-03
-1.1184E-06,3.62305E-02
-1.1180E-06,-1.25977E-02
-1.1176E-06,-2.83203E-03
-1.1172E-06,6.93359E-03
-1.1168E-06,1.66992E-02
-1.1164E-06,6.93359E-03
-1.1160E-06,1.18164E-02
-1.1156E-06,6.93359E-03
-1.1152E-06,2.64648E-02
-1.1148E-06,-2.83203E-03
-1.1144E-06,1.18164E-02
-1.1140E-06,2.15820E-02
-1.1136E-06,3.62305E-02
-1.1132E-06,1.18164E-02
-1.1128E-06,2.05078E-03
-1.1124E-06,1.18164E-02
-1.1120E-06,6.93359E-03
-1.1116E-06,6.93359E-03
-1.1112E-06,2.05078E-03
-1.1108E-06,1.18164E-02
-1.1104E-06,-2.83203E-03
-1.1100E-06,1.66992E-02
-1.1096E-06,1.18164E-02
-1.1092E-06,1.66992E-02
-1.1088E-06,2.15820E-02
-1.1084E-06,6.93359E-03
-1.1080E-06,2.05078E-03
-1.1076E-06,1.18164E-02
-1.1072E-06,1.66992E-02
-1.1068E-06,-7.71484E-03
-1.1064E-06,1.66992E-02
-1.1060E-06,1.66992E-02
-1.1056E-06,2.64648E-02
-1.1052E-06,2.15820E-02
-1.1048E-06,2.15820E-02
-1.1044E-06,-2.83203E-03
-1.1040E-06,2.05078E-03
-1.1036E-06,2.05078E-03
-1.1032E-06,1.66992E-02
-1.1028E-06,1.18164E-02
-1.1024E-06,2.05078E-03
-1.1020E-06,6.93359E-03
-1.1016E-06,2.05078E-03
-1.1012E-06,1.66992E-02
-1.1008E-06,2.05078E-03
-1.1004E-06,2.05078E-03
-1.1000E-06,2.05078E-03
-1.0996E-06,1.66992E-02
-1.0992E-06,2.15820E-02
-1.0988E-06,1.66992E-02
-1.0984E-06,1.66992E-02
-1.0980E-06,1.18164E-02
-1.0976E-06,1.18164E-02
-1.0972E-06,6.93359E-03
-1.0968E-06,1.18164E-02
-1.0964E-06,1.66992E-02
-1.0960E-06,1.18164E-02
-1.0956E-06,1.18164E-02
-1.0952E-06,-7.71484E-03
-1.0948E-06,1.18164E-02
-1.0944E-06,1.66992E-02
-1.0940E-06,1.66992E-02
-1.0936E-06,2.15820E-02
-1.0932E-06,1.18164E-02
-1.0928E-06,2.05078E-03
-1.0924E-06,1.66992E-02
-1.0920E-06,2.05078E-03
-1.0916E-06,6.93359E-03
-1.0912E-06,1.66992E-02
-1.0908E-06,6.93359E-03
-1.0904E-06,2.15820E-02
-1.0900E-06,-7.71484E-03
-1.0896E-06,6.93359E-03
-1.0892E-06,1.18164E-02
-1.0888E-06,-1.25977E-02
-1.0884E-06,1.18164E-02
-1.0880E-06,1.18164E-02
-1.0876E-06,1.18164E-02
-1.0872E-06,1.18164E-02
-1.0868E-06,1.66992E-02
-1.0864E-06,1.66992E-02
-1.0860E-06,1.18164E-02
-1.0856E-06,2.64648E-02
-1.0852E-06,2.05078E-03
-1.0848E-06,1.18164E-02
-1.0844E-06,1.66992E-02
-1.0840E-06,6.93359E-03
-1.0836E-06,1.18164E-02
-1.0832E-06,2.15820E-02
-1.0828E-06,2.15820E-02
-1.0824E-06,2.64648E-02
-1.0820E-06,1.18164E-02
-1.0816E-06,2.05078E-03
-1.0812E-06,2.05078E-03
-1.0808E-06,1.18164E-02
-1.0804E-06,-7.71484E-03
-1.0800E-06,6.93359E-03
-1.0796E-06,1.18164E-02
-1.0792E-06,-2.83203E-03
-1.0788E-06,6.93359E-03
-1.0784E-06,2.15820E-02
-1.0780E-06,1.66992E-02
-1.0776E-06,1.18164E-02
-1.0772E-06,2.05078E-03
-1.0768E-06,2.15820E-02
-1.0764E-06,1.66992E-02
-1.0760E-06,2.15820E-02
-1.0756E-06,2.15820E-02
-1.0752E-06,-1.25977E-02
-1.0748E-06,1.18164E-02
-1.0744E-06,2.05078E-03
-1.0740E-06,-2.83203E-03
-1.0736E-06,-2.83203E-03
-1.0732E-06,1.18164E-02
-1.0728E-06,-1.25977E-02
-1.0724E-06,-2.83203E-03
-1.0720E-06,1.66992E-02
-1.0716E-06,3.13477E-02
-1.0712E-06,2.15820E-02
-1.0708E-06,2.05078E-03
-1.0704E-06,6.93359E-03
-1.0700E-06,1.66992E-02
-1.0696E-06,1.66992E-02
-1.0692E-06,6.93359E-03
-1.0688E-06,2.15820E-02
-1.0684E-06,3.13477E-02
-1.0680E-06,2.15820E-02
-1.0676E-06,1.18164E-02
-1.0672E-06,1.66992E-02
-1.0668E-06,2.05078E-03
-1.0664E-06,-2.83203E-03
-1.0660E-06,2.05078E-03
-1.0656E-06,-2.83203E-03
-1.0652E-06,-7.71484E-03
-1.0648E-06,6.93359E-03
-1.0644E-06,2.05078E-03
-1.0640E-06,6.93359E-03
-1.0636E-06,1.18164E-02
-1.0632E-06,6.93359E-03
-1.0628E-06,2.64648E-02
-1.0624E-06,1.18164E-02
-1.0620E-06,1.66992E-02
-1.0616E-06,1.18164E-02
-1.0612E-06,6.93359E-03
-1.0608E-06,1.18164E-02
-1.0604E-06,2.05078E-03
-1.0600E-06,2.05078E-03
-1.0596E-06,2.15820E-02
-1.0592E-06,2.15820E-02
-1.0588E-06,1.18164E-02
-1.0584E-06,1.18164E-02
-1.0580E-06,3.13477E-02
-1.0576E-06,1.66992E-02
-1.0572E-06,-2.83203E-03
-1.0568E-06,-7.71484E-03
-1.0564E-06,6.93359E-03
-1.0560E-06,1.66992E-02
-1.0556E-06,1.66992E-02
-1.0552E-06,6.93359E-03
-1.0548E-06,-7.71484E-03
-1.0544E-06,2.64648E-02
-1.0540E-06,1.66992E-02
-1.0536E-06,1.66992E-02
-1.0532E-06,-2.83203E-03
-1.0528E-06,2.64648E-02
-1.0524E-06,1.66992E-02
-1.0520E-06,6.93359E-03
-1.0516E-06,2.05078E-03
-1.0512E-06,2.05078E-03
-1.0508E-06,6.93359E-03
-1.0504E-06,1.66992E-02
-1.0500E-06,2.05078E-03
-1.0496E-06,1.18164E-02
-1.0492E-06,1.66992E-02
-1.0488E-06,-2.83203E-03
-1.0484E-06,-2.83203E-03
-1.0480E-06,1.66992E-02
-1.0476E-06,1.66992E-02
-1.0472E-06,2.64648E-02
-1.0468E-06,2.05078E-03
-1.0464E-06,1.66992E-02
-1.0460E-06,1.18164E-02
-1.0456E-06,2.05078E-03
-1.0452E-06,2.05078E-03
-1.0448E-06,-2.83203E-03
-1.0444E-06,2.15820E-02
-1.0440E-06,6.93359E-03
-1.0436E-06,2.05078E-03
-1.0432E-06,-2.83203E-03
-1.0428E-06,2.05078E-03
-1.0424E-06,2.15820E-02
-1.0420E-06,6.93359E-03
-1.0416E-06,6.93359E-03
-1.0412E-06,2.15820E-02
-1.0408E-06,2.15820E-02
-1.0404E-06,6.93359E-03
-1.0400E-06,2.15820E-02
-1.0396E-06,1.66992E-02
-1.0392E-06,-1.25977E-02
-1.0388E-06,2.05078E-03
-1.0384E-06,1.18164E-02
-1.0380E-06,1.66992E-02
-1.0376E-06,2.05078E-03
-1.0372E-06,1.66992E-02
-1.0368E-06,1.66992E-02
-1.0364E-06,2.05078E-03
-1.0360E-06,6.93359E-03
-1.0356E-06,1.18164E-02
-1.0352E-06,1.66992E-02
-1.0348E-06,1.66992E-02
-1.0344E-06,-2.83203E-03
-1.0340E-06,1.66992E-02
-1.0336E-06,3.13477E-02
-1.0332E-06,1.18164E-02
-1.0328E-06,1.18164E-02
-1.0324E-06,1.66992E-02
-1.0320E-06,2.15820E-02
-1.0316E-06,6.93359E-03
-1.0312E-06,1.18164E-02
-1.0308E-06,2.15820E-02
-1.0304E-06,2.05078E-03
-1.0300E-06,2.15820E-02
-1.0296E-06,1.18164E-02
-1.0292E-06,2.05078E-03
-1.0288E-06,2.05078E-03
-1.0284E-06,1.18164E-02
-1.0280E-06,2.05078E-03
-1.0276E-06,6.93359E-03
-1.0272E-06,2.05078E-03
-1.0268E-06,-2.83203E-03
-1.0264E-06,2.05078E-03
-1.0260E-06,2.15820E-02
-1.0256E-06,1.66992E-02
-1.0252E-06,-2.83203E-03
-1.0248E-06,6.93359E-03
-1.0244E-06,6.93359E-03
-1.0240E-06,2.05078E-03
-1.0236E-06,1.66992E-02
-1.0232E-06,1.18164E-02
-1.0228E-06,2.05078E-03
-1.0224E-06,1.66992E-02
-1.0220E-06,1.18164E-02
-1.0216E-06,6.93359E-03
-1.0212E-06,1.18164E-02
-1.0208E-06,-1.25977E-02
-1.0204E-06,-1.25977E-02
-1.0200E-06,6.93359E-03
-1.0196E-06,6.93359E-03
-1.0192E-06,3.13477E-02
-1.0188E-06,2.05078E-03
-1.0184E-06,2.64648E-02
-1.0180E-06,5.08789E-02
-1.0176E-06,9.97070E-02
-1.0172E-06,1.68066E-01
-1.0168E-06,2.51074E-01
-1.0164E-06,3.43848E-01
-1.0160E-06,4.46387E-01
-1.0156E-06,5.39160E-01
-1.0152E-06,6.36816E-01
-1.0148E-06,7.54004E-01
-1.0144E-06,8.32129E-01
-1.0140E-06,9.15137E-01
-1.0136E-06,9.93262E-01
-1.0132E-06,1.07627E+00
-1.0128E-06,1.11533E+00
-1.0124E-06,1.17393E+00
-1.0120E-06,1.19834E+00
-1.0116E-06,1.21787E+00
-1.0112E-06,1.22275E+00
-1.0108E-06,1.27158E+00
-1.0104E-06,1.26670E+00
-1.0100E-06,1.27646E+00
-1.0096E-06,1.29600E+00
-1.0092E-06,1.28135E+00
-1.0088E-06,1.31064E+00
-1.0084E-06,1.32529E+00
-1.0080E-06,1.35459E+00
-1.0076E-06,1.34482E+00
-1.0072E-06,1.36436E+00
-1.0068E-06,1.40342E+00
-1.0064E-06,1.42295E+00
-1.0060E-06,1.46201E+00
-1.0056E-06,1.47666E+00
-1.0052E-06,1.50107E+00
-1.0048E-06,1.54014E+00
-1.0044E-06,1.55479E+00
-1.0040E-06,1.55967E+00
-1.0036E-06,1.58408E+00
-1.0032E-06,1.59385E+00
-1.0028E-06,1.59873E+00
-1.0024E-06,1.61338E+00
-1.0020E-06,1.61338E+00
-1.0016E-06,1.64268E+00
-1.0012E-06,1.63291E+00
-1.0008E-06,1.65732E+00
-1.0004E-06,1.67686E+00
-1.0000E-06,1.70127E+00
-9.9960E-07,1.71592E+00
-9.9920E-07,1.72568E+00
-9.9880E-07,1.75986E+00
-9.9840E-07,1.76475E+00
-9.9800E-07,1.77939E+00
-9.9760E-07,1.79404E+00
-9.9720E-07,1.79893E+00
-9.9680E-07,1.81357E+00
-9.9640E-07,1.83311E+00
-9.9600E-07,1.86240E+00
-9.9560E-07,1.83799E+00
-9.9520E-07,1.85752E+00
-9.9480E-07,1.86729E+00
-9.9440E-07,1.89658E+00
-9.9400E-07,1.89658E+00
-9.9360E-07,1.90146E+00
-9.9320E-07,1.90146E+00
-9.9280E-07,1.90635E+00
-9.9240E-07,1.93564E+00
-9.9200E-07,1.93564E+00
-9.9160E-07,1.93564E+00
-9.9120E-07,1.95029E+00
-9.9080E-07,1.96982E+00
-9.9040E-07,1.96982E+00
-9.9000E-07,1.97471E+00
-9.8960E-07,1.97471E+00
-9.8920E-07,1.99912E+00
-9.8880E-07,2.00400E+00
-9.8840E-07,2.01865E+00
-9.8800E-07,2.02842E+00
-9.8760E-07,2.03818E+00
-9.8720E-07,2.02842E+00
-9.8680E-07,2.04795E+00
-9.8640E-07,2.05771E+00
-9.8600E-07,2.06260E+00
-9.8560E-07,2.07236E+00
-9.8520E-07,2.07725E+00
-9.8480E-07,2.10166E+00
-9.8440E-07,2.09678E+00
-9.8400E-07,2.09678E+00
-9.8360E-07,2.09189E+00
-9.8320E-07,2.10654E+00
-9.8280E-07,2.11631E+00
-9.8240E-07,2.12607E+00
-9.8200E-07,2.13096E+00
-9.8160E-07,2.13096E+00
-9.8120E-07,2.12607E+00
-9.8080E-07,2.13096E+00
-9.8040E-07,2.13096E+00
-9.8000E-07,2.15049E+00
-9.7960E-07,2.16025E+00
-9.7920E-07,2.14561E+00
-9.7880E-07,2.14561E+00
-9.7840E-07,2.15537E+00
-9.7800E-07,2.16025E+00
-9.7760E-07,2.17002E+00
-9.7720E-07,2.17490E+00
-9.7680E-07,2.19443E+00
-9.7640E-07,2.18955E+00
-9.7600E-07,2.20420E+00
-9.7560E-07,2.20420E+00
-9.7520E-07,2.20908E+00
-9.7480E-07,2.20420E+00
-9.7440E-07,2.20420E+00
-9.7400E-07,2.22373E+00
-9.7360E-07,2.22373E+00
-9.7320E-07,2.22373E+00
-9.7280E-07,2.23838E+00
-9.7240E-07,2.24814E+00
-9.7200E-07,2.22373E+00
-9.7160E-07,2.23350E+00
-9.7120E-07,2.25303E+00
-9.7080E-07,2.24326E+00
-9.7040E-07,2.27256E+00
-9.7000E-07,2.26768E+00
-9.6960E-07,2.26768E+00
-9.6920E-07,2.24814E+00
-9.6880E-07,2.27256E+00
-9.6840E-07,2.25791E+00
-9.6800E-07,2.27744E+00
-9.6760E-07,2.27744E+00
-9.6720E-07,2.27256E+00
-9.6680E-07,2.29209E+00
-9.6640E-07,2.28232E+00
-9.6600E-07,2.28232E+00
-9.6560E-07,2.30186E+00
-9.6520E-07,2.30186E+00
-9.6480E-07,2.29697E+00
-9.6440E-07,2.30186E+00
-9.6400E-07,2.29697E+00
-9.6360E-07,2.30674E+00
-9.6320E-07,2.31650E+00
-9.6280E-07,2.29697E+00
-9.6240E-07,2.32627E+00
-9.6200E-07,2.32627E+00
-9.6160E-07,2.31162E+00
-9.6120E-07,2.31162E+00
-9.6080E-07,2.31650E+00
-9.6040E-07,2.33115E+00
-9.6000E-07,2.33604E+00
-9.5960E-07,2.31650E+00
-9.5920E-07,2.32139E+00
-9.5880E-07,2.33604E+00
-9.5840E-07,2.33604E+00
-9.5800E-07,2.34092E+00
-9.5760E-07,2.35068E+00
-9.5720E-07,2.34092E+00
-9.5680E-07,2.34092E+00
-9.5640E-07,2.35557E+00
-9.5600E-07,2.34580E+00
-9.5560E-07,2.34580E+00
-9.5520E-07,2.35068E+00
-9.5480E-07,2.36045E+00
-9.5440E-07,2.36533E+00
-9.5400E-07,2.38486E+00
-9.5360E-07,2.37021E+00
-9.5320E-07,2.36533E+00
-9.5280E-07,2.36533E+00
-9.5240E-07,2.37998E+00
-9.5200E-07,2.37998E+00
-9.5160E-07,2.37998E+00
-9.5120E-07,2.36533E+00
-9.5080E-07,2.37021E+00
-9.5040E-07,2.36045E+00
-9.5000E-07,2.37021E+00
-9.4960E-07,2.39951E+00
-9.4920E-07,2.39463E+00
-9.4880E-07,2.38486E+00
-9.4840E-07,2.38486E+00
-9.4800E-07,2.37998E+00
-9.4760E-07,2.38975E+00
-9.4720E-07,2.38486E+00
-9.4680E-07,2.37998E+00
-9.4640E-07,2.38975E+00
-9.4600E-07,2.38486E+00
-9.4560E-07,2.39463E+00
-9.4520E-07,2.39463E+00
-9.4480E-07,2.38975E+00
-9.4440E-07,2.38975E+00
-9.4400E-07,2.40439E+00
-9.4360E-07,2.39463E+00
-9.4320E-07,2.39951E+00
-9.4280E-07,2.38975E+00
-9.4240E-07,2.39951E+00
-9.4200E-07,2.41416E+00
-9.4160E-07,2.40439E+00
-9.4120E-07,2.39951E+00
-9.4080E-07,2.38486E+00
-9.4040E-07,2.39463E+00
-9.4000E-07,2.39463E+00
-9.3960E-07,2.38975E+00
-9.3920E-07,2.39463E+00
-9.3880E-07,2.41416E+00
-9.3840E-07,2.39951E+00
-9.3800E-07,2.41416E+00
-9.3760E-07,2.40439E+00
-9.3720E-07,2.41904E+00
-9.3680E-07,2.40928E+00
-9.3640E-07,2.41904E+00
-9.3600E-07,2.41416E+00
-9.3560E-07,2.40928E+00
-9.3520E-07,2.40439E+00
-9.3480E-07,2.40928E+00
-9.3440E-07,2.42393E+00
-9.3400E-07,2.40928E+00
-9.3360E-07,2.41416E+00
-9.3320E-07,2.41904E+00
-9.3280E-07,2.41416E+00
-9.3240E-07,2.40928E+00
-9.3200E-07,2.41416E+00
-9.3160E-07,2.41416E+00
-9.3120E-07,2.42881E+00
-9.3080E-07,2.41904E+00
-9.3040E-07,2.41904E+00
-9.3000E-07,2.42393E+00
-9.2960E-07,2.41416E+00
-9.2920E-07,2.43369E+00
-9.2880E-07,2.43369E+00
-9.2840E-07,2.43369E+00
-9.2800E-07,2.43857E+00
-9.2760E-07,2.41904E+00
-9.2720E-07,2.42881E+00
-9.2680E-07,2.42393E+00
-9.2640E-07,2.42881E+00
-9.2600E-07,2.43857E+00
-9.2560E-07,2.43369E+00
-9.2520E-07,2.40439E+00
-9.2480E-07,2.42393E+00
-9.2440E-07,2.41904E+00
-9.2400E-07,2.42393E+00
-9.2360E-07,2.42881E+00
-9.2320E-07,2.43369E+00
-9.2280E-07,2.45322E+00
-9.2240E-07,2.43369E+00
-9.2200E-07,2.42393E+00
-9.2160E-07,2.43369E+00
-9.2120E-07,2.43857E+00
-9.2080E-07,2.44346E+00
-9.2040E-07,2.44346E+00
-9.2000E-07,2.43369E+00
-9.1960E-07,2.43857E+00
-9.1920E-07,2.43369E+00
-9.1880E-07,2.43857E+00
-9.1840E-07,2.41904E+00
-9.1800E-07,2.42393E+00
-9.1760E-07,2.43857E+00
-9.1720E-07,2.43857E+00
-9.1680E-07,2.43369E+00
-9.1640E-07,2.43857E+00
-9.1600E-07,2.43857E+00
-9.1560E-07,2.43857E+00
-9.1520E-07,2.44834E+00
-9.1480E-07,2.43857E+00
-9.1440E-07,2.42881E+00
-9.1400E-07,2.43857E+00
-9.1360E-07,2.42881E+00
-9.1320E-07,2.42881E+00
-9.1280E-07,2.44346E+00
-9.1240E-07,2.42393E+00
-9.1200E-07,2.42881E+00
-9.1160E-07,2.43857E+00
-9.1120E-07,2.41904E+00
-9.1080E-07,2.42881E+00
-9.1040E-07,2.44834E+00
-9.1000E-07,2.45322E+00
-9.0960E-07,2.44834E+00
-9.0920E-07,2.41904E+00
-9.0880E-07,2.45322E+00
-9.0840E-07,2.44834E+00
-9.0800E-07,2.43857E+00
-9.0760E-07,2.44346E+00
-9.0720E-07,2.45322E+00
-9.0680E-07,2.44834E+00
-9.0640E-07,2.44346E+00
-9.0600E-07,2.43369E+00
-9.0560E-07,2.43369E+00
-9.0520E-07,2.42393E+00
-9.0480E-07,2.43857E+00
-9.0440E-07,2.43857E+00
-9.0400E-07,2.43857E+00
-9.0360E-07,2.43857E+00
-9.0320E-07,2.44346E+00
-9.0280E-07,2.44346E+00
-9.0240E-07,2.44834E+00
-9.0200E-07,2.42881E+00
-9.0160E-07,2.44834E+00
-9.0120E-07,2.44346E+00
-9.0080E-07,2.43369E+00
-9.0040E-07,2.43369E+00
-9.0000E-07,2.42393E+00
-8.9960E-07,2.42881E+00
-8.9920E-07,2.41904E+00
-8.9880E-07,2.43369E+00
-8.9840E-07,2.44346E+00
-8.9800E-07,2.44346E+00
-8.9760E-07,2.43857E+00
-8.9720E-07,2.45322E+00
-8.9680E-07,2.44834E+00
-8.9640E-07,2.43857E+00
-8.9600E-07,2.44834E+00
-8.9560E-07,2.45811E+00
-8.9520E-07,2.44834E+00
-8.9480E-07,2.44834E+00
-8.9440E-07,2.45322E+00
-8.9400E-07,2.44346E+00
-8.9360E-07,2.45811E+00
-8.9320E-07,2.45322E+00
-8.9280E-07,2.45811E+00
-8.9240E-07,2.45811E+00
-8.9200E-07,2.45811E+00
-8.9160E-07,2.45322E+00
-8.9120E-07,2.45322E+00
-8.9080E-07,2.45322E+00
-8.9040E-07,2.45322E+00
-8.9000E-07,2.44834E+00
-8.8960E-07,2.46299E+00
-8.8920E-07,2.44834E+00
-8.8880E-07,2.45322E+00
-8.8840E-07,2.45322E+00
-8.8800E-07,2.45322E+00
-8.8760E-07,2.45322E+00
-8.8720E-07,2.44834E+00
-8.8680E-07,2.45811E+00
-8.8640E-07,2.44346E+00
-8.8600E-07,2.45322E+00
-8.8560E-07,2.45322E+00
-8.8520E-07,2.45322E+00
-8.8480E-07,2.45322E+00
-8.8440E-07,2.45322E+00
-8.8400E-07,2.43369E+00
-8.8360E-07,2.43857E+00
-8.8320E-07,2.44834E+00
-8.8280E-07,2.43857E+00
-8.8240E-07,2.45811E+00
-8.8200E-07,2.42881E+00
-8.8160E-07,2.45811E+00
-8.8120E-07,2.44834E+00
-8.8080E-07,2.45811E+00
-8.8040E-07,2.45322E+00
-8.8000E-07,2.44346E+00
-8.7960E-07,2.45322E+00
-8.7920E-07,2.43857E+00
-8.7880E-07,2.44346E+00
-8.7840E-07,2.45322E+00
-8.7800E-07,2.44834E+00
-8.7760E-07,2.44346E+00
-8.7720E-07,2.45811E+00
-8.7680E-07,2.45322E+00
-8.7640E-07,2.45322E+00
-8.7600E-07,2.45811E+00
-8.7560E-07,2.46299E+00
-8.7520E-07,2.45322E+00
-8.7480E-07,2.43369E+00
-8.7440E-07,2.42881E+00
-8.7400E-07,2.44346E+00
-8.7360E-07,2.46299E+00
-8.7320E-07,2.44346E+00
-8.7280E-07,2.46787E+00
-8.7240E-07,2.43857E+00
-8.7200E-07,2.45322E+00
-8.7160E-07,2.45322E+00
-8.7120E-07,2.44834E+00
-8.7080E-07,2.45322E+00
-8.7040E-07,2.45322E+00
-8.7000E-07,2.44834E+00
-8.6960E-07,2.45322E+00
-8.6920E-07,2.43857E+00
-8.6880E-07,2.44346E+00
-8.6840E-07,2.44346E+00
-8.6800E-07,2.44346E+00
-8.6760E-07,2.45811E+00
-8.6720E-07,2.44834E+00
-8.6680E-07,2.44834E+00
-8.6640E-07,2.44346E+00
-8.6600E-07,2.44834E+00
-8.6560E-07,2.42393E+00
-8.6520E-07,2.45322E+00
-8.6480E-07,2.46299E+00
-8.6440E-07,2.45811E+00
-8.6400E-07,2.45322E+00
-8.6360E-07,2.45322E+00
-8.6320E-07,2.45322E+00
-8.6280E-07,2.45322E+00
-8.6240E-07,2.47275E+00
-8.6200E-07,2.45811E+00
-8.6160E-07,2.47275E+00
-8.6120E-07,2.43369E+00
-8.6080E-07,2.44834E+00
-8.6040E-07,2.44346E+00
-8.6000E-07,2.46299E+00
-8.5960E-07,2.44834E+00
-8.5920E-07,2.45811E+00
-8.5880E-07,2.44834E+00
-8.5840E-07,2.44346E+00
-8.5800E-07,2.45322E+00
-8.5760E-07,2.44834E+00
-8.5720E-07,2.45322E+00
-8.5680E-07,2.45811E+00
-8.5640E-07,2.45322E+00
-8.5600E-07,2.44834E+00
-8.5560E-07,2.46299E+00
-8.5520E-07,2.44346E+00
-8.5480E-07,2.46787E+00
-8.5440E-07,2.45322E+00
-8.5400E-07,2.44346E+00
-8.5360E-07,2.44834E+00
-8.5320E-07,2.44346E+00
-8.5280E-07,2.45322E+00
-8.5240E-07,2.45322E+00
-8.5200E-07,2.45322E+00
-8.5160E-07,2.45811E+00
-8.5120E-07,2.45322E+00
-8.5080E-07,2.45811E+00
-8.5040E-07,2.44346E+00
-8.5000E-07,2.45322E+00
-8.4960E-07,2.44346E+00
-8.4920E-07,2.45811E+00
-8.4880E-07,2.46299E+00
-8.4840E-07,2.45322E+00
-8.4800E-07,2.46787E+00
-8.4760E-07,2.43857E+00
-8.4720E-07,2.45322E+00
-8.4680E-07,2.45811E+00
-8.4640E-07,2.45322E+00
-8.4600E-07,2.45322E+00
-8.4560E-07,2.45811E+00
-8.4520E-07,2.44346E+00
-8.4480E-07,2.43857E+00
-8.4440E-07,2.45322E+00
-8.4400E-07,2.44834E+00
-8.4360E-07,2.44346E+00
-8.4320E-07,2.46787E+00
-8.4280E-07,2.45811E+00
-8.4240E-07,2.46787E+00
-8.4200E-07,2.44834E+00
-8.4160E-07,2.45811E+00
-8.4120E-07,2.43857E+00
-8.4080E-07,2.46787E+00
-8.4040E-07,2.45322E+00
-8.4000E-07,2.43857E+00
-8.3960E-07,2.45322E+00
-8.3920E-07,2.44834E+00
-8.3880E-07,2.45322E+00
-8.3840E-07,2.45811E+00
-8.3800E-07,2.45322E+00
-8.3760E-07,2.43857E+00
-8.3720E-07,2.45322E+00
-8.3680E-07,2.44834E+00
-8.3640E-07,2.45811E+00
-8.3600E-07,2.44834E+00
-8.3560E-07,2.44346E+00
-8.3520E-07,2.44834E+00
-8.3480E-07,2.42881E+00
-8.3440E-07,2.46787E+00
-8.3400E-07,2.44834E+00
-8.3360E-07,2.45811E+00
-8.3320E-07,2.45811E+00
-8.3280E-07,2.45811E+00
-8.3240E-07,2.45811E+00
-8.3200E-07,2.44346E+00
-8.3160E-07,2.43857E+00
-8.3120E-07,2.45811E+00
-8.3080E-07,2.45811E+00
-8.3040E-07,2.43857E+00
-8.3000E-07,2.44834E+00
-8.2960E-07,2.45811E+00
-8.2920E-07,2.43857E+00
-8.2880E-07,2.43857E+00
-8.2840E-07,2.44346E+00
-8.2800E-07,2.44834E+00
-8.2760E-07,2.43857E+00
-8.2720E-07,2.45322E+00
-8.2680E-07,2.45322E+00
-8.2640E-07,2.45811E+00
-8.2600E-07,2.44346E+00
-8.2560E-07,2.45322E+00
-8.2520E-07,2.44346E+00
-8.2480E-07,2.44346E+00
-8.2440E-07,2.43857E+00
-8.2400E-07,2.45322E+00
-8.2360E-07,2.45322E+00
-8.2320E-07,2.45322E+00
-8.2280E-07,2.45322E+00
-8.2240E-07,2.44834E+00
-8.2200E-07,2.45322E+00
-8.2160E-07,2.46787E+00
-8.2120E-07,2.45322E+00
-8.2080E-07,2.44834E+00
-8.2040E-07,2.44834E+00
-8.2000E-07,2.45811E+00
-8.1960E-07,2.45811E+00
-8.1920E-07,2.45322E+00
-8.1880E-07,2.44834E+00
-8.1840E-07,2.45811E+00
-8.1800E-07,2.45322E+00
-8.1760E-07,2.46299E+00
-8.1720E-07,2.46299E+00
-8.1680E-07,2.47275E+00
-8.1640E-07,2.44346E+00
-8.1600E-07,2.42881E+00
-8.1560E-07,2.43857E+00
-8.1520E-07,2.45322E+00
-8.1480E-07,2.44346E+00
-8.1440E-07,2.43857E+00
-8.1400E-07,2.45811E+00
-8.1360E-07,2.45811E+00
-8.1320E-07,2.44346E+00
-8.1280E-07,2.45322E+00
-8.1240E-07,2.43857E+00
-8.1200E-07,2.45322E+00
-8.1160E-07,2.45322E+00
-8.1120E-07,2.44346E+00
-8.1080E-07,2.45811E+00
-8.1040E-07,2.43857E+00
-8.1000E-07,2.44834E+00
-8.0960E-07,2.46787E+00
-8.0920E-07,2.43857E+00
-8.0880E-07,2.45811E+00
-8.0840E-07,2.46787E+00
-8.0800E-07,2.45322E+00
-8.0760E-07,2.43857E+00
-8.0720E-07,2.44346E+00
-8.0680E-07,2.45811E+00
-8.0640E-07,2.44346E+00
-8.0600E-07,2.45811E+00
-8.0560E-07,2.44346E+00
-8.0520E-07,2.43857E+00
-8.0480E-07,2.45322E+00
-8.0440E-07,2.44834E+00
-8.0400E-07,2.43369E+00
-8.0360E-07,2.43857E+00
-8.0320E-07,2.45322E+00
-8.0280E-07,2.43857E+00
-8.0240E-07,2.45811E+00
-8.0200E-07,2.45322E+00
-8.0160E-07,2.43857E+00
-8.0120E-07,2.46299E+00
-8.0080E-07,2.45322E+00
-8.0040E-07,2.45322E+00
-8.0000E-07,2.43857E+00
-7.9960E-07,2.43369E+00
-7.9920E-07,2.44834E+00
-7.9880E-07,2.44346E+00
-7.9840E-07,2.45811E+00
-7.9800E-07,2.45811E+00
-7.9760E-07,2.43369E+00
-7.9720E-07,2.42881E+00
-7.9680E-07,2.44834E+00
-7.9640E-07,2.44346E+00
-7.9600E-07,2.43857E+00
-7.9560E-07,2.44834E+00
-7.9520E-07,2.45322E+00
-7.9480E-07,2.46299E+00
-7.9440E-07,2.44346E+00
-7.9400E-07,2.46299E+00
-7.9360E-07,2.45322E+00
-7.9320E-07,2.43857E+00
-7.9280E-07,2.44834E+00
-7.9240E-07,2.44346E+00
-7.9200E-07,2.45811E+00
-7.9160E-07,2.45322E+00
-7.9120E-07,2.45811E+00
-7.9080E-07,2.44834E+00
-7.9040E-07,2.45811E+00
-7.9000E-07,2.45322E+00
-7.8960E-07,2.46299E+00
-7.8920E-07,2.44834E+00
-7.8880E-07,2.43857E+00
-7.8840E-07,2.45322E+00
-7.8800E-07,2.45811E+00
-7.8760E-07,2.46299E+00
-7.8720E-07,2.43857E+00
-7.8680E-07,2.44346E+00
-7.8640E-07,2.43369E+00
-7.8600E-07,2.45811E+00
-7.8560E-07,2.45322E+00
-7.8520E-07,2.45322E+00
-7.8480E-07,2.44834E+00
-7.8440E-07,2.43857E+00
-7.8400E-07,2.43857E+00
-7.8360E-07,2.45322E+00
-7.8320E-07,2.45811E+00
-7.8280E-07,2.44834E+00
-7.8240E-07,2.42881E+00
-7.8200E-07,2.45322E+00
-7.8160E-07,2.44834E+00
-7.8120E-07,2.43857E+00
-7.8080E-07,2.44834E+00
-7.8040E-07,2.44834E+00
-7.8000E-07,2.46299E+00
-7.7960E-07,2.43857E+00
-7.7920E-07,2.44834E+00
-7.7880E-07,2.44834E+00
-7.7840E-07,2.42881E+00
-7.7800E-07,2.43369E+00
-7.7760E-07,2.42881E+00
-7.7720E-07,2.42393E+00
-7.7680E-07,2.43369E+00
-7.7640E-07,2.46299E+00
-7.7600E-07,2.45322E+00
-7.7560E-07,2.43857E+00
-7.7520E-07,2.45811E+00
-7.7480E-07,2.44346E+00
-7.7440E-07,2.45322E+00
-7.7400E-07,2.44346E+00
-7.7360E-07,2.44346E+00
-7.7320E-07,2.44834E+00
-7.7280E-07,2.45811E+00
-7.7240E-07,2.44346E+00
-7.7200E-07,2.45322E+00
-7.7160E-07,2.45811E+00
-7.7120E-07,2.45322E+00
-7.7080E-07,2.44834E+00
-7.7040E-07,2.46299E+00
-7.7000E-07,2.44346E+00
-7.6960E-07,2.45322E+00
-7.6920E-07,2.45811E+00
-7.6880E-07,2.44346E+00
-7.6840E-07,2.45322E+00
-7.6800E-07,2.44346E+00
-7.6760E-07,2.45811E+00
-7.6720E-07,2.45811E+00
-7.6680E-07,2.45322E+00
-7.6640E-07,2.44834E+00
-7.6600E-07,2.43857E+00
-7.6560E-07,2.43857E+00
-7.6520E-07,2.45322E+00
-7.6480E-07,2.43857E+00
-7.6440E-07,2.44834E+00
-7.6400E-07,2.44834E+00
-7.6360E-07,2.44834E+00
-7.6320E-07,2.43857E+00
-7.6280E-07,2.45811E+00
-7.6240E-07,2.45322E+00
-7.6200E-07,2.45322E+00
-7.6160E-07,2.44834E+00
-7.6120E-07,2.43857E+00
-7.6080E-07,2.42881E+00
-7.6040E-07,2.44346E+00
-7.6000E-07,2.44834E+00
-7.5960E-07,2.45322E+00
-7.5920E-07,2.44834E+00
-7.5880E-07,2.43857E+00
-7.5840E-07,2.45322E+00
-7.5800E-07,2.46299E+00
-7.5760E-07,2.45811E+00
-7.5720E-07,2.44346E+00
-7.5680E-07,2.43857E+00
-7.5640E-07,2.45322E+00
-7.5600E-07,2.43857E+00
-7.5560E-07,2.44346E+00
-7.5520E-07,2.45811E+00
-7.5480E-07,2.45811E+00
-7.5440E-07,2.45811E+00
-7.5400E-07,2.43857E+00
-7.5360E-07,2.46787E+00
-7.5320E-07,2.46299E+00
-7.5280E-07,2.44834E+00
-7.5240E-07,2.43857E+00
-7.5200E-07,2.44834E+00
-7.5160E-07,2.47275E+00
-7.5120E-07,2.44834E+00
-7.5080E-07,2.44346E+00
-7.5040E-07,2.44834E+00
-7.5000E-07,2.44834E+00
-7.4960E-07,2.44346E+00
-7.4920E-07,2.44834E+00
-7.4880E-07,2.44346E+00
-7.4840E-07,2.46299E+00
-7.4800E-07,2.45322E+00
-7.4760E-07,2.44834E+00
-7.4720E-07,2.46787E+00
-7.4680E-07,2.43369E+00
-7.4640E-07,2.44834E+00
-7.4600E-07,2.44346E+00
-7.4560E-07,2.44834E+00
-7.4520E-07,2.44834E+00
-7.4480E-07,2.44834E+00
-7.4440E-07,2.44346E+00
-7.4400E-07,2.43857E+00
-7.4360E-07,2.45322E+00
-7.4320E-07,2.45322E+00
-7.4280E-07,2.45811E+00
-7.4240E-07,2.45811E+00
-7.4200E-07,2.43857E+00
-7.4160E-07,2.45811E+00
-7.4120E-07,2.45811E+00
-7.4080E-07,2.44834E+00
-7.4040E-07,2.44346E+00
-7.4000E-07,2.46299E+00
-7.3960E-07,2.44346E+00
-7.3920E-07,2.46299E+00
-7.3880E-07,2.44834E+00
-7.3840E-07,2.43369E+00
-7.3800E-07,2.44834E+00
-7.3760E-07,2.44346E+00
-7.3720E-07,2.45322E+00
-7.3680E-07,2.44834E+00
-7.3640E-07,2.45322E+00
-7.3600E-07,2.44346E+00
-7.3560E-07,2.46299E+00
-7.3520E-07,2.44346E+00
-7.3480E-07,2.44834E+00
-7.3440E-07,2.43369E+00
-7.3400E-07,2.46787E+00
-7.3360E-07,2.44834E+00
-7.3320E-07,2.43369E+00
-7.3280E-07,2.44834E+00
-7.3240E-07,2.43857E+00
-7.3200E-07,2.44346E+00
-7.3160E-07,2.45322E+00
-7.3120E-07,2.45322E+00
-7.3080E-07,2.44346E+00
-7.3040E-07,2.43857E+00
-7.3000E-07,2.45322E+00
-7.2960E-07,2.44346E+00
-7.2920E-07,2.43857E+00
-7.2880E-07,2.44346E+00
-7.2840E-07,2.44346E+00
-7.2800E-07,2.42881E+00
-7.2760E-07,2.43857E+00
-7.2720E-07,2.44346E+00
-7.2680E-07,2.46299E+00
-7.2640E-07,2.45811E+00
-7.2600E-07,2.43857E+00
-7.2560E-07,2.45322E+00
-7.2520E-07,2.45322E+00
-7.2480E-07,2.45322E+00
-7.2440E-07,2.44346E+00
-7.2400E-07,2.43857E+00
-7.2360E-07,2.45811E+00
-7.2320E-07,2.44834E+00
-7.2280E-07,2.45811E+00
-7.2240E-07,2.44346E+00
-7.2200E-07,2.44346E+00
-7.2160E-07,2.44346E+00
-7.2120E-07,2.44834E+00
-7.2080E-07,2.44346E+00
-7.2040E-07,2.44346E+00
-7.2000E-07,2.45322E+00
-7.1960E-07,2.43857E+00
-7.1920E-07,2.46787E+00
-7.1880E-07,2.45322E+00
-7.1840E-07,2.43857E+00
-7.1800E-07,2.43857E+00
-7.1760E-07,2.45322E+00
-7.1720E-07,2.45811E+00
-7.1680E-07,2.42393E+00
-7.1640E-07,2.44346E+00
-7.1600E-07,2.43857E+00
-7.1560E-07,2.42881E+00
-7.1520E-07,2.43369E+00
-7.1480E-07,2.45811E+00
-7.1440E-07,2.43369E+00
-7.1400E-07,2.44346E+00
-7.1360E-07,2.43857E+00
-7.1320E-07,2.44834E+00
-7.1280E-07,2.44834E+00
-7.1240E-07,2.43857E+00
-7.1200E-07,2.43857E+00
-7.1160E-07,2.44834E+00
-7.1120E-07,2.44834E+00
-7.1080E-07,2.44834E+00
-7.1040E-07,2.43857E+00
-7.1000E-07,2.44346E+00
-7.0960E-07,2.44346E+00
-7.0920E-07,2.43857E+00
-7.0880E-07,2.44834E+00
-7.0840E-07,2.45811E+00
-7.0800E-07,2.44346E+00
-7.0760E-07,2.43369E+00
-7.0720E-07,2.46299E+00
-7.0680E-07,2.43857E+00
-7.0640E-07,2.45811E+00
-7.0600E-07,2.43857E+00
-7.0560E-07,2.45322E+00
-7.0520E-07,2.42881E+00
-7.0480E-07,2.43857E+00
-7.0440E-07,2.44346E+00
-7.0400E-07,2.44346E+00
-7.0360E-07,2.44346E+00
-7.0320E-07,2.43857E+00
-7.0280E-07,2.44834E+00
-7.0240E-07,2.44834E+00
-7.0200E-07,2.45322E+00
-7.0160E-07,2.43857E+00
-7.0120E-07,2.44834E+00
-7.0080E-07,2.45811E+00
-7.0040E-07,2.43857E+00
-7.0000E-07,2.43857E+00
-6.9960E-07,2.44346E+00
-6.9920E-07,2.44346E+00
-6.9880E-07,2.43857E+00
-6.9840E-07,2.43857E+00
-6.9800E-07,2.46299E+00
-6.9760E-07,2.44346E+00
-6.9720E-07,2.44834E+00
-6.9680E-07,2.43857E+00
-6.9640E-07,2.42881E+00
-6.9600E-07,2.45322E+00
-6.9560E-07,2.44346E+00
-6.9520E-07,2.43369E+00
-6.9480E-07,2.43369E+00
-6.9440E-07,2.43857E+00
-6.9400E-07,2.43369E+00
-6.9360E-07,2.45811E+00
-6.9320E-07,2.43857E+00
-6.9280E-07,2.43857E+00
-6.9240E-07,2.44346E+00
-6.9200E-07,2.44834E+00
-6.9160E-07,2.44834E+00
-6.9120E-07,2.43857E+00
-6.9080E-07,2.43857E+00
-6.9040E-07,2.44834E+00
-6.9000E-07,2.44346E+00
-6.8960E-07,2.44834E+00
-6.8920E-07,2.43857E+00
-6.8880E-07,2.43857E+00
-6.8840E-07,2.43369E+00
-6.8800E-07,2.44834E+00
-6.8760E-07,2.43857E+00
-6.8720E-07,2.42881E+00
-6.8680E-07,2.45322E+00
-6.8640E-07,2.43857E+00
-6.8600E-07,2.42881E+00
-6.8560E-07,2.43857E+00
-6.8520E-07,2.44834E+00
-6.8480E-07,2.45322E+00
-6.8440E-07,2.45322E+00
-6.8400E-07,2.43369E+00
-6.8360E-07,2.42881E+00
-6.8320E-07,2.44346E+00
-6.8280E-07,2.45322E+00
-6.8240E-07,2.43857E+00
-6.8200E-07,2.42881E+00
-6.8160E-07,2.44834E+00
-6.8120E-07,2.44346E+00
-6.8080E-07,2.45322E+00
-6.8040E-07,2.43369E+00
-6.8000E-07,2.44834E+00
-6.7960E-07,2.43369E+00
-6.7920E-07,2.43857E+00
-6.7880E-07,2.45811E+00
-6.7840E-07,2.45322E+00
-6.7800E-07,2.42881E+00
-6.7760E-07,2.44834E+00
-6.7720E-07,2.43369E+00
-6.7680E-07,2.44834E+00
-6.7640E-07,2.44346E+00
-6.7600E-07,2.44346E+00
-6.7560E-07,2.44346E+00
-6.7520E-07,2.45322E+00
-6.7480E-07,2.46299E+00
-6.7440E-07,2.45322E+00
-6.7400E-07,2.44834E+00
-6.7360E-07,2.42881E+00
-6.7320E-07,2.45811E+00
-6.7280E-07,2.45322E+00
-6.7240E-07,2.45322E+00
-6.7200E-07,2.45322E+00
-6.7160E-07,2.45322E+00
-6.7120E-07,2.43857E+00
-6.7080E-07,2.44346E+00
-6.7040E-07,2.44346E+00
-6.7000E-07,2.42881E+00
-6.6960E-07,2.43369E+00
-6.6920E-07,2.45322E+00
-6.6880E-07,2.43857E+00
-6.6840E-07,2.44834E+00
-6.6800E-07,2.44834E+00
-6.6760E-07,2.42393E+00
-6.6720E-07,2.43369E+00
-6.6680E-07,2.43369E+00
-6.6640E-07,2.43857E+00
-6.6600E-07,2.43369E+00
-6.6560E-07,2.42881E+00
-6.6520E-07,2.43857E+00
-6.6480E-07,2.42393E+00
-6.6440E-07,2.45322E+00
-6.6400E-07,2.45322E+00
-6.6360E-07,2.43369E+00
-6.6320E-07,2.45322E+00
-6.6280E-07,2.44834E+00
-6.6240E-07,2.43857E+00
-6.6200E-07,2.44346E+00
-6.6160E-07,2.43857E+00
-6.6120E-07,2.43369E+00
-6.6080E-07,2.42393E+00
-6.6040E-07,2.43857E+00
-6.6000E-07,2.43857E+00
-6.5960E-07,2.44346E+00
-6.5920E-07,2.45322E+00
-6.5880E-07,2.44346E+00
-6.5840E-07,2.43369E+00
-6.5800E-07,2.42393E+00
-6.5760E-07,2.42393E+00
-6.5720E-07,2.44834E+00
-6.5680E-07,2.43857E+00
-6.5640E-07,2.45322E+00
-6.5600E-07,2.43857E+00
-6.5560E-07,2.44834E+00
-6.5520E-07,2.46299E+00
-6.5480E-07,2.45322E+00
-6.5440E-07,2.43857E+00
-6.5400E-07,2.43857E+00
-6.5360E-07,2.44834E+00
-6.5320E-07,2.44834E+00
-6.5280E-07,2.45322E+00
-6.5240E-07,2.44834E+00
-6.5200E-07,2.44346E+00
-6.5160E-07,2.43857E+00
-6.5120E-07,2.43857E+00
-6.5080E-07,2.43369E+00
-6.5040E-07,2.45811E+00
-6.5000E-07,2.42881E+00
-6.4960E-07,2.43369E+00
-6.4920E-07,2.43857E+00
-6.4880E-07,2.43857E+00
-6.4840E-07,2.44346E+00
-6.4800E-07,2.43369E+00
-6.4760E-07,2.44346E+00
-6.4720E-07,2.43369E+00
-6.4680E-07,2.45322E+00
-6.4640E-07,2.44834E+00
-6.4600E-07,2.44834E+00
-6.4560E-07,2.43369E+00
-6.4520E-07,2.43857E+00
-6.4480E-07,2.42881E+00
-6.4440E-07,2.43857E+00
-6.4400E-07,2.43857E+00
-6.4360E-07,2.45322E+00
-6.4320E-07,2.44834E+00
-6.4280E-07,2.44346E+00
-6.4240E-07,2.44834E+00
-6.4200E-07,2.45322E+00
-6.4160E-07,2.43857E+00
-6.4120E-07,2.44834E+00
-6.4080E-07,2.45322E+00
-6.4040E-07,2.44834E+00
-6.4000E-07,2.45811E+00
-6.3960E-07,2.46299E+00
-6.3920E-07,2.45811E+00
-6.3880E-07,2.43857E+00
-6.3840E-07,2.44346E+00
-6.3800E-07,2.45322E+00
-6.3760E-07,2.44834E+00
-6.3720E-07,2.44346E+00
-6.3680E-07,2.43369E+00
-6.3640E-07,2.43369E+00
-6.3600E-07,2.46787E+00
-6.3560E-07,2.45322E+00
-6.3520E-07,2.43857E+00
-6.3480E-07,2.44346E+00
-6.3440E-07,2.44834E+00
-6.3400E-07,2.45322E+00
-6.3360E-07,2.44834E+00
-6.3320E-07,2.44346E+00
-6.3280E-07,2.44834E+00
-6.3240E-07,2.43857E+00
-6.3200E-07,2.43857E+00
-6.3160E-07,2.43857E+00
-6.3120E-07,2.45322E+00
-6.3080E-07,2.45811E+00
-6.3040E-07,2.45811E+00
-6.3000E-07,2.44834E+00
-6.2960E-07,2.45322E+00
-6.2920E-07,2.45322E+00
-6.2880E-07,2.43857E+00
-6.2840E-07,2.43857E+00
-6.2800E-07,2.42881E+00
-6.2760E-07,2.43857E+00
-6.2720E-07,2.45322E+00
-6.2680E-07,2.45811E+00
-6.2640E-07,2.44346E+00
-6.2600E-07,2.43857E+00
-6.2560E-07,2.45322E+00
-6.2520E-07,2.45322E+00
-6.2480E-07,2.46299E+00
-6.2440E-07,2.44346E+00
-6.2400E-07,2.45322E+00
-6.2360E-07,2.43857E+00
-6.2320E-07,2.42881E+00
-6.2280E-07,2.45322E+00
-6.2240E-07,2.44834E+00
-6.2200E-07,2.44346E+00
-6.2160E-07,2.43857E+00
-6.2120E-07,2.43857E+00
-6.2080E-07,2.43369E+00
-6.2040E-07,2.43369E+00
-6.2000E-07,2.45811E+00
-6.1960E-07,2.44834E+00
-6.1920E-07,2.46787E+00
-6.1880E-07,2.44834E+00
-6.1840E-07,2.44834E+00
-6.1800E-07,2.44834E+00
-6.1760E-07,2.44346E+00
-6.1720E-07,2.43369E+00
-6.1680E-07,2.44834E+00
-6.1640E-07,2.44834E+00
-6.1600E-07,2.45322E+00
-6.1560E-07,2.44834E+00
-6.1520E-07,2.43857E+00
-6.1480E-07,2.43369E+00
-6.1440E-07,2.45322E+00
-6.1400E-07,2.43857E+00
-6.1360E-07,2.41904E+00
-6.1320E-07,2.43369E+00
-6.1280E-07,2.44346E+00
-6.1240E-07,2.45322E+00
-6.1200E-07,2.44834E+00
-6.1160E-07,2.45322E+00
-6.1120E-07,2.44834E+00
-6.1080E-07,2.44346E+00
-6.1040E-07,2.45322E+00
-6.1000E-07,2.45811E+00
-6.0960E-07,2.44834E+00
-6.0920E-07,2.45322E+00
-6.0880E-07,2.45322E+00
-6.0840E-07,2.44346E+00
-6.0800E-07,2.44346E+00
-6.0760E-07,2.42881E+00
-6.0720E-07,2.45811E+00
-6.0680E-07,2.44346E+00
-6.0640E-07,2.43857E+00
-6.0600E-07,2.43857E+00
-6.0560E-07,2.42881E+00
-6.0520E-07,2.42881E+00
-6.0480E-07,2.43369E+00
-6.0440E-07,2.43857E+00
-6.0400E-07,2.45322E+00
-6.0360E-07,2.44346E+00
-6.0320E-07,2.44834E+00
-6.0280E-07,2.43369E+00
-6.0240E-07,2.44834E+00
-6.0200E-07,2.44346E+00
-6.0160E-07,2.44346E+00
-6.0120E-07,2.44346E+00
-6.0080E-07,2.43857E+00
-6.0040E-07,2.45322E+00
-6.0000E-07,2.44834E+00
-5.9960E-07,2.43369E+00
-5.9920E-07,2.44346E+00
-5.9880E-07,2.44346E+00
-5.9840E-07,2.44834E+00
-5.9800E-07,2.44346E+00
-5.9760E-07,2.43857E+00
-5.9720E-07,2.43857E+00
-5.9680E-07,2.44346E+00
-5.9640E-07,2.45811E+00
-5.9600E-07,2.45811E+00
-5.9560E-07,2.44346E+00
-5.9520E-07,2.45322E+00
-5.9480E-07,2.45322E+00
-5.9440E-07,2.46299E+00
-5.9400E-07,2.43857E+00
-5.9360E-07,2.43369E+00
-5.9320E-07,2.45322E+00
-5.9280E-07,2.43369E+00
-5.9240E-07,2.42881E+00
-5.9200E-07,2.42881E+00
-5.9160E-07,2.42393E+00
-5.9120E-07,2.43857E+00
-5.9080E-07,2.44346E+00
-5.9040E-07,2.45322E+00
-5.9000E-07,2.44834E+00
-5.8960E-07,2.43857E+00
-5.8920E-07,2.45322E+00
-5.8880E-07,2.44834E+00
-5.8840E-07,2.44834E+00
-5.8800E-07,2.43857E+00
-5.8760E-07,2.44834E+00
-5.8720E-07,2.45322E+00
-5.8680E-07,2.42881E+00
-5.8640E-07,2.45322E+00
-5.8600E-07,2.44346E+00
-5.8560E-07,2.44834E+00
-5.8520E-07,2.44346E+00
-5.8480E-07,2.44346E+00
-5.8440E-07,2.46299E+00
-5.8400E-07,2.43857E+00
-5.8360E-07,2.43369E+00
-5.8320E-07,2.43857E+00
-5.8280E-07,2.44834E+00
-5.8240E-07,2.44834E+00
-5.8200E-07,2.44834E+00
-5.8160E-07,2.44346E+00
-5.8120E-07,2.44346E+00
-5.8080E-07,2.43857E+00
-5.8040E-07,2.44834E+00
-5.8000E-07,2.45811E+00
-5.7960E-07,2.44834E+00
-5.7920E-07,2.44834E+00
-5.7880E-07,2.43857E+00
-5.7840E-07,2.43857E+00
-5.7800E-07,2.44834E+00
-5.7760E-07,2.45811E+00
-5.7720E-07,2.43857E+00
-5.7680E-07,2.42881E+00
-5.7640E-07,2.44834E+00
-5.7600E-07,2.43857E+00
-5.7560E-07,2.44346E+00
-5.7520E-07,2.44346E+00
-5.7480E-07,2.43857E+00
-5.7440E-07,2.45322E+00
-5.7400E-07,2.43857E+00
-5.7360E-07,2.46299E+00
-5.7320E-07,2.43857E+00
-5.7280E-07,2.44346E+00
-5.7240E-07,2.43857E+00
-5.7200E-07,2.44834E+00
-5.7160E-07,2.43857E+00
-5.7120E-07,2.44346E+00
-5.7080E-07,2.43857E+00
-5.7040E-07,2.41904E+00
-5.7000E-07,2.43857E+00
-5.6960E-07,2.43857E+00
-5.6920E-07,2.43857E+00
-5.6880E-07,2.43369E+00
-5.6840E-07,2.43857E+00
-5.6800E-07,2.45811E+00
-5.6760E-07,2.43857E+00
-5.6720E-07,2.44834E+00
-5.6680E-07,2.44346E+00
-5.6640E-07,2.44834E+00
-5.6600E-07,2.43369E+00
-5.6560E-07,2.44346E+00
-5.6520E-07,2.45811E+00
-5.6480E-07,2.45322E+00
-5.6440E-07,2.44834E+00
-5.6400E-07,2.45811E+00
-5.6360E-07,2.44346E+00
-5.6320E-07,2.43369E+00
-5.6280E-07,2.42881E+00
-5.6240E-07,2.43857E+00
-5.6200E-07,2.44346E+00
-5.6160E-07,2.44346E+00
-5.6120E-07,2.43369E+00
-5.6080E-07,2.43369E+00
-5.6040E-07,2.44346E+00
-5.6000E-07,2.44346E+00
-5.5960E-07,2.44346E+00
-5.5920E-07,2.43857E+00
-5.5880E-07,2.44346E+00
-5.5840E-07,2.42881E+00
-5.5800E-07,2.43369E+00
-5.5760E-07,2.44346E+00
-5.5720E-07,2.43857E+00
-5.5680E-07,2.43857E+00
-5.5640E-07,2.44834E+00
-5.5600E-07,2.42881E+00
-5.5560E-07,2.44346E+00
-5.5520E-07,2.45322E+00
-5.5480E-07,2.43857E+00
-5.5440E-07,2.45322E+00
-5.5400E-07,2.45811E+00
-5.5360E-07,2.44834E+00
-5.5320E-07,2.42393E+00
-5.5280E-07,2.42393E+00
-5.5240E-07,2.44346E+00
-5.5200E-07,2.45811E+00
-5.5160E-07,2.45322E+00
-5.5120E-07,2.43369E+00
-5.5080E-07,2.44346E+00
-5.5040E-07,2.45811E+00
-5.5000E-07,2.43857E+00
-5.4960E-07,2.44346E+00
-5.4920E-07,2.45322E+00
-5.4880E-07,2.45322E+00
-5.4840E-07,2.43857E+00
-5.4800E-07,2.42393E+00
-5.4760E-07,2.43857E+00
-5.4720E-07,2.44834E+00
-5.4680E-07,2.42393E+00
-5.4640E-07,2.45322E+00
-5.4600E-07,2.46299E+00
-5.4560E-07,2.45322E+00
-5.4520E-07,2.44834E+00
-5.4480E-07,2.45322E+00
-5.4440E-07,2.44346E+00
-5.4400E-07,2.44834E+00
-5.4360E-07,2.44834E+00
-5.4320E-07,2.43857E+00
-5.4280E-07,2.44834E+00
-5.4240E-07,2.45322E+00
-5.4200E-07,2.44346E+00
-5.4160E-07,2.44346E+00
-5.4120E-07,2.43857E+00
-5.4080E-07,2.43369E+00
-5.4040E-07,2.44346E+00
-5.4000E-07,2.45811E+00
-5.3960E-07,2.44346E+00
-5.3920E-07,2.45811E+00
-5.3880E-07,2.44346E+00
-5.3840E-07,2.45811E+00
-5.3800E-07,2.45322E+00
-5.3760E-07,2.43857E+00
-5.3720E-07,2.44834E+00
-5.3680E-07,2.42393E+00
-5.3640E-07,2.44346E+00
-5.3600E-07,2.43857E+00
-5.3560E-07,2.44346E+00
-5.3520E-07,2.43857E+00
-5.3480E-07,2.45322E+00
-5.3440E-07,2.43369E+00
-5.3400E-07,2.44834E+00
-5.3360E-07,2.46787E+00
-5.3320E-07,2.44834E+00
-5.3280E-07,2.44834E+00
-5.3240E-07,2.44346E+00
-5.3200E-07,2.42881E+00
-5.3160E-07,2.44346E+00
-5.3120E-07,2.43857E+00
-5.3080E-07,2.44834E+00
-5.3040E-07,2.43857E+00
-5.3000E-07,2.43369E+00
-5.2960E-07,2.44346E+00
-5.2920E-07,2.44346E+00
-5.2880E-07,2.44834E+00
-5.2840E-07,2.43369E+00
-5.2800E-07,2.44346E+00
-5.2760E-07,2.44346E+00
-5.2720E-07,2.44834E+00
-5.2680E-07,2.43857E+00
-5.2640E-07,2.43857E+00
-5.2600E-07,2.43369E+00
-5.2560E-07,2.43857E+00
-5.2520E-07,2.43857E+00
-5.2480E-07,2.44834E+00
-5.2440E-07,2.43857E+00
-5.2400E-07,2.45322E+00
-5.2360E-07,2.45322E+00
-5.2320E-07,2.45322E+00
-5.2280E-07,2.45811E+00
-5.2240E-07,2.44346E+00
-5.2200E-07,2.45322E+00
-5.2160E-07,2.45322E+00
-5.2120E-07,2.43857E+00
-5.2080E-07,2.44346E+00
-5.2040E-07,2.44834E+00
-5.2000E-07,2.43857E+00
-5.1960E-07,2.43857E+00
-5.1920E-07,2.44346E+00
-5.1880E-07,2.42881E+00
-5.1840E-07,2.43857E+00
-5.1800E-07,2.42881E+00
-5.1760E-07,2.42393E+00
-5.1720E-07,2.38975E+00
-5.1680E-07,2.32627E+00
-5.1640E-07,2.25303E+00
-5.1600E-07,2.13584E+00
-5.1560E-07,2.03818E+00
-5.1520E-07,1.91611E+00
-5.1480E-07,1.78916E+00
-5.1440E-07,1.67686E+00
-5.1400E-07,1.58896E+00
-5.1360E-07,1.49131E+00
-5.1320E-07,1.40830E+00
-5.1280E-07,1.35947E+00
-5.1240E-07,1.30088E+00
-5.1200E-07,1.23740E+00
-5.1160E-07,1.21299E+00
-5.1120E-07,1.18857E+00
-5.1080E-07,1.14951E+00
-5.1040E-07,1.15439E+00
-5.1000E-07,1.15928E+00
-5.0960E-07,1.14463E+00
-5.0920E-07,1.13486E+00
-5.0880E-07,1.12998E+00
-5.0840E-07,1.11533E+00
-5.0800E-07,1.10557E+00
-5.0760E-07,1.08604E+00
-5.0720E-07,1.04697E+00
-5.0680E-07,1.03721E+00
-5.0640E-07,1.01768E+00
-5.0600E-07,9.88379E-01
-5.0560E-07,9.73730E-01
-5.0520E-07,9.49316E-01
-5.0480E-07,9.15137E-01
-5.0440E-07,8.80957E-01
-5.0400E-07,8.61426E-01
-5.0360E-07,8.32129E-01
-5.0320E-07,8.27246E-01
-5.0280E-07,8.37012E-01
-5.0240E-07,8.07715E-01
-5.0200E-07,8.02832E-01
-5.0160E-07,7.93066E-01
-5.0120E-07,8.02832E-01
-5.0080E-07,7.63770E-01
-5.0040E-07,7.68652E-01
-5.0000E-07,7.39355E-01
-4.9960E-07,7.34473E-01
-4.9920E-07,7.19824E-01
-4.9880E-07,7.05176E-01
-4.9840E-07,6.85645E-01
-4.9800E-07,6.51465E-01
-4.9760E-07,6.36816E-01
-4.9720E-07,6.31934E-01
-4.9680E-07,6.17285E-01
-4.9640E-07,6.17285E-01
-4.9600E-07,5.83105E-01
-4.9560E-07,5.87988E-01
-4.9520E-07,5.53809E-01
-4.9480E-07,5.53809E-01
-4.9440E-07,5.39160E-01
-4.9400E-07,5.39160E-01
-4.9360E-07,5.39160E-01
-4.9320E-07,5.24512E-01
-4.9280E-07,5.14746E-01
-4.9240E-07,4.95215E-01
-4.9200E-07,5.04980E-01
-4.9160E-07,4.90332E-01
-4.9120E-07,4.65918E-01
-4.9080E-07,4.85449E-01
-4.9040E-07,4.70801E-01
-4.9000E-07,4.41504E-01
-4.8960E-07,4.46387E-01
-4.8920E-07,4.41504E-01
-4.8880E-07,4.31738E-01
-4.8840E-07,4.12207E-01
-4.8800E-07,4.12207E-01
-4.8760E-07,4.02441E-01
-4.8720E-07,3.97559E-01
-4.8680E-07,3.82910E-01
-4.8640E-07,3.92676E-01
-4.8600E-07,3.78027E-01
-4.8560E-07,3.78027E-01
-4.8520E-07,3.58496E-01
-4.8480E-07,3.58496E-01
-4.8440E-07,3.48730E-01
-4.8400E-07,3.29199E-01
-4.8360E-07,3.24316E-01
-4.8320E-07,3.43848E-01
-4.8280E-07,3.29199E-01
-4.8240E-07,3.04785E-01
-4.8200E-07,3.04785E-01
-4.8160E-07,3.04785E-01
-4.8120E-07,2.99902E-01
-4.8080E-07,2.90137E-01
-4.8040E-07,2.99902E-01
-4.8000E-07,2.90137E-01
-4.7960E-07,2.75488E-01
-4.7920E-07,2.90137E-01
-4.7880E-07,2.75488E-01
-4.7840E-07,2.70605E-01
-4.7800E-07,2.60840E-01
-4.7760E-07,2.60840E-01
-4.7720E-07,2.51074E-01
-4.7680E-07,2.55957E-01
-4.7640E-07,2.41309E-01
-4.7600E-07,2.46191E-01
-4.7560E-07,2.46191E-01
-4.7520E-07,2.51074E-01
-4.7480E-07,2.36426E-01
-4.7440E-07,2.26660E-01
-4.7400E-07,2.26660E-01
-4.7360E-07,2.26660E-01
-4.7320E-07,2.26660E-01
-4.7280E-07,2.02246E-01
-4.7240E-07,1.92480E-01
-4.7200E-07,1.92480E-01
-4.7160E-07,1.97363E-01
-4.7120E-07,2.07129E-01
-4.7080E-07,2.02246E-01
-4.7040E-07,1.77832E-01
-4.7000E-07,1.82715E-01
-4.6960E-07,1.82715E-01
-4.6920E-07,1.68066E-01
-4.6880E-07,1.82715E-01
-4.6840E-07,1.77832E-01
-4.6800E-07,1.77832E-01
-4.6760E-07,1.53418E-01
-4.6720E-07,1.53418E-01
-4.6680E-07,1.53418E-01
-4.6640E-07,1.53418E-01
-4.6600E-07,1.48535E-01
-4.6560E-07,1.58301E-01
-4.6520E-07,1.43652E-01
-4.6480E-07,1.33887E-01
-4.6440E-07,1.29004E-01
-4.6400E-07,1.48535E-01
-4.6360E-07,1.53418E-01
-4.6320E-07,1.29004E-01
-4.6280E-07,1.24121E-01
-4.6240E-07,1.29004E-01
-4.6200E-07,1.33887E-01
-4.6160E-07,1.38770E-01
-4.6120E-07,1.29004E-01
-4.6080E-07,1.14355E-01
-4.6040E-07,1.09473E-01
-4.6000E-07,1.24121E-01
-4.5960E-07,9.97070E-02
-4.5920E-07,9.48242E-02
-4.5880E-07,1.09473E-01
-4.5840E-07,1.09473E-01
-4.5800E-07,9.48242E-02
-4.5760E-07,8.99414E-02
-4.5720E-07,9.48242E-02
-4.5680E-07,8.01758E-02
-4.5640E-07,7.52930E-02
-4.5600E-07,9.48242E-02
-4.5560E-07,9.48242E-02
-4.5520E-07,9.97070E-02
-4.5480E-07,1.04590E-01
-4.5440E-07,1.04590E-01
-4.5400E-07,9.48242E-02
-4.5360E-07,9.48242E-02
-4.5320E-07,8.50586E-02
-4.5280E-07,9.48242E-02
-4.5240E-07,8.99414E-02
-4.5200E-07,8.01758E-02
-4.5160E-07,6.55273E-02
-4.5120E-07,9.48242E-02
-4.5080E-07,6.55273E-02
-4.5040E-07,6.55273E-02
-4.5000E-07,5.57617E-02
-4.4960E-07,7.52930E-02
-4.4920E-07,6.06445E-02
-4.4880E-07,8.01758E-02
-4.4840E-07,7.04102E-02
-4.4800E-07,6.55273E-02
-4.4760E-07,7.04102E-02
-4.4720E-07,8.01758E-02
-4.4680E-07,7.52930E-02
-4.4640E-07,6.06445E-02
-4.4600E-07,7.04102E-02
-4.4560E-07,6.55273E-02
-4.4520E-07,7.52930E-02
-4.4480E-07,7.52930E-02
-4.4440E-07,7.52930E-02
-4.4400E-07,4.11133E-02
-4.4360E-07,6.06445E-02
-4.4320E-07,7.04102E-02
-4.4280E-07,7.04102E-02
-4.4240E-07,5.08789E-02
-4.4200E-07,6.06445E-02
-4.4160E-07,6.06445E-02
-4.4120E-07,5.08789E-02
-4.4080E-07,4.59961E-02
-4.4040E-07,4.59961E-02
-4.4000E-07,4.11133E-02
-4.3960E-07,4.11133E-02
-4.3920E-07,5.08789E-02
-4.3880E-07,5.08789E-02
-4.3840E-07,4.11133E-02
-4.3800E-07,3.62305E-02
-4.3760E-07,3.13477E-02
-4.3720E-07,3.62305E-02
-4.3680E-07,4.11133E-02
-4.3640E-07,4.11133E-02
-4.3600E-07,4.59961E-02
-4.3560E-07,4.59961E-02
-4.3520E-07,3.13477E-02
-4.3480E-07,2.64648E-02
-4.3440E-07,4.11133E-02
-4.3400E-07,3.62305E-02
-4.3360E-07,3.62305E-02
-4.3320E-07,4.11133E-02
-4.3280E-07,5.57617E-02
-4.3240E-07,4.11133E-02
-4.3200E-07,3.62305E-02
-4.3160E-07,2.64648E-02
-4.3120E-07,4.59961E-02
-4.3080E-07,3.62305E-02
-4.3040E-07,4.11133E-02
-4.3000E-07,3.13477E-02
-4.2960E-07,2.15820E-02
-4.2920E-07,3.62305E-02
-4.2880E-07,2.64648E-02
-4.2840E-07,4.11133E-02
-4.2800E-07,1.66992E-02
-4.2760E-07,1.66992E-02
-4.2720E-07,3.13477E-02
-4.2680E-07,3.62305E-02
-4.2640E-07,2.64648E-02
-4.2600E-07,2.15820E-02
-4.2560E-07,1.18164E-02
-4.2520E-07,3.62305E-02
-4.2480E-07,3.13477E-02
-4.2440E-07,2.15820E-02
-4.2400E-07,3.13477E-02
-4.2360E-07,3.13477E-02
-4.2320E-07,3.13477E-02
-4.2280E-07,1.66992E-02
-4.2240E-07,2.64648E-02
-4.2200E-07,2.64648E-02
-4.2160E-07,3.13477E-02
-4.2120E-07,1.66992E-02
-4.2080E-07,3.62305E-02
-4.2040E-07,3.62305E-02
-4.2000E-07,1.18164E-02
-4.1960E-07,3.13477E-02
-4.1920E-07,1.66992E-02
-4.1880E-07,1.66992E-02
-4.1840E-07,3.13477E-02
-4.1800E-07,2.05078E-03
-4.1760E-07,6.93359E-03
-4.1720E-07,2.15820E-02
-4.1680E-07,2.64648E-02
-4.1640E-07,1.18164E-02
-4.1600E-07,2.64648E-02
-4.1560E-07,2.15820E-02
-4.1520E-07,3.62305E-02
-4.1480E-07,2.15820E-02
-4.1440E-07,1.66992E-02
-4.1400E-07,2.64648E-02
-4.1360E-07,1.66992E-02
-4.1320E-07,2.15820E-02
-4.1280E-07,6.93359E-03
-4.1240E-07,-7.71484E-03
-4.1200E-07,1.66992E-02
-4.1160E-07,1.18164E-02
-4.1120E-07,6.93359E-03
-4.1080E-07,2.15820E-02
-4.1040E-07,1.18164E-02
-4.1000E-07,2.15820E-02
-4.0960E-07,2.64648E-02
-4.0920E-07,1.66992E-02
-4.0880E-07,2.15820E-02
-4.0840E-07,1.66992E-02
-4.0800E-07,2.64648E-02
-4.0760E-07,1.18164E-02
-4.0720E-07,1.66992E-02
-4.0680E-07,2.05078E-03
-4.0640E-07,3.13477E-02
-4.0600E-07,4.11133E-02
-4.0560E-07,6.93359E-03
-4.0520E-07,6.93359E-03
-4.0480E-07,2.64648E-02
-4.0440E-07,1.66992E-02
-4.0400E-07,2.64648E-02
-4.0360E-07,2.05078E-03
-4.0320E-07,1.66992E-02
-4.0280E-07,2.15820E-02
-4.0240E-07,2.15820E-02
-4.0200E-07,1.66992E-02
-4.0160E-07,2.05078E-03
-4.0120E-07,-2.83203E-03
-4.0080E-07,2.15820E-02
-4.0040E-07,2.15820E-02
-4.0000E-07,3.13477E-02
-3.9960E-07,6.93359E-03
-3.9920E-07,2.05078E-03
-3.9880E-07,1.66992E-02
-3.9840E-07,2.15820E-02
-3.9800E-07,-2.83203E-03
-3.9760E-07,1.66992E-02
-3.9720E-07,2.64648E-02
-3.9680E-07,1.66992E-02
-3.9640E-07,2.05078E-03
-3.9600E-07,1.66992E-02
-3.9560E-07,1.66992E-02
-3.9520E-07,1.18164E-02
-3.9480E-07,1.18164E-02
-3.9440E-07,-7.71484E-03
-3.9400E-07,2.05078E-03
-3.9360E-07,2.05078E-03
-3.9320E-07,6.93359E-03
-3.9280E-07,1.66992E-02
-3.9240E-07,6.93359E-03
-3.9200E-07,2.15820E-02
-3.9160E-07,2.15820E-02
-3.9120E-07,2.15820E-02
-3.9080E-07,6.93359E-03
-3.9040E-07,1.66992E-02
-3.9000E-07,6.93359E-03
-3.8960E-07,1.66992E-02
-3.8920E-07,2.05078E-03
-3.8880E-07,1.66992E-02
-3.8840E-07,-2.83203E-03
-3.8800E-07,2.05078E-03
-3.8760E-07,6.93359E-03
-3.8720E-07,6.93359E-03
-3.8680E-07,1.66992E-02
-3.8640E-07,6.93359E-03
-3.8600E-07,1.66992E-02
-3.8560E-07,2.05078E-03
-3.8520E-07,1.18164E-02
-3.8480E-07,1.18164E-02
-3.8440E-07,1.18164E-02
-3.8400E-07,-2.83203E-03
-3.8360E-07,1.66992E-02
-3.8320E-07,-2.83203E-03
-3.8280E-07,2.05078E-03
-3.8240E-07,2.05078E-03
-3.8200E-07,1.66992E-02
-3.8160E-07,1.66992E-02
-3.8120E-07,6.93359E-03
-3.8080E-07,2.05078E-03
-3.8040E-07,6.93359E-03
-3.8000E-07,6.93359E-03
-3.7960E-07,-2.83203E-03
-3.7920E-07,6.93359E-03
-3.7880E-07,2.05078E-03
-3.7840E-07,1.66992E-02
-3.7800E-07,6.93359E-03
-3.7760E-07,2.15820E-02
-3.7720E-07,1.18164E-02
-3.7680E-07,1.18164E-02
-3.7640E-07,1.66992E-02
-3.7600E-07,2.05078E-03
-3.7560E-07,-2.83203E-03
-3.7520E-07,1.66992E-02
-3.7480E-07,2.05078E-03
-3.7440E-07,2.05078E-03
-3.7400E-07,2.05078E-03
-3.7360E-07,-2.83203E-03
-3.7320E-07,1.66992E-02
-3.7280E-07,1.66992E-02
-3.7240E-07,2.05078E-03
-3.7200E-07,1.66992E-02
-3.7160E-07,2.05078E-03
-3.7120E-07,6.93359E-03
-3.7080E-07,6.93359E-03
-3.7040E-07,2.15820E-02
-3.7000E-07,1.66992E-02
-3.6960E-07,1.66992E-02
-3.6920E-07,6.93359E-03
-3.6880E-07,1.66992E-02
-3.6840E-07,6.93359E-03
-3.6800E-07,2.15820E-02
-3.6760E-07,1.66992E-02
-3.6720E-07,1.18164E-02
-3.6680E-07,2.05078E-03
-3.6640E-07,2.05078E-03
-3.6600E-07,2.05078E-03
-3.6560E-07,1.66992E-02
-3.6520E-07,2.05078E-03
-3.6480E-07,1.18164E-02
-3.6440E-07,6.93359E-03
-3.6400E-07,-2.83203E-03
-3.6360E-07,1.66992E-02
-3.6320E-07,1.66992E-02
-3.6280E-07,2.05078E-03
-3.6240E-07,-2.83203E-03
-3.6200E-07,6.93359E-03
-3.6160E-07,2.05078E-03
-3.6120E-07,2.05078E-03
-3.6080E-07,2.05078E-03
-3.6040E-07,6.93359E-03
-3.6000E-07,6.93359E-03
-3.5960E-07,-7.71484E-03
-3.5920E-07,-2.83203E-03
-3.5880E-07,-2.83203E-03
-3.5840E-07,6.93359E-03
-3.5800E-07,2.05078E-03
-3.5760E-07,2.05078E-03
-3.5720E-07,-7.71484E-03
-3.5680E-07,1.18164E-02
-3.5640E-07,6.93359E-03
-3.5600E-07,1.66992E-02
-3.5560E-07,6.93359E-03
-3.5520E-07,2.15820E-02
-3.5480E-07,6.93359E-03
-3.5440E-07,1.18164E-02
-3.5400E-07,2.15820E-02
-3.5360E-07,2.05078E-03
-3.5320E-07,6.93359E-03
-3.5280E-07,2.05078E-03
-3.5240E-07,2.05078E-03
-3.5200E-07,6.93359E-03
-3.5160E-07,1.66992E-02
-3.5120E-07,-2.83203E-03
-3.5080E-07,6.93359E-03
-3.5040E-07,1.18164E-02
-3.5000E-07,2.64648E-02
-3.4960E-07,6.93359E-03
-3.4920E-07,2.05078E-03
-3.4880E-07,6.93359E-03
-3.4840E-07,2.05078E-03
-3.4800E-07,2.05078E-03
-3.4760E-07,1.66992E-02
-3.4720E-07,1.66992E-02
-3.4680E-07,2.05078E-03
-3.4640E-07,-2.83203E-03
-3.4600E-07,2.05078E-03
-3.4560E-07,-2.83203E-03
-3.4520E-07,1.18164E-02
-3.4480E-07,-2.83203E-03
-3.4440E-07,-2.83203E-03
-3.4400E-07,2.64648E-02
-3.4360E-07,1.66992E-02
-3.4320E-07,6.93359E-03
-3.4280E-07,1.18164E-02
-3.4240E-07,2.05078E-03
-3.4200E-07,2.05078E-03
-3.4160E-07,-2.83203E-03
-3.4120E-07,2.05078E-03
-3.4080E-07,-2.83203E-03
-3.4040E-07,6.93359E-03
-3.4000E-07,2.05078E-03
-3.3960E-07,2.15820E-02
-3.3920E-07,1.18164E-02
-3.3880E-07,1.66992E-02
-3.3840E-07,6.93359E-03
-3.3800E-07,2.15820E-02
-3.3760E-07,6.93359E-03
-3.3720E-07,-2.83203E-03
-3.3680E-07,1.18164E-02
-3.3640E-07,6.93359E-03
-3.3600E-07,2.05078E-03
-3.3560E-07,2.15820E-02
-3.3520E-07,-2.83203E-03
-3.3480E-07,1.66992E-02
-3.3440E-07,1.18164E-02
-3.3400E-07,1.18164E-02
-3.3360E-07,-7.71484E-03
-3.3320E-07,-7.71484E-03
-3.3280E-07,6.93359E-03
-3.3240E-07,-1.25977E-02
-3.3200E-07,2.15820E-02
-3.3160E-07,1.18164E-02
-3.3120E-07,1.66992E-02
-3.3080E-07,2.05078E-03
-3.3040E-07,-7.71484E-03
-3.3000E-07,1.18164E-02
-3.2960E-07,-2.83203E-03
-3.2920E-07,-1.25977E-02
-3.2880E-07,-2.83203E-03
-3.2840E-07,2.05078E-03
-3.2800E-07,-7.71484E-03
-3.2760E-07,-7.71484E-03
-3.2720E-07,1.66992E-02
-3.2680E-07,2.05078E-03
-3.2640E-07,6.93359E-03
-3.2600E-07,2.05078E-03
-3.2560E-07,-1.74805E-02
-3.2520E-07,6.93359E-03
-3.2480E-07,1.66992E-02
-3.2440E-07,2.05078E-03
-3.2400E-07,-1.25977E-02
-3.2360E-07,6.93359E-03
-3.2320E-07,6.93359E-03
-3.2280E-07,1.66992E-02
-3.2240E-07,1.66992E-02
-3.2200E-07,1.66992E-02
-3.2160E-07,2.05078E-03
-3.2120E-07,1.18164E-02
-3.2080E-07,1.18164E-02
-3.2040E-07,2.05078E-03
-3.2000E-07,2.15820E-02
-3.1960E-07,1.18164E-02
-3.1920E-07,2.05078E-03
-3.1880E-07,-2.83203E-03
-3.1840E-07,1.18164E-02
-3.1800E-07,1.66992E-02
-3.1760E-07,6.93359E-03
-3.1720E-07,1.18164E-02
-3.1680E-07,6.93359E-03
-3.1640E-07,1.66992E-02
-3.1600E-07,1.66992E-02
-3.1560E-07,1.66992E-02
-3.1520E-07,6.93359E-03
-3.1480E-07,2.15820E-02
-3.1440E-07,2.05078E-03
-3.1400E-07,2.05078E-03
-3.1360E-07,6.93359E-03
-3.1320E-07,1.66992E-02
-3.1280E-07,6.93359E-03
-3.1240E-07,6.93359E-03
-3.1200E-07,3.13477E-02
-3.1160E-07,1.66992E-02
-3.1120E-07,1.66992E-02
-3.1080E-07,2.15820E-02
-3.1040E-07,1.66992E-02
-3.1000E-07,2.05078E-03
-3.0960E-07,1.66992E-02
-3.0920E-07,-7.71484E-03
-3.0880E-07,1.18164E-02
-3.0840E-07,1.18164E-02
-3.0800E-07,1.18164E-02
-3.0760E-07,2.64648E-02
-3.0720E-07,2.15820E-02
-3.0680E-07,2.05078E-03
-3.0640E-07,2.15820E-02
-3.0600E-07,1.18164E-02
-3.0560E-07,2.05078E-03
-3.0520E-07,6.93359E-03
-3.0480E-07,-2.83203E-03
-3.0440E-07,2.05078E-03
-3.0400E-07,1.18164E-02
-3.0360E-07,2.05078E-03
-3.0320E-07,2.05078E-03
-3.0280E-07,2.05078E-03
-3.0240E-07,2.15820E-02
-3.0200E-07,1.66992E-02
-3.0160E-07,2.05078E-03
-3.0120E-07,-2.83203E-03
-3.0080E-07,2.15820E-02
-3.0040E-07,1.18164E-02
-3.0000E-07,2.15820E-02
-2.9960E-07,1.66992E-02
-2.9920E-07,1.66992E-02
-2.9880E-07,2.05078E-03
-2.9840E-07,2.05078E-03
-2.9800E-07,2.15820E-02
-2.9760E-07,2.05078E-03
-2.9720E-07,6.93359E-03
-2.9680E-07,3.13477E-02
-2.9640E-07,2.05078E-03
-2.9600E-07,1.18164E-02
-2.9560E-07,2.05078E-03
-2.9520E-07,6.93359E-03
-2.9480E-07,2.15820E-02
-2.9440E-07,1.66992E-02
-2.9400E-07,1.66992E-02
-2.9360E-07,2.05078E-03
-2.9320E-07,1.18164E-02
-2.9280E-07,-1.25977E-02
-2.9240E-07,2.05078E-03
-2.9200E-07,-2.83203E-03
-2.9160E-07,1.18164E-02
-2.9120E-07,2.05078E-03
-2.9080E-07,1.18164E-02
-2.9040E-07,1.18164E-02
-2.9000E-07,-2.83203E-03
-2.8960E-07,1.18164E-02
-2.8920E-07,2.05078E-03
-2.8880E-07,2.05078E-03
-2.8840E-07,6.93359E-03
-2.8800E-07,1.66992E-02
-2.8760E-07,2.05078E-03
-2.8720E-07,2.15820E-02
-2.8680E-07,1.66992E-02
-2.8640E-07,1.66992E-02
-2.8600E-07,1.66992E-02
-2.8560E-07,1.18164E-02
-2.8520E-07,1.18164E-02
-2.8480E-07,2.05078E-03
-2.8440E-07,6.93359E-03
-2.8400E-07,2.05078E-03
-2.8360E-07,6.93359E-03
-2.8320E-07,2.05078E-03
-2.8280E-07,6.93359E-03
-2.8240E-07,-2.83203E-03
-2.8200E-07,1.18164E-02
-2.8160E-07,2.05078E-03
-2.8120E-07,6.93359E-03
-2.8080E-07,2.15820E-02
-2.8040E-07,6.93359E-03
-2.8000E-07,-7.71484E-03
-2.7960E-07,-2.83203E-03
-2.7920E-07,2.05078E-03
-2.7880E-07,-2.83203E-03
-2.7840E-07,-2.83203E-03
-2.7800E-07,-2.83203E-03
-2.7760E-07,6.93359E-03
-2.7720E-07,6.93359E-03
-2.7680E-07,-7.71484E-03
-2.7640E-07,-2.83203E-03
-2.7600E-07,6.93359E-03
-2.7560E-07,1.18164E-02
-2.7520E-07,2.05078E-03
-2.7480E-07,-7.71484E-03
-2.7440E-07,2.05078E-03
-2.7400E-07,1.66992E-02
-2.7360E-07,-7.71484E-03
-2.7320E-07,2.05078E-03
-2.7280E-07,2.05078E-03
-2.7240E-07,1.66992E-02
-2.7200E-07,1.18164E-02
-2.7160E-07,2.05078E-03
-2.7120E-07,1.66992E-02
-2.7080E-07,2.15820E-02
-2.7040E-07,1.18164E-02
-2.7000E-07,2.05078E-03
-2.6960E-07,-2.83203E-03
-2.6920E-07,1.66992E-02
-2.6880E-07,1.18164E-02
-2.6840E-07,1.66992E-02
-2.6800E-07,2.05078E-03
-2.6760E-07,-1.25977E-02
-2.6720E-07,2.05078E-03
-2.6680E-07,6.93359E-03
-2.6640E-07,1.18164E-02
-2.6600E-07,2.05078E-03
-2.6560E-07,2.05078E-03
-2.6520E-07,2.05078E-03
-2.6480E-07,1.66992E-02
-2.6440E-07,1.18164E-02
-2.6400E-07,2.15820E-02
-2.6360E-07,1.18164E-02
-2.6320E-07,1.66992E-02
-2.6280E-07,2.15820E-02
-2.6240E-07,-1.25977E-02
-2.6200E-07,-7.71484E-03
-2.6160E-07,2.64648E-02
-2.6120E-07,2.05078E-03
-2.6080E-07,-7.71484E-03
-2.6040E-07,2.05078E-03
-2.6000E-07,1.18164E-02
-2.5960E-07,1.66992E-02
-2.5920E-07,1.66992E-02
-2.5880E-07,2.05078E-03
-2.5840E-07,1.66992E-02
-2.5800E-07,1.66992E-02
-2.5760E-07,2.15820E-02
-2.5720E-07,6.93359E-03
-2.5680E-07,2.05078E-03
-2.5640E-07,-2.83203E-03
-2.5600E-07,-7.71484E-03
-2.5560E-07,6.93359E-03
-2.5520E-07,6.93359E-03
-2.5480E-07,3.13477E-02
-2.5440E-07,1.18164E-02
-2.5400E-07,1.18164E-02
-2.5360E-07,2.05078E-03
-2.5320E-07,1.66992E-02
-2.5280E-07,1.66992E-02
-2.5240E-07,2.05078E-03
-2.5200E-07,2.05078E-03
-2.5160E-07,1.18164E-02
-2.5120E-07,2.64648E-02
-2.5080E-07,1.66992E-02
-2.5040E-07,2.05078E-03
-2.5000E-07,2.15820E-02
-2.4960E-07,1.18164E-02
-2.4920E-07,1.18164E-02
-2.4880E-07,1.18164E-02
-2.4840E-07,1.66992E-02
-2.4800E-07,1.66992E-02
-2.4760E-07,1.18164E-02
-2.4720E-07,2.05078E-03
-2.4680E-07,1.66992E-02
-2.4640E-07,2.05078E-03
-2.4600E-07,2.05078E-03
-2.4560E-07,1.18164E-02
-2.4520E-07,6.93359E-03
-2.4480E-07,-2.83203E-03
-2.4440E-07,6.93359E-03
-2.4400E-07,2.05078E-03
-2.4360E-07,-2.83203E-03
-2.4320E-07,1.66992E-02
-2.4280E-07,6.93359E-03
-2.4240E-07,2.05078E-03
-2.4200E-07,1.66992E-02
-2.4160E-07,3.13477E-02
-2.4120E-07,2.05078E-03
-2.4080E-07,1.18164E-02
-2.4040E-07,3.13477E-02
-2.4000E-07,2.05078E-03
-2.3960E-07,-2.83203E-03
-2.3920E-07,6.93359E-03
-2.3880E-07,1.66992E-02
-2.3840E-07,2.15820E-02
-2.3800E-07,-7.71484E-03
-2.3760E-07,6.93359E-03
-2.3720E-07,6.93359E-03
-2.3680E-07,2.15820E-02
-2.3640E-07,1.18164E-02
-2.3600E-07,2.05078E-03
-2.3560E-07,2.05078E-03
-2.3520E-07,1.18164E-02
-2.3480E-07,6.93359E-03
-2.3440E-07,1.66992E-02
-2.3400E-07,2.15820E-02
-2.3360E-07,2.05078E-03
-2.3320E-07,6.93359E-03
-2.3280E-07,2.64648E-02
-2.3240E-07,2.15820E-02
-2.3200E-07,2.15820E-02
-2.3160E-07,2.15820E-02
-2.3120E-07,1.18164E-02
-2.3080E-07,6.93359E-03
-2.3040E-07,2.15820E-02
-2.3000E-07,6.93359E-03
-2.2960E-07,6.93359E-03
-2.2920E-07,1.18164E-02
-2.2880E-07,-2.83203E-03
-2.2840E-07,2.05078E-03
-2.2800E-07,1.66992E-02
-2.2760E-07,2.15820E-02
-2.2720E-07,1.18164E-02
-2.2680E-07,2.15820E-02
-2.2640E-07,2.15820E-02
-2.2600E-07,1.18164E-02
-2.2560E-07,6.93359E-03
-2.2520E-07,1.66992E-02
-2.2480E-07,2.05078E-03
-2.2440E-07,6.93359E-03
-2.2400E-07,1.18164E-02
-2.2360E-07,1.66992E-02
-2.2320E-07,2.64648E-02
-2.2280E-07,2.05078E-03
-2.2240E-07,-7.71484E-03
-2.2200E-07,1.66992E-02
-2.2160E-07,1.66992E-02
-2.2120E-07,-7.71484E-03
-2.2080E-07,-7.71484E-03
-2.2040E-07,2.15820E-02
-2.2000E-07,2.05078E-03
-2.1960E-07,1.66992E-02
-2.1920E-07,6.93359E-03
-2.1880E-07,2.05078E-03
-2.1840E-07,-2.83203E-03
-2.1800E-07,2.05078E-03
-2.1760E-07,1.66992E-02
-2.1720E-07,1.18164E-02
-2.1680E-07,2.15820E-02
-2.1640E-07,2.15820E-02
-2.1600E-07,1.18164E-02
-2.1560E-07,1.66992E-02
-2.1520E-07,2.15820E-02
-2.1480E-07,2.64648E-02
-2.1440E-07,2.15820E-02
-2.1400E-07,6.93359E-03
-2.1360E-07,2.05078E-03
-2.1320E-07,2.05078E-03
-2.1280E-07,1.18164E-02
-2.1240E-07,-7.71484E-03
-2.1200E-07,1.66992E-02
-2.1160E-07,6.93359E-03
-2.1120E-07,1.66992E-02
-2.1080E-07,1.66992E-02
-2.1040E-07,1.66992E-02
-2.1000E-07,2.05078E-03
-2.0960E-07,2.05078E-03
-2.0920E-07,-7.71484E-03
-2.0880E-07,6.93359E-03
-2.0840E-07,1.18164E-02
-2.0800E-07,2.15820E-02
-2.0760E-07,1.18164E-02
-2.0720E-07,2.15820E-02
-2.0680E-07,2.05078E-03
-2.0640E-07,-7.71484E-03
-2.0600E-07,2.05078E-03
-2.0560E-07,1.18164E-02
-2.0520E-07,1.18164E-02
-2.0480E-07,6.93359E-03
-2.0440E-07,2.05078E-03
-2.0400E-07,6.93359E-03
-2.0360E-07,6.93359E-03
-2.0320E-07,1.18164E-02
-2.0280E-07,6.93359E-03
-2.0240E-07,6.93359E-03
-2.0200E-07,2.05078E-03
-2.0160E-07,6.93359E-03
-2.0120E-07,2.05078E-03
-2.0080E-07,2.15820E-02
-2.0040E-07,1.18164E-02
-2.0000E-07,1.18164E-02
-1.9960E-07,2.64648E-02
-1.9920E-07,-2.83203E-03
-1.9880E-07,1.66992E-02
-1.9840E-07,1.66992E-02
-1.9800E-07,2.05078E-03
-1.9760E-07,6.93359E-03
-1.9720E-07,2.05078E-03
-1.9680E-07,2.15820E-02
-1.9640E-07,6.93359E-03
-1.9600E-07,1.66992E-02
-1.9560E-07,2.05078E-03
-1.9520E-07,6.93359E-03
-1.9480E-07,3.13477E-02
-1.9440E-07,2.15820E-02
-1.9400E-07,1.18164E-02
-1.9360E-07,-7.71484E-03
-1.9320E-07,-7.71484E-03
-1.9280E-07,6.93359E-03
-1.9240E-07,2.15820E-02
-1.9200E-07,1.66992E-02
-1.9160E-07,6.93359E-03
-1.9120E-07,2.05078E-03
-1.9080E-07,-7.71484E-03
-1.9040E-07,6.93359E-03
-1.9000E-07,1.66992E-02
-1.8960E-07,1.66992E-02
-1.8920E-07,2.05078E-03
-1.8880E-07,6.93359E-03
-1.8840E-07,1.66992E-02
-1.8800E-07,2.15820E-02
-1.8760E-07,6.93359E-03
-1.8720E-07,6.93359E-03
-1.8680E-07,2.05078E-03
-1.8640E-07,1.18164E-02
-1.8600E-07,1.18164E-02
-1.8560E-07,1.66992E-02
-1.8520E-07,6.93359E-03
-1.8480E-07,1.66992E-02
-1.8440E-07,-1.25977E-02
-1.8400E-07,1.66992E-02
-1.8360E-07,2.05078E-03
-1.8320E-07,-7.71484E-03
-1.8280E-07,-7.71484E-03
-1.8240E-07,2.05078E-03
-1.8200E-07,-7.71484E-03
-1.8160E-07,1.18164E-02
-1.8120E-07,2.15820E-02
-1.8080E-07,2.15820E-02
-1.8040E-07,1.66992E-02
-1.8000E-07,1.66992E-02
-1.7960E-07,6.93359E-03
-1.7920E-07,2.64648E-02
-1.7880E-07,6.93359E-03
-1.7840E-07,6.93359E-03
-1.7800E-07,-2.83203E-03
-1.7760E-07,2.05078E-03
-1.7720E-07,6.93359E-03
-1.7680E-07,1.18164E-02
-1.7640E-07,2.64648E-02
-1.7600E-07,2.05078E-03
-1.7560E-07,6.93359E-03
-1.7520E-07,6.93359E-03
-1.7480E-07,2.05078E-03
-1.7440E-07,6.93359E-03
-1.7400E-07,-7.71484E-03
-1.7360E-07,1.18164E-02
-1.7320E-07,6.93359E-03
-1.7280E-07,1.18164E-02
-1.7240E-07,6.93359E-03
-1.7200E-07,3.62305E-02
-1.7160E-07,1.18164E-02
-1.7120E-07,1.66992E-02
-1.7080E-07,3.13477E-02
-1.7040E-07,-2.83203E-03
-1.7000E-07,6.93359E-03
-1.6960E-07,2.05078E-03
-1.6920E-07,2.15820E-02
-1.6880E-07,1.66992E-02
-1.6840E-07,1.18164E-02
-1.6800E-07,6.93359E-03
-1.6760E-07,1.18164E-02
-1.6720E-07,1.66992E-02
-1.6680E-07,-2.83203E-03
-1.6640E-07,1.18164E-02
-1.6600E-07,2.05078E-03
-1.6560E-07,2.05078E-03
-1.6520E-07,1.66992E-02
-1.6480E-07,6.93359E-03
-1.6440E-07,1.18164E-02
-1.6400E-07,2.05078E-03
-1.6360E-07,2.15820E-02
-1.6320E-07,2.15820E-02
-1.6280E-07,2.05078E-03
-1.6240E-07,1.66992E-02
-1.6200E-07,2.05078E-03
-1.6160E-07,-2.83203E-03
-1.6120E-07,2.05078E-03
-1.6080E-07,2.05078E-03
-1.6040E-07,6.93359E-03
-1.6000E-07,2.15820E-02
-1.5960E-07,6.93359E-03
-1.5920E-07,2.15820E-02
-1.5880E-07,1.66992E-02
-1.5840E-07,1.18164E-02
-1.5800E-07,1.18164E-02
-1.5760E-07,-2.83203E-03
-1.5720E-07,6.93359E-03
-1.5680E-07,2.05078E-03
-1.5640E-07,2.15820E-02
-1.5600E-07,6.93359E-03
-1.5560E-07,1.18164E-02
-1.5520E-07,2.15820E-02
-1.5480E-07,1.66992E-02
-1.5440E-07,6.93359E-03
-1.5400E-07,2.05078E-03
-1.5360E-07,6.93359E-03
-1.5320E-07,1.18164E-02
-1.5280E-07,1.18164E-02
-1.5240E-07,2.05078E-03
-1.5200E-07,6.93359E-03
-1.5160E-07,2.05078E-03
-1.5120E-07,6.93359E-03
-1.5080E-07,2.05078E-03
-1.5040E-07,1.66992E-02
-1.5000E-07,6.93359E-03
-1.4960E-07,2.05078E-03
-1.4920E-07,-2.83203E-03
-1.4880E-07,-2.83203E-03
-1.4840E-07,-7.71484E-03
-1.4800E-07,1.66992E-02
-1.4760E-07,1.18164E-02
-1.4720E-07,2.15820E-02
-1.4680E-07,1.66992E-02
-1.4640E-07,-2.83203E-03
-1.4600E-07,1.18164E-02
-1.4560E-07,1.66992E-02
-1.4520E-07,1.66992E-02
-1.4480E-07,3.62305E-02
-1.4440E-07,2.05078E-03
-1.4400E-07,2.05078E-03
-1.4360E-07,6.93359E-03
-1.4320E-07,1.18164E-02
-1.4280E-07,2.05078E-03
-1.4240E-07,1.66992E-02
-1.4200E-07,6.93359E-03
-1.4160E-07,2.15820E-02
-1.4120E-07,6.93359E-03
-1.4080E-07,2.15820E-02
-1.4040E-07,1.66992E-02
-1.4000E-07,2.15820E-02
-1.3960E-07,-1.25977E-02
-1.3920E-07,-2.83203E-03
-1.3880E-07,6.93359E-03
-1.3840E-07,1.66992E-02
-1.3800E-07,2.64648E-02
-1.3760E-07,2.15820E-02
-1.3720E-07,6.93359E-03
-1.3680E-07,1.66992E-02
-1.3640E-07,-7.71484E-03
-1.3600E-07,2.05078E-03
-1.3560E-07,2.05078E-03
-1.3520E-07,-2.83203E-03
-1.3480E-07,1.18164E-02
-1.3440E-07,2.05078E-03
-1.3400E-07,1.66992E-02
-1.3360E-07,6.93359E-03
-1.3320E-07,1.66992E-02
-1.3280E-07,1.18164E-02
-1.3240E-07,6.93359E-03
-1.3200E-07,2.15820E-02
-1.3160E-07,2.05078E-03
-1.3120E-07,2.05078E-03
-1.3080E-07,1.66992E-02
-1.3040E-07,2.05078E-03
-1.3000E-07,2.05078E-03
-1.2960E-07,1.66992E-02
-1.2920E-07,2.05078E-03
-1.2880E-07,-7.71484E-03
-1.2840E-07,1.18164E-02
-1.2800E-07,1.66992E-02
-1.2760E-07,1.66992E-02
-1.2720E-07,2.15820E-02
-1.2680E-07,2.15820E-02
-1.2640E-07,2.15820E-02
-1.2600E-07,1.66992E-02
-1.2560E-07,1.66992E-02
-1.2520E-07,2.05078E-03
-1.2480E-07,1.18164E-02
-1.2440E-07,6.93359E-03
-1.2400E-07,2.05078E-03
-1.2360E-07,-2.83203E-03
-1.2320E-07,6.93359E-03
-1.2280E-07,2.15820E-02
-1.2240E-07,2.05078E-03
-1.2200E-07,2.05078E-03
-1.2160E-07,2.05078E-03
-1.2120E-07,2.15820E-02
-1.2080E-07,2.05078E-03
-1.2040E-07,1.18164E-02
-1.2000E-07,1.66992E-02
-1.1960E-07,2.05078E-03
-1.1920E-07,2.05078E-03
-1.1880E-07,1.66992E-02
-1.1840E-07,-2.83203E-03
-1.1800E-07,6.93359E-03
-1.1760E-07,-2.83203E-03
-1.1720E-07,6.93359E-03
-1.1680E-07,2.15820E-02
-1.1640E-07,2.05078E-03
-1.1600E-07,6.93359E-03
-1.1560E-07,1.18164E-02
-1.1520E-07,6.93359E-03
-1.1480E-07,1.18164E-02
-1.1440E-07,1.66992E-02
-1.1400E-07,1.18164E-02
-1.1360E-07,6.93359E-03
-1.1320E-07,1.66992E-02
-1.1280E-07,6.93359E-03
-1.1240E-07,1.18164E-02
-1.1200E-07,1.66992E-02
-1.1160E-07,6.93359E-03
-1.1120E-07,1.66992E-02
-1.1080E-07,2.05078E-03
-1.1040E-07,6.93359E-03
-1.1000E-07,-7.71484E-03
-1.0960E-07,2.64648E-02
-1.0920E-07,2.64648E-02
-1.0880E-07,1.66992E-02
-1.0840E-07,2.05078E-03
-1.0800E-07,6.93359E-03
-1.0760E-07,6.93359E-03
-1.0720E-07,2.05078E-03
-1.0680E-07,2.05078E-03
-1.0640E-07,2.05078E-03
-1.0600E-07,6.93359E-03
-1.0560E-07,1.66992E-02
-1.0520E-07,2.15820E-02
-1.0480E-07,2.15820E-02
-1.0440E-07,1.18164E-02
-1.0400E-07,1.18164E-02
-1.0360E-07,1.66992E-02
-1.0320E-07,2.05078E-03
-1.0280E-07,2.64648E-02
-1.0240E-07,2.15820E-02
-1.0200E-07,2.05078E-03
-1.0160E-07,2.15820E-02
-1.0120E-07,1.18164E-02
-1.0080E-07,1.66992E-02
-1.0040E-07,1.66992E-02
-1.0000E-07,2.15820E-02
-9.9600E-08,2.05078E-03
-9.9200E-08,1.18164E-02
-9.8800E-08,1.18164E-02
-9.8400E-08,6.93359E-03
-9.8000E-08,1.18164E-02
-9.7600E-08,1.18164E-02
-9.7200E-08,1.18164E-02
-9.6800E-08,1.66992E-02
-9.6400E-08,2.15820E-02
-9.6000E-08,2.05078E-03
-9.5600E-08,-7.71484E-03
-9.5200E-08,-1.74805E-02
-9.4800E-08,-1.25977E-02
-9.4400E-08,2.05078E-03
-9.4000E-08,1.66992E-02
-9.3600E-08,2.05078E-03
-9.3200E-08,2.05078E-03
-9.2800E-08,-2.83203E-03
-9.2400E-08,6.93359E-03
-9.2000E-08,1.66992E-02
-9.1600E-08,1.66992E-02
-9.1200E-08,2.05078E-03
-9.0800E-08,2.15820E-02
-9.0400E-08,1.66992E-02
-9.0000E-08,2.64648E-02
-8.9600E-08,2.15820E-02
-8.9200E-08,1.66992E-02
-8.8800E-08,2.15820E-02
-8.8400E-08,6.93359E-03
-8.8000E-08,2.05078E-03
-8.7600E-08,2.64648E-02
-8.7200E-08,6.93359E-03
-8.6800E-08,6.93359E-03
-8.6400E-08,1.66992E-02
-8.6000E-08,-1.25977E-02
-8.5600E-08,1.18164E-02
-8.5200E-08,1.66992E-02
-8.4800E-08,1.66992E-02
-8.4400E-08,1.18164E-02
-8.4000E-08,1.66992E-02
-8.3600E-08,2.05078E-03
-8.3200E-08,1.66992E-02
-8.2800E-08,-7.71484E-03
-8.2400E-08,2.05078E-03
-8.2000E-08,1.66992E-02
-8.1600E-08,6.93359E-03
-8.1200E-08,1.18164E-02
-8.0800E-08,-2.83203E-03
-8.0400E-08,6.93359E-03
-8.0000E-08,2.15820E-02
-7.9600E-08,6.93359E-03
-7.9200E-08,2.15820E-02
-7.8800E-08,3.13477E-02
-7.8400E-08,2.05078E-03
-7.8000E-08,2.05078E-03
-7.7600E-08,1.66992E-02
-7.7200E-08,3.13477E-02
-7.6800E-08,1.18164E-02
-7.6400E-08,-2.23633E-02
-7.6000E-08,2.05078E-03
-7.5600E-08,2.15820E-02
-7.5200E-08,2.05078E-03
-7.4800E-08,1.18164E-02
-7.4400E-08,-7.71484E-03
-7.4000E-08,2.05078E-03
-7.3600E-08,2.15820E-02
-7.3200E-08,2.05078E-03
-7.2800E-08,1.66992E-02
-7.2400E-08,6.93359E-03
-7.2000E-08,2.15820E-02
-7.1600E-08,1.18164E-02
-7.1200E-08,6.93359E-03
-7.0800E-08,-7.71484E-03
-7.0400E-08,1.18164E-02
-7.0000E-08,2.15820E-02
-6.9600E-08,6.93359E-03
-6.9200E-08,2.15820E-02
-6.8800E-08,1.66992E-02
-6.8400E-08,1.66992E-02
-6.8000E-08,1.18164E-02
-6.7600E-08,2.05078E-03
-6.7200E-08,2.05078E-03
-6.6800E-08,2.05078E-03
-6.6400E-08,2.15820E-02
-6.6000E-08,6.93359E-03
-6.5600E-08,-7.71484E-03
-6.5200E-08,1.66992E-02
-6.4800E-08,-2.83203E-03
-6.4400E-08,2.15820E-02
-6.4000E-08,2.15820E-02
-6.3600E-08,3.13477E-02
-6.3200E-08,2.15820E-02
-6.2800E-08,1.18164E-02
-6.2400E-08,2.15820E-02
-6.2000E-08,2.05078E-03
-6.1600E-08,2.15820E-02
-6.1200E-08,6.93359E-03
-6.0800E-08,-1.25977E-02
-6.0400E-08,2.05078E-03
-6.0000E-08,1.66992E-02
-5.9600E-08,1.18164E-02
-5.9200E-08,2.15820E-02
-5.8800E-08,2.15820E-02
-5.8400E-08,1.66992E-02
-5.8000E-08,2.15820E-02
-5.7600E-08,3.13477E-02
-5.7200E-08,1.18164E-02
-5.6800E-08,1.18164E-02
-5.6400E-08,6.93359E-03
-5.6000E-08,2.15820E-02
-5.5600E-08,6.93359E-03
-5.5200E-08,1.66992E-02
-5.4800E-08,2.05078E-03
-5.4400E-08,-2.83203E-03
-5.4000E-08,1.66992E-02
-5.3600E-08,1.18164E-02
-5.3200E-08,1.18164E-02
-5.2800E-08,-7.71484E-03
-5.2400E-08,2.05078E-03
-5.2000E-08,2.15820E-02
-5.1600E-08,6.93359E-03
-5.1200E-08,1.66992E-02
-5.0800E-08,6.93359E-03
-5.0400E-08,3.13477E-02
-5.0000E-08,1.18164E-02
-4.9600E-08,1.18164E-02
-4.9200E-08,3.13477E-02
-4.8800E-08,1.66992E-02
-4.8400E-08,-7.71484E-03
-4.8000E-08,2.05078E-03
-4.7600E-08,2.15820E-02
-4.7200E-08,6.93359E-03
-4.6800E-08,2.05078E-03
-4.6400E-08,6.93359E-03
-4.6000E-08,6.93359E-03
-4.5600E-08,1.18164E-02
-4.5200E-08,6.93359E-03
-4.4800E-08,2.64648E-02
-4.4400E-08,2.05078E-03
-4.4000E-08,1.66992E-02
-4.3600E-08,-7.71484E-03
-4.3200E-08,1.66992E-02
-4.2800E-08,2.15820E-02
-4.2400E-08,1.66992E-02
-4.2000E-08,2.15820E-02
-4.1600E-08,1.66992E-02
-4.1200E-08,2.05078E-03
-4.0800E-08,2.15820E-02
-4.0400E-08,2.15820E-02
-4.0000E-08,1.18164E-02
-3.9600E-08,1.18164E-02
-3.9200E-08,2.05078E-03
-3.8800E-08,1.66992E-02
-3.8400E-08,1.18164E-02
-3.8000E-08,1.18164E-02
-3.7600E-08,2.05078E-03
-3.7200E-08,3.13477E-02
-3.6800E-08,6.93359E-03
-3.6400E-08,1.66992E-02
-3.6000E-08,2.05078E-03
-3.5600E-08,2.15820E-02
-3.5200E-08,1.66992E-02
-3.4800E-08,2.15820E-02
-3.4400E-08,1.18164E-02
-3.4000E-08,1.66992E-02
-3.3600E-08,6.93359E-03
-3.3200E-08,6.93359E-03
-3.2800E-08,2.15820E-02
-3.2400E-08,2.64648E-02
-3.2000E-08,2.15820E-02
-3.1600E-08,1.66992E-02
-3.1200E-08,6.93359E-03
-3.0800E-08,2.05078E-03
-3.0400E-08,6.93359E-03
-3.0000E-08,2.15820E-02
-2.9600E-08,1.66992E-02
-2.9200E-08,2.15820E-02
-2.8800E-08,3.13477E-02
-2.8400E-08,1.66992E-02
-2.8000E-08,6.93359E-03
-2.7600E-08,1.66992E-02
-2.7200E-08,6.93359E-03
-2.6800E-08,2.15820E-02
-2.6400E-08,1.18164E-02
-2.6000E-08,2.64648E-02
-2.5600E-08,2.15820E-02
-2.5200E-08,6.93359E-03
-2.4800E-08,2.05078E-03
-2.4400E-08,6.93359E-03
-2.4000E-08,-2.83203E-03
-2.3600E-08,6.93359E-03
-2.3200E-08,1.18164E-02
-2.2800E-08,2.64648E-02
-2.2400E-08,2.15820E-02
-2.2000E-08,2.05078E-03
-2.1600E-08,6.93359E-03
-2.1200E-08,-2.83203E-03
-2.0800E-08,2.15820E-02
-2.0400E-08,1.66992E-02
-2.0000E-08,1.66992E-02
-1.9600E-08,2.05078E-03
-1.9200E-08,2.15820E-02
-1.8800E-08,1.66992E-02
-1.8400E-08,3.62305E-02
-1.8000E-08,5.57617E-02
-1.7600E-08,1.09473E-01
-1.7200E-08,1.68066E-01
-1.6800E-08,2.51074E-01
-1.6400E-08,3.38965E-01
-1.6000E-08,4.46387E-01
-1.5600E-08,5.48926E-01
-1.5200E-08,6.66113E-01
-1.4800E-08,7.78418E-01
-1.4400E-08,8.66309E-01
-1.4000E-08,9.34668E-01
-1.3600E-08,1.02256E+00
-1.3200E-08,1.07627E+00
-1.2800E-08,1.12510E+00
-1.2400E-08,1.18857E+00
-1.2000E-08,1.20811E+00
-1.1600E-08,1.22764E+00
-1.1200E-08,1.24717E+00
-1.0800E-08,1.26182E+00
-1.0400E-08,1.28135E+00
-1.0000E-08,1.29600E+00
-9.6000E-09,1.28135E+00
-9.2000E-09,1.29600E+00
-8.8000E-09,1.31064E+00
-8.4000E-09,1.33506E+00
-8.0000E-09,1.34971E+00
-7.6000E-09,1.34482E+00
-7.2000E-09,1.37900E+00
-6.8000E-09,1.39365E+00
-6.4000E-09,1.43271E+00
-6.0000E-09,1.46689E+00
-5.6000E-09,1.48154E+00
-5.2000E-09,1.49619E+00
-4.8000E-09,1.53037E+00
-4.4000E-09,1.56455E+00
-4.0000E-09,1.55967E+00
-3.6000E-09,1.57920E+00
-3.2000E-09,1.59385E+00
-2.8000E-09,1.59385E+00
-2.4000E-09,1.60361E+00
-2.0000E-09,1.63291E+00
-1.6000E-09,1.63779E+00
-1.2000E-09,1.64268E+00
-8.0000E-10,1.65732E+00
-4.0000E-10,1.67686E+00
1.3000E-22,1.70127E+00
4.0000E-10,1.71592E+00
8.0000E-10,1.73057E+00
1.2000E-09,1.75010E+00
1.6000E-09,1.76963E+00
2.0000E-09,1.77939E+00
2.4000E-09,1.79893E+00
2.8000E-09,1.80381E+00
3.2000E-09,1.81357E+00
3.6000E-09,1.83799E+00
4.0000E-09,1.83311E+00
4.4000E-09,1.84287E+00
4.8000E-09,1.85264E+00
5.2000E-09,1.88682E+00
5.6000E-09,1.90146E+00
6.0000E-09,1.89170E+00
6.4000E-09,1.88193E+00
6.8000E-09,1.90146E+00
7.2000E-09,1.91611E+00
7.6000E-09,1.92100E+00
8.0000E-09,1.93564E+00
8.4000E-09,1.95518E+00
8.8000E-09,1.96006E+00
9.2000E-09,1.95029E+00
9.6000E-09,1.96006E+00
1.0000E-08,1.95518E+00
1.0400E-08,1.98447E+00
1.0800E-08,1.98447E+00
1.1200E-08,1.99424E+00
1.1600E-08,2.00400E+00
1.2000E-08,2.03818E+00
1.2400E-08,2.03330E+00
1.2800E-08,2.02842E+00
1.3200E-08,2.05283E+00
1.3600E-08,2.05771E+00
1.4000E-08,2.07725E+00
1.4400E-08,2.07725E+00
1.4800E-08,2.07236E+00
1.5200E-08,2.09678E+00
1.5600E-08,2.09678E+00
1.6000E-08,2.11631E+00
1.6400E-08,2.10166E+00
1.6800E-08,2.13096E+00
1.7200E-08,2.10654E+00
1.7600E-08,2.11631E+00
1.8000E-08,2.12607E+00
1.8400E-08,2.11631E+00
1.8800E-08,2.13096E+00
1.9200E-08,2.13096E+00
1.9600E-08,2.13096E+00
2.0000E-08,2.15537E+00
2.0400E-08,2.15049E+00
2.0800E-08,2.15049E+00
2.1200E-08,2.16025E+00
2.1600E-08,2.16514E+00
2.2000E-08,2.16025E+00
2.2400E-08,2.17002E+00
2.2800E-08,2.16025E+00
2.3200E-08,2.17979E+00
2.3600E-08,2.19443E+00
2.4000E-08,2.18955E+00
2.4400E-08,2.20908E+00
2.4800E-08,2.20908E+00
2.5200E-08,2.21396E+00
2.5600E-08,2.22373E+00
2.6000E-08,2.22861E+00
2.6400E-08,2.23838E+00
2.6800E-08,2.21885E+00
2.7200E-08,2.22373E+00
2.7600E-08,2.25303E+00
2.8000E-08,2.24326E+00
2.8400E-08,2.23838E+00
2.8800E-08,2.25791E+00
2.9200E-08,2.22861E+00
2.9600E-08,2.24326E+00
3.0000E-08,2.25303E+00
3.0400E-08,2.25303E+00
3.0800E-08,2.25791E+00
3.1200E-08,2.25791E+00
3.1600E-08,2.27256E+00
3.2000E-08,2.27256E+00
3.2400E-08,2.26768E+00
3.2800E-08,2.28721E+00
3.3200E-08,2.28721E+00
3.3600E-08,2.28721E+00
3.4000E-08,2.30674E+00
3.4400E-08,2.27744E+00
3.4800E-08,2.28232E+00
3.5200E-08,2.31162E+00
3.5600E-08,2.29209E+00
3.6000E-08,2.30674E+00
3.6400E-08,2.31650E+00
3.6800E-08,2.31162E+00
3.7200E-08,2.31162E+00
3.7600E-08,2.31650E+00
3.8000E-08,2.32139E+00
3.8400E-08,2.32627E+00
3.8800E-08,2.33115E+00
3.9200E-08,2.33115E+00
3.9600E-08,2.33115E+00
4.0000E-08,2.32627E+00
4.0400E-08,2.34580E+00
4.0800E-08,2.34580E+00
4.1200E-08,2.33604E+00
4.1600E-08,2.34092E+00
4.2000E-08,2.35068E+00
4.2400E-08,2.33115E+00
4.2800E-08,2.33604E+00
4.3200E-08,2.33115E+00
4.3600E-08,2.33115E+00
4.4000E-08,2.35068E+00
4.4400E-08,2.35557E+00
4.4800E-08,2.34580E+00
4.5200E-08,2.37021E+00
4.5600E-08,2.35557E+00
4.6000E-08,2.36533E+00
4.6400E-08,2.37510E+00
4.6800E-08,2.36045E+00
4.7200E-08,2.36045E+00
4.7600E-08,2.36045E+00
4.8000E-08,2.36533E+00
4.8400E-08,2.36533E+00
4.8800E-08,2.37998E+00
4.9200E-08,2.36533E+00
4.9600E-08,2.38486E+00
5.0000E-08,2.38486E+00
5.0400E-08,2.37021E+00
5.0800E-08,2.37998E+00
5.1200E-08,2.37998E+00
5.1600E-08,2.36533E+00
5.2000E-08,2.38486E+00
5.2400E-08,2.37510E+00
5.2800E-08,2.38486E+00
5.3200E-08,2.38486E+00
5.3600E-08,2.36533E+00
5.4000E-08,2.38486E+00
5.4400E-08,2.38486E+00
5.4800E-08,2.39951E+00
5.5200E-08,2.39951E+00
5.5600E-08,2.38975E+00
5.6000E-08,2.38975E+00
5.6400E-08,2.37998E+00
5.6800E-08,2.39951E+00
5.7200E-08,2.40928E+00
5.7600E-08,2.39951E+00
5.8000E-08,2.38486E+00
5.8400E-08,2.41416E+00
5.8800E-08,2.40928E+00
5.9200E-08,2.40439E+00
5.9600E-08,2.37998E+00
6.0000E-08,2.38486E+00
6.0400E-08,2.40928E+00
6.0800E-08,2.40928E+00
6.1200E-08,2.40928E+00
6.1600E-08,2.39951E+00
6.2000E-08,2.39951E+00
6.2400E-08,2.41904E+00
6.2800E-08,2.39951E+00
6.3200E-08,2.40439E+00
6.3600E-08,2.39951E+00
6.4000E-08,2.39463E+00
6.4400E-08,2.40928E+00
6.4800E-08,2.41904E+00
6.5200E-08,2.40928E+00
6.5600E-08,2.40928E+00
6.6000E-08,2.42393E+00
6.6400E-08,2.41416E+00
6.6800E-08,2.40439E+00
6.7200E-08,2.41904E+00
6.7600E-08,2.41416E+00
6.8000E-08,2.42881E+00
6.8400E-08,2.41904E+00
6.8800E-08,2.42393E+00
6.9200E-08,2.41904E+00
6.9600E-08,2.42881E+00
7.0000E-08,2.41416E+00
7.0400E-08,2.41416E+00
7.0800E-08,2.40928E+00
7.1200E-08,2.42393E+00
7.1600E-08,2.42393E+00
7.2000E-08,2.43857E+00
7.2400E-08,2.40928E+00
7.2800E-08,2.41416E+00
7.3200E-08,2.41904E+00
7.3600E-08,2.43857E+00
7.4000E-08,2.40439E+00
7.4400E-08,2.42881E+00
7.4800E-08,2.42881E+00
7.5200E-08,2.42881E+00
7.5600E-08,2.42881E+00
7.6000E-08,2.43369E+00
7.6400E-08,2.41904E+00
7.6800E-08,2.43857E+00
7.7200E-08,2.42393E+00
7.7600E-08,2.42881E+00
7.8000E-08,2.42393E+00
7.8400E-08,2.42393E+00
7.8800E-08,2.42393E+00
7.9200E-08,2.43369E+00
7.9600E-08,2.43857E+00
8.0000E-08,2.42881E+00
8.0400E-08,2.42393E+00
8.0800E-08,2.44346E+00
8.1200E-08,2.44834E+00
8.1600E-08,2.44834E+00
8.2000E-08,2.43369E+00
8.2400E-08,2.44834E+00
8.2800E-08,2.44346E+00
8.3200E-08,2.43857E+00
8.3600E-08,2.43857E+00
8.4000E-08,2.43857E+00
8.4400E-08,2.42881E+00
8.4800E-08,2.42881E+00
8.5200E-08,2.43369E+00
8.5600E-08,2.43369E+00
8.6000E-08,2.43857E+00
8.6400E-08,2.44834E+00
8.6800E-08,2.43857E+00
8.7200E-08,2.44346E+00
8.7600E-08,2.43369E+00
8.8000E-08,2.44834E+00
8.8400E-08,2.43369E+00
8.8800E-08,2.42393E+00
8.9200E-08,2.42393E+00
8.9600E-08,2.43857E+00
9.0000E-08,2.46299E+00
9.0400E-08,2.45322E+00
9.0800E-08,2.42881E+00
9.1200E-08,2.43369E+00
9.1600E-08,2.41904E+00
9.2000E-08,2.42393E+00
9.2400E-08,2.43369E+00
9.2800E-08,2.42881E+00
9.3200E-08,2.42393E+00
9.3600E-08,2.43369E+00
9.4000E-08,2.42881E+00
9.4400E-08,2.42881E+00
9.4800E-08,2.42881E+00
9.5200E-08,2.43369E+00
9.5600E-08,2.44834E+00
9.6000E-08,2.43369E+00
9.6400E-08,2.44346E+00
9.6800E-08,2.43857E+00
9.7200E-08,2.44834E+00
9.7600E-08,2.45322E+00
9.8000E-08,2.45322E+00
9.8400E-08,2.44834E+00
9.8800E-08,2.44346E+00
9.9200E-08,2.42393E+00
9.9600E-08,2.42881E+00
1.0000E-07,2.43857E+00
1.0040E-07,2.42393E+00
1.0080E-07,2.42393E+00
1.0120E-07,2.43857E+00
1.0160E-07,2.42881E+00
1.0200E-07,2.43857E+00
1.0240E-07,2.44346E+00
1.0280E-07,2.43369E+00
1.0320E-07,2.43857E+00
1.0360E-07,2.43857E+00
1.0400E-07,2.45322E+00
1.0440E-07,2.45322E+00
1.0480E-07,2.44346E+00
1.0520E-07,2.45322E+00
1.0560E-07,2.45322E+00
1.0600E-07,2.46299E+00
1.0640E-07,2.44346E+00
1.0680E-07,2.43369E+00
1.0720E-07,2.45322E+00
1.0760E-07,2.45322E+00
1.0800E-07,2.44346E+00
1.0840E-07,2.45322E+00
1.0880E-07,2.45322E+00
1.0920E-07,2.46299E+00
1.0960E-07,2.44834E+00
1.1000E-07,2.44346E+00
1.1040E-07,2.45811E+00
1.1080E-07,2.45322E+00
1.1120E-07,2.45322E+00
1.1160E-07,2.43857E+00
1.1200E-07,2.46787E+00
1.1240E-07,2.44834E+00
1.1280E-07,2.43369E+00
1.1320E-07,2.44834E+00
1.1360E-07,2.44346E+00
1.1400E-07,2.43369E+00
1.1440E-07,2.44346E+00
1.1480E-07,2.44346E+00
1.1520E-07,2.43857E+00
1.1560E-07,2.45811E+00
1.1600E-07,2.45322E+00
1.1640E-07,2.43857E+00
1.1680E-07,2.43857E+00
1.1720E-07,2.46299E+00
1.1760E-07,2.44834E+00
1.1800E-07,2.43369E+00
1.1840E-07,2.45322E+00
1.1880E-07,2.44834E+00
1.1920E-07,2.43857E+00
1.1960E-07,2.43857E+00
1.2000E-07,2.45322E+00
1.2040E-07,2.45322E+00
1.2080E-07,2.44834E+00
1.2120E-07,2.46787E+00
1.2160E-07,2.45322E+00
1.2200E-07,2.43857E+00
1.2240E-07,2.43857E+00
1.2280E-07,2.44834E+00
1.2320E-07,2.44346E+00
1.2360E-07,2.45322E+00
1.2400E-07,2.45811E+00
1.2440E-07,2.45322E+00
1.2480E-07,2.45811E+00
1.2520E-07,2.45322E+00
1.2560E-07,2.44834E+00
1.2600E-07,2.45811E+00
1.2640E-07,2.43857E+00
1.2680E-07,2.44834E+00
1.2720E-07,2.45322E+00
1.2760E-07,2.45322E+00
1.2800E-07,2.46787E+00
1.2840E-07,2.45322E+00
1.2880E-07,2.46299E+00
1.2920E-07,2.43857E+00
1.2960E-07,2.45811E+00
1.3000E-07,2.45322E+00
1.3040E-07,2.44346E+00
1.3080E-07,2.45322E+00
1.3120E-07,2.47275E+00
1.3160E-07,2.45322E+00
1.3200E-07,2.45322E+00
1.3240E-07,2.44346E+00
1.3280E-07,2.43857E+00
1.3320E-07,2.42881E+00
1.3360E-07,2.46299E+00
1.3400E-07,2.46299E+00
1.3440E-07,2.45322E+00
1.3480E-07,2.44346E+00
1.3520E-07,2.45811E+00
1.3560E-07,2.45811E+00
1.3600E-07,2.44346E+00
1.3640E-07,2.45322E+00
1.3680E-07,2.44834E+00
1.3720E-07,2.44346E+00
1.3760E-07,2.46299E+00
1.3800E-07,2.46299E+00
1.3840E-07,2.44834E+00
1.3880E-07,2.43857E+00
1.3920E-07,2.43857E+00
1.3960E-07,2.45322E+00
1.4000E-07,2.44346E+00
1.4040E-07,2.44346E+00
1.4080E-07,2.43857E+00
1.4120E-07,2.44834E+00
1.4160E-07,2.44346E+00
1.4200E-07,2.45322E+00
1.4240E-07,2.45322E+00
1.4280E-07,2.44346E+00
1.4320E-07,2.43857E+00
1.4360E-07,2.43857E+00
1.4400E-07,2.45811E+00
1.4440E-07,2.45322E+00
1.4480E-07,2.44834E+00
1.4520E-07,2.44834E+00
1.4560E-07,2.43857E+00
1.4600E-07,2.45322E+00
1.4640E-07,2.44834E+00
1.4680E-07,2.45322E+00
1.4720E-07,2.44834E+00
1.4760E-07,2.44834E+00
1.4800E-07,2.44346E+00
1.4840E-07,2.45322E+00
1.4880E-07,2.45322E+00
1.4920E-07,2.47275E+00
1.4960E-07,2.45811E+00
1.5000E-07,2.45322E+00
1.5040E-07,2.45322E+00
1.5080E-07,2.43857E+00
1.5120E-07,2.45322E+00
1.5160E-07,2.44834E+00
1.5200E-07,2.44834E+00
1.5240E-07,2.44834E+00
1.5280E-07,2.42881E+00
1.5320E-07,2.44346E+00
1.5360E-07,2.45322E+00
1.5400E-07,2.44346E+00
1.5440E-07,2.45322E+00
1.5480E-07,2.46299E+00
1.5520E-07,2.44346E+00
1.5560E-07,2.45322E+00
1.5600E-07,2.43857E+00
1.5640E-07,2.43857E+00
1.5680E-07,2.44834E+00
1.5720E-07,2.43857E+00
1.5760E-07,2.44346E+00
1.5800E-07,2.44346E+00
1.5840E-07,2.45322E+00
1.5880E-07,2.45322E+00
1.5920E-07,2.44834E+00
1.5960E-07,2.46299E+00
1.6000E-07,2.44834E+00
1.6040E-07,2.43857E+00
1.6080E-07,2.42881E+00
1.6120E-07,2.45322E+00
1.6160E-07,2.43857E+00
1.6200E-07,2.45322E+00
1.6240E-07,2.45322E+00
1.6280E-07,2.46299E+00
1.6320E-07,2.46787E+00
1.6360E-07,2.43857E+00
1.6400E-07,2.45322E+00
1.6440E-07,2.45322E+00
1.6480E-07,2.45811E+00
1.6520E-07,2.45811E+00
1.6560E-07,2.44834E+00
1.6600E-07,2.45322E+00
1.6640E-07,2.45322E+00
1.6680E-07,2.43369E+00
1.6720E-07,2.45811E+00
1.6760E-07,2.43857E+00
1.6800E-07,2.45322E+00
1.6840E-07,2.43857E+00
1.6880E-07,2.43369E+00
1.6920E-07,2.44346E+00
1.6960E-07,2.44834E+00
1.7000E-07,2.44346E+00
1.7040E-07,2.44346E+00
1.7080E-07,2.44346E+00
1.7120E-07,2.44834E+00
1.7160E-07,2.43857E+00
1.7200E-07,2.45811E+00
1.7240E-07,2.45811E+00
1.7280E-07,2.45811E+00
1.7320E-07,2.46299E+00
1.7360E-07,2.46787E+00
1.7400E-07,2.45322E+00
1.7440E-07,2.45322E+00
1.7480E-07,2.45811E+00
1.7520E-07,2.43857E+00
1.7560E-07,2.44346E+00
1.7600E-07,2.43857E+00
1.7640E-07,2.43857E+00
1.7680E-07,2.45811E+00
1.7720E-07,2.45811E+00
1.7760E-07,2.45322E+00
1.7800E-07,2.45811E+00
1.7840E-07,2.45811E+00
1.7880E-07,2.46299E+00
1.7920E-07,2.43857E+00
1.7960E-07,2.44346E+00
1.8000E-07,2.45322E+00
1.8040E-07,2.45322E+00
1.8080E-07,2.44346E+00
1.8120E-07,2.44834E+00
1.8160E-07,2.45811E+00
1.8200E-07,2.43857E+00
1.8240E-07,2.46299E+00
1.8280E-07,2.45811E+00
1.8320E-07,2.44346E+00
1.8360E-07,2.42881E+00
1.8400E-07,2.44834E+00
1.8440E-07,2.45811E+00
1.8480E-07,2.41904E+00
1.8520E-07,2.43857E+00
1.8560E-07,2.44834E+00
1.8600E-07,2.46787E+00
1.8640E-07,2.45322E+00
1.8680E-07,2.44834E+00
1.8720E-07,2.45322E+00
1.8760E-07,2.43857E+00
1.8800E-07,2.45322E+00
1.8840E-07,2.45322E+00
1.8880E-07,2.45811E+00
1.8920E-07,2.45811E+00
1.8960E-07,2.45322E+00
1.9000E-07,2.45811E+00
1.9040E-07,2.45322E+00
1.9080E-07,2.45322E+00
1.9120E-07,2.45322E+00
1.9160E-07,2.45811E+00
1.9200E-07,2.45322E+00
1.9240E-07,2.45811E+00
1.9280E-07,2.45811E+00
1.9320E-07,2.44834E+00
1.9360E-07,2.44834E+00
1.9400E-07,2.44834E+00
1.9440E-07,2.45811E+00
1.9480E-07,2.44346E+00
1.9520E-07,2.44834E+00
1.9560E-07,2.44834E+00
1.9600E-07,2.43857E+00
1.9640E-07,2.44346E+00
1.9680E-07,2.45811E+00
1.9720E-07,2.46299E+00
1.9760E-07,2.45811E+00
1.9800E-07,2.43857E+00
1.9840E-07,2.45322E+00
1.9880E-07,2.45811E+00
1.9920E-07,2.46787E+00
1.9960E-07,2.45322E+00
2.0000E-07,2.45322E+00
2.0040E-07,2.44346E+00
2.0080E-07,2.43369E+00
2.0120E-07,2.45811E+00
2.0160E-07,2.44834E+00
2.0200E-07,2.43857E+00
2.0240E-07,2.46787E+00
2.0280E-07,2.44346E+00
2.0320E-07,2.44834E+00
2.0360E-07,2.43857E+00
2.0400E-07,2.44834E+00
2.0440E-07,2.45322E+00
2.0480E-07,2.44346E+00
2.0520E-07,2.45322E+00
2.0560E-07,2.44834E+00
2.0600E-07,2.44346E+00
2.0640E-07,2.45322E+00
2.0680E-07,2.45811E+00
2.0720E-07,2.44346E+00
2.0760E-07,2.45322E+00
2.0800E-07,2.41904E+00
2.0840E-07,2.44346E+00
2.0880E-07,2.45322E+00
2.0920E-07,2.45322E+00
2.0960E-07,2.45322E+00
2.1000E-07,2.44834E+00
2.1040E-07,2.43857E+00
2.1080E-07,2.45322E+00
2.1120E-07,2.45811E+00
2.1160E-07,2.44346E+00
2.1200E-07,2.44346E+00
2.1240E-07,2.45811E+00
2.1280E-07,2.47275E+00
2.1320E-07,2.46299E+00
2.1360E-07,2.46787E+00
2.1400E-07,2.43857E+00
2.1440E-07,2.47275E+00
2.1480E-07,2.42881E+00
2.1520E-07,2.46299E+00
2.1560E-07,2.44346E+00
2.1600E-07,2.45811E+00
2.1640E-07,2.44346E+00
2.1680E-07,2.44346E+00
2.1720E-07,2.44834E+00
2.1760E-07,2.46299E+00
2.1800E-07,2.44346E+00
2.1840E-07,2.44346E+00
2.1880E-07,2.43857E+00
2.1920E-07,2.44346E+00
2.1960E-07,2.45322E+00
2.2000E-07,2.45322E+00
2.2040E-07,2.45322E+00
2.2080E-07,2.43857E+00
2.2120E-07,2.44346E+00
2.2160E-07,2.46787E+00
2.2200E-07,2.44346E+00
2.2240E-07,2.43857E+00
2.2280E-07,2.45322E+00
2.2320E-07,2.44834E+00
2.2360E-07,2.43857E+00
2.2400E-07,2.44834E+00
2.2440E-07,2.44346E+00
2.2480E-07,2.45322E+00
2.2520E-07,2.43857E+00
2.2560E-07,2.45322E+00
2.2600E-07,2.43369E+00
2.2640E-07,2.44834E+00
2.2680E-07,2.46299E+00
2.2720E-07,2.43857E+00
2.2760E-07,2.44346E+00
2.2800E-07,2.47275E+00
2.2840E-07,2.45322E+00
2.2880E-07,2.43857E+00
2.2920E-07,2.44834E+00
2.2960E-07,2.44834E+00
2.3000E-07,2.44834E+00
2.3040E-07,2.43857E+00
2.3080E-07,2.44346E+00
2.3120E-07,2.45811E+00
2.3160E-07,2.44834E+00
2.3200E-07,2.44346E+00
2.3240E-07,2.44834E+00
2.3280E-07,2.45811E+00
2.3320E-07,2.44346E+00
2.3360E-07,2.44834E+00
2.3400E-07,2.45322E+00
2.3440E-07,2.43857E+00
2.3480E-07,2.44346E+00
2.3520E-07,2.43857E+00
2.3560E-07,2.43857E+00
2.3600E-07,2.44834E+00
2.3640E-07,2.44346E+00
2.3680E-07,2.44346E+00
2.3720E-07,2.43857E+00
2.3760E-07,2.45811E+00
2.3800E-07,2.46299E+00
2.3840E-07,2.45811E+00
2.3880E-07,2.44346E+00
2.3920E-07,2.44834E+00
2.3960E-07,2.44834E+00
2.4000E-07,2.45322E+00
2.4040E-07,2.43857E+00
2.4080E-07,2.45322E+00
2.4120E-07,2.44834E+00
2.4160E-07,2.45322E+00
2.4200E-07,2.45322E+00
2.4240E-07,2.45811E+00
2.4280E-07,2.45322E+00
2.4320E-07,2.45322E+00
2.4360E-07,2.46787E+00
2.4400E-07,2.46299E+00
2.4440E-07,2.44834E+00
2.4480E-07,2.44346E+00
2.4520E-07,2.44834E+00
2.4560E-07,2.42881E+00
2.4600E-07,2.43857E+00
2.4640E-07,2.46299E+00
2.4680E-07,2.45811E+00
2.4720E-07,2.44834E+00
2.4760E-07,2.44834E+00
2.4800E-07,2.45322E+00
2.4840E-07,2.43369E+00
2.4880E-07,2.43857E+00
2.4920E-07,2.45322E+00
2.4960E-07,2.44346E+00
2.5000E-07,2.44346E+00
2.5040E-07,2.45811E+00
2.5080E-07,2.45322E+00
2.5120E-07,2.44346E+00
2.5160E-07,2.44834E+00
2.5200E-07,2.43857E+00
2.5240E-07,2.43857E+00
2.5280E-07,2.44834E+00
2.5320E-07,2.42881E+00
2.5360E-07,2.43857E+00
2.5400E-07,2.43857E+00
2.5440E-07,2.45811E+00
2.5480E-07,2.45322E+00
2.5520E-07,2.44346E+00
2.5560E-07,2.43857E+00
2.5600E-07,2.43857E+00
2.5640E-07,2.45322E+00
2.5680E-07,2.45322E+00
2.5720E-07,2.44346E+00
2.5760E-07,2.43857E+00
2.5800E-07,2.45811E+00
2.5840E-07,2.45322E+00
2.5880E-07,2.44346E+00
2.5920E-07,2.43369E+00
2.5960E-07,2.43857E+00
2.6000E-07,2.45322E+00
2.6040E-07,2.45811E+00
2.6080E-07,2.44834E+00
2.6120E-07,2.45322E+00
2.6160E-07,2.45322E+00
2.6200E-07,2.43857E+00
2.6240E-07,2.44346E+00
2.6280E-07,2.44834E+00
2.6320E-07,2.45322E+00
2.6360E-07,2.44834E+00
2.6400E-07,2.44346E+00
2.6440E-07,2.43857E+00
2.6480E-07,2.46299E+00
2.6520E-07,2.45811E+00
2.6560E-07,2.45322E+00
2.6600E-07,2.43857E+00
2.6640E-07,2.44834E+00
2.6680E-07,2.45322E+00
2.6720E-07,2.45322E+00
2.6760E-07,2.44834E+00
2.6800E-07,2.45322E+00
2.6840E-07,2.45811E+00
2.6880E-07,2.45811E+00
2.6920E-07,2.46299E+00
2.6960E-07,2.44346E+00
2.7000E-07,2.43857E+00
2.7040E-07,2.45322E+00
2.7080E-07,2.45322E+00
2.7120E-07,2.43857E+00
2.7160E-07,2.45322E+00
2.7200E-07,2.44834E+00
2.7240E-07,2.45322E+00
2.7280E-07,2.46299E+00
2.7320E-07,2.44834E+00
2.7360E-07,2.44834E+00
2.7400E-07,2.45322E+00
2.7440E-07,2.44346E+00
2.7480E-07,2.44834E+00
2.7520E-07,2.44346E+00
2.7560E-07,2.46299E+00
2.7600E-07,2.44834E+00
2.7640E-07,2.43857E+00
2.7680E-07,2.42393E+00
2.7720E-07,2.45811E+00
2.7760E-07,2.44834E+00
2.7800E-07,2.44834E+00
2.7840E-07,2.44834E+00
2.7880E-07,2.44346E+00
2.7920E-07,2.45811E+00
2.7960E-07,2.43857E+00
2.8000E-07,2.43857E+00
2.8040E-07,2.43857E+00
2.8080E-07,2.44346E+00
2.8120E-07,2.43857E+00
2.8160E-07,2.44346E+00
2.8200E-07,2.44346E+00
2.8240E-07,2.43857E+00
2.8280E-07,2.43857E+00
2.8320E-07,2.44834E+00
2.8360E-07,2.45322E+00
2.8400E-07,2.45322E+00
2.8440E-07,2.45811E+00
2.8480E-07,2.44834E+00
2.8520E-07,2.43857E+00
2.8560E-07,2.43857E+00
2.8600E-07,2.45322E+00
2.8640E-07,2.44834E+00
2.8680E-07,2.45811E+00
2.8720E-07,2.45322E+00
2.8760E-07,2.43857E+00
2.8800E-07,2.44346E+00
2.8840E-07,2.44346E+00
2.8880E-07,2.44346E+00
2.8920E-07,2.45322E+00
2.8960E-07,2.44346E+00
2.9000E-07,2.43857E+00
2.9040E-07,2.44346E+00
2.9080E-07,2.44834E+00
2.9120E-07,2.45322E+00
2.9160E-07,2.44346E+00
2.9200E-07,2.43857E+00
2.9240E-07,2.43857E+00
2.9280E-07,2.44346E+00
2.9320E-07,2.45322E+00
2.9360E-07,2.44346E+00
2.9400E-07,2.43857E+00
2.9440E-07,2.45322E+00
2.9480E-07,2.45811E+00
2.9520E-07,2.46299E+00
2.9560E-07,2.43857E+00
2.9600E-07,2.44346E+00
2.9640E-07,2.43369E+00
2.9680E-07,2.44834E+00
2.9720E-07,2.45322E+00
2.9760E-07,2.45322E+00
2.9800E-07,2.44346E+00
2.9840E-07,2.44346E+00
2.9880E-07,2.44834E+00
2.9920E-07,2.46299E+00
2.9960E-07,2.45811E+00
3.0000E-07,2.45811E+00
3.0040E-07,2.45811E+00
3.0080E-07,2.44346E+00
3.0120E-07,2.44346E+00
3.0160E-07,2.44346E+00
3.0200E-07,2.43857E+00
3.0240E-07,2.45322E+00
3.0280E-07,2.42393E+00
3.0320E-07,2.42881E+00
3.0360E-07,2.42881E+00
3.0400E-07,2.45322E+00
3.0440E-07,2.43857E+00
3.0480E-07,2.43857E+00
3.0520E-07,2.45322E+00
3.0560E-07,2.44346E+00
3.0600E-07,2.42881E+00
3.0640E-07,2.45322E+00
3.0680E-07,2.43857E+00
3.0720E-07,2.45322E+00
3.0760E-07,2.45322E+00
3.0800E-07,2.45322E+00
3.0840E-07,2.44346E+00
3.0880E-07,2.42881E+00
3.0920E-07,2.43857E+00
3.0960E-07,2.43369E+00
3.1000E-07,2.44834E+00
3.1040E-07,2.44834E+00
3.1080E-07,2.43857E+00
3.1120E-07,2.43857E+00
3.1160E-07,2.43857E+00
3.1200E-07,2.43857E+00
3.1240E-07,2.44346E+00
3.1280E-07,2.44346E+00
3.1320E-07,2.42881E+00
3.1360E-07,2.45322E+00
3.1400E-07,2.44834E+00
3.1440E-07,2.44834E+00
3.1480E-07,2.45322E+00
3.1520E-07,2.43857E+00
3.1560E-07,2.44346E+00
3.1600E-07,2.44346E+00
3.1640E-07,2.43857E+00
3.1680E-07,2.47275E+00
3.1720E-07,2.45811E+00
3.1760E-07,2.45811E+00
3.1800E-07,2.44346E+00
3.1840E-07,2.45322E+00
3.1880E-07,2.43857E+00
3.1920E-07,2.43857E+00
3.1960E-07,2.45322E+00
3.2000E-07,2.45322E+00
3.2040E-07,2.44834E+00
3.2080E-07,2.43369E+00
3.2120E-07,2.46299E+00
3.2160E-07,2.45322E+00
3.2200E-07,2.45322E+00
3.2240E-07,2.44834E+00
3.2280E-07,2.43857E+00
3.2320E-07,2.42393E+00
3.2360E-07,2.42393E+00
3.2400E-07,2.43857E+00
3.2440E-07,2.44834E+00
3.2480E-07,2.42881E+00
3.2520E-07,2.43857E+00
3.2560E-07,2.44346E+00
3.2600E-07,2.44346E+00
3.2640E-07,2.43857E+00
3.2680E-07,2.45322E+00
3.2720E-07,2.45811E+00
3.2760E-07,2.43857E+00
3.2800E-07,2.43857E+00
3.2840E-07,2.45811E+00
3.2880E-07,2.44346E+00
3.2920E-07,2.43369E+00
3.2960E-07,2.43857E+00
3.3000E-07,2.43857E+00
3.3040E-07,2.42393E+00
3.3080E-07,2.45322E+00
3.3120E-07,2.45322E+00
3.3160E-07,2.44346E+00
3.3200E-07,2.44346E+00
3.3240E-07,2.45322E+00
3.3280E-07,2.44834E+00
3.3320E-07,2.45811E+00
3.3360E-07,2.43857E+00
3.3400E-07,2.43857E+00
3.3440E-07,2.45322E+00
3.3480E-07,2.44346E+00
3.3520E-07,2.45811E+00
3.3560E-07,2.42393E+00
3.3600E-07,2.45811E+00
3.3640E-07,2.43857E+00
3.3680E-07,2.43857E+00
3.3720E-07,2.42881E+00
3.3760E-07,2.44834E+00
3.3800E-07,2.44346E+00
3.3840E-07,2.45811E+00
3.3880E-07,2.44346E+00
3.3920E-07,2.45322E+00
3.3960E-07,2.45322E+00
3.4000E-07,2.43369E+00
3.4040E-07,2.43857E+00
3.4080E-07,2.44346E+00
3.4120E-07,2.45322E+00
3.4160E-07,2.44346E+00
3.4200E-07,2.45322E+00
3.4240E-07,2.45811E+00
3.4280E-07,2.43857E+00
3.4320E-07,2.44834E+00
3.4360E-07,2.43857E+00
3.4400E-07,2.44346E+00
3.4440E-07,2.44346E+00
3.4480E-07,2.44346E+00
3.4520E-07,2.45322E+00
3.4560E-07,2.43369E+00
3.4600E-07,2.42881E+00
3.4640E-07,2.43857E+00
3.4680E-07,2.43369E+00
3.4720E-07,2.46299E+00
3.4760E-07,2.43857E+00
3.4800E-07,2.44834E+00
3.4840E-07,2.43857E+00
3.4880E-07,2.44834E+00
3.4920E-07,2.42881E+00
3.4960E-07,2.44834E+00
3.5000E-07,2.43857E+00
3.5040E-07,2.45322E+00
3.5080E-07,2.43857E+00
3.5120E-07,2.42393E+00
3.5160E-07,2.41904E+00
3.5200E-07,2.45322E+00
3.5240E-07,2.43369E+00
3.5280E-07,2.43857E+00
3.5320E-07,2.45811E+00
3.5360E-07,2.45322E+00
3.5400E-07,2.45322E+00
3.5440E-07,2.44346E+00
3.5480E-07,2.43857E+00
3.5520E-07,2.46787E+00
3.5560E-07,2.43857E+00
3.5600E-07,2.45322E+00
3.5640E-07,2.43857E+00
3.5680E-07,2.44346E+00
3.5720E-07,2.45811E+00
3.5760E-07,2.44346E+00
3.5800E-07,2.43369E+00
3.5840E-07,2.44834E+00
3.5880E-07,2.44834E+00
3.5920E-07,2.45322E+00
3.5960E-07,2.43369E+00
3.6000E-07,2.45322E+00
3.6040E-07,2.43857E+00
3.6080E-07,2.43857E+00
3.6120E-07,2.44834E+00
3.6160E-07,2.43369E+00
3.6200E-07,2.42393E+00
3.6240E-07,2.43369E+00
3.6280E-07,2.44346E+00
3.6320E-07,2.43369E+00
3.6360E-07,2.42393E+00
3.6400E-07,2.43369E+00
3.6440E-07,2.44346E+00
3.6480E-07,2.44346E+00
3.6520E-07,2.43857E+00
3.6560E-07,2.44834E+00
3.6600E-07,2.42881E+00
3.6640E-07,2.43857E+00
3.6680E-07,2.44834E+00
3.6720E-07,2.43857E+00
3.6760E-07,2.42881E+00
3.6800E-07,2.41904E+00
3.6840E-07,2.44346E+00
3.6880E-07,2.44834E+00
3.6920E-07,2.44834E+00
3.6960E-07,2.46299E+00
3.7000E-07,2.44346E+00
3.7040E-07,2.44834E+00
3.7080E-07,2.46299E+00
3.7120E-07,2.43857E+00
3.7160E-07,2.43857E+00
3.7200E-07,2.43857E+00
3.7240E-07,2.43857E+00
3.7280E-07,2.43369E+00
3.7320E-07,2.42881E+00
3.7360E-07,2.43369E+00
3.7400E-07,2.45811E+00
3.7440E-07,2.45811E+00
3.7480E-07,2.42881E+00
3.7520E-07,2.43857E+00
3.7560E-07,2.44346E+00
3.7600E-07,2.44346E+00
3.7640E-07,2.44346E+00
3.7680E-07,2.43857E+00
3.7720E-07,2.45322E+00
3.7760E-07,2.44834E+00
3.7800E-07,2.44346E+00
3.7840E-07,2.43857E+00
3.7880E-07,2.42393E+00
3.7920E-07,2.43857E+00
3.7960E-07,2.44346E+00
3.8000E-07,2.43857E+00
3.8040E-07,2.42393E+00
3.8080E-07,2.42393E+00
3.8120E-07,2.44346E+00
3.8160E-07,2.42393E+00
3.8200E-07,2.43857E+00
3.8240E-07,2.45322E+00
3.8280E-07,2.42881E+00
3.8320E-07,2.44834E+00
3.8360E-07,2.44346E+00
3.8400E-07,2.43857E+00
3.8440E-07,2.42393E+00
3.8480E-07,2.44834E+00
3.8520E-07,2.43857E+00
3.8560E-07,2.44834E+00
3.8600E-07,2.42881E+00
3.8640E-07,2.44346E+00
3.8680E-07,2.45811E+00
3.8720E-07,2.42881E+00
3.8760E-07,2.45322E+00
3.8800E-07,2.45811E+00
3.8840E-07,2.44834E+00
3.8880E-07,2.43857E+00
3.8920E-07,2.44346E+00
3.8960E-07,2.45811E+00
3.9000E-07,2.45322E+00
3.9040E-07,2.46787E+00
3.9080E-07,2.44346E+00
3.9120E-07,2.43369E+00
3.9160E-07,2.43857E+00
3.9200E-07,2.44346E+00
3.9240E-07,2.43857E+00
3.9280E-07,2.42881E+00
3.9320E-07,2.43857E+00
3.9360E-07,2.44346E+00
3.9400E-07,2.43857E+00
3.9440E-07,2.44346E+00
3.9480E-07,2.43857E+00
3.9520E-07,2.45322E+00
3.9560E-07,2.43857E+00
3.9600E-07,2.44346E+00
3.9640E-07,2.45322E+00
3.9680E-07,2.44346E+00
3.9720E-07,2.43857E+00
3.9760E-07,2.44834E+00
3.9800E-07,2.44834E+00
3.9840E-07,2.45322E+00
3.9880E-07,2.45322E+00
3.9920E-07,2.46787E+00
3.9960E-07,2.44834E+00
4.0000E-07,2.44346E+00
4.0040E-07,2.44834E+00
4.0080E-07,2.43857E+00
4.0120E-07,2.43857E+00
4.0160E-07,2.45322E+00
4.0200E-07,2.43857E+00
4.0240E-07,2.43369E+00
4.0280E-07,2.45322E+00
4.0320E-07,2.43857E+00
4.0360E-07,2.44346E+00
4.0400E-07,2.45322E+00
4.0440E-07,2.43369E+00
4.0480E-07,2.44834E+00
4.0520E-07,2.45322E+00
4.0560E-07,2.44346E+00
4.0600E-07,2.44346E+00
4.0640E-07,2.44834E+00
4.0680E-07,2.45322E+00
4.0720E-07,2.45811E+00
4.0760E-07,2.43857E+00
4.0800E-07,2.42881E+00
4.0840E-07,2.43857E+00
4.0880E-07,2.44834E+00
4.0920E-07,2.44834E+00
4.0960E-07,2.45322E+00
4.1000E-07,2.44834E+00
4.1040E-07,2.44346E+00
4.1080E-07,2.44346E+00
4.1120E-07,2.44346E+00
4.1160E-07,2.42881E+00
4.1200E-07,2.43369E+00
4.1240E-07,2.43857E+00
4.1280E-07,2.44346E+00
4.1320E-07,2.44346E+00
4.1360E-07,2.45322E+00
4.1400E-07,2.43857E+00
4.1440E-07,2.44346E+00
4.1480E-07,2.45322E+00
4.1520E-07,2.43857E+00
4.1560E-07,2.42881E+00
4.1600E-07,2.43369E+00
4.1640E-07,2.44834E+00
4.1680E-07,2.44834E+00
4.1720E-07,2.41904E+00
4.1760E-07,2.44346E+00
4.1800E-07,2.43857E+00
4.1840E-07,2.43857E+00
4.1880E-07,2.44346E+00
4.1920E-07,2.44834E+00
4.1960E-07,2.43857E+00
4.2000E-07,2.44834E+00
4.2040E-07,2.42881E+00
4.2080E-07,2.43857E+00
4.2120E-07,2.43369E+00
4.2160E-07,2.43369E+00
4.2200E-07,2.44834E+00
4.2240E-07,2.45811E+00
4.2280E-07,2.44834E+00
4.2320E-07,2.44834E+00
4.2360E-07,2.43857E+00
4.2400E-07,2.43857E+00
4.2440E-07,2.43857E+00
4.2480E-07,2.43857E+00
4.2520E-07,2.43857E+00
4.2560E-07,2.43857E+00
4.2600E-07,2.44834E+00
4.2640E-07,2.44346E+00
4.2680E-07,2.42881E+00
4.2720E-07,2.45322E+00
4.2760E-07,2.45322E+00
4.2800E-07,2.43857E+00
4.2840E-07,2.43857E+00
4.2880E-07,2.44346E+00
4.2920E-07,2.43369E+00
4.2960E-07,2.42881E+00
4.3000E-07,2.42881E+00
4.3040E-07,2.43369E+00
4.3080E-07,2.44834E+00
4.3120E-07,2.45811E+00
4.3160E-07,2.45322E+00
4.3200E-07,2.47275E+00
4.3240E-07,2.43857E+00
4.3280E-07,2.44834E+00
4.3320E-07,2.42881E+00
4.3360E-07,2.43857E+00
4.3400E-07,2.45322E+00
4.3440E-07,2.44346E+00
4.3480E-07,2.43369E+00
4.3520E-07,2.45322E+00
4.3560E-07,2.44346E+00
4.3600E-07,2.43369E+00
4.3640E-07,2.44346E+00
4.3680E-07,2.44834E+00
4.3720E-07,2.44346E+00
4.3760E-07,2.44346E+00
4.3800E-07,2.44834E+00
4.3840E-07,2.44346E+00
4.3880E-07,2.43857E+00
4.3920E-07,2.44346E+00
4.3960E-07,2.44834E+00
4.4000E-07,2.45322E+00
4.4040E-07,2.44834E+00
4.4080E-07,2.44346E+00
4.4120E-07,2.44834E+00
4.4160E-07,2.45322E+00
4.4200E-07,2.44834E+00
4.4240E-07,2.44346E+00
4.4280E-07,2.43369E+00
4.4320E-07,2.43857E+00
4.4360E-07,2.44834E+00
4.4400E-07,2.44834E+00
4.4440E-07,2.44346E+00
4.4480E-07,2.43369E+00
4.4520E-07,2.43857E+00
4.4560E-07,2.43857E+00
4.4600E-07,2.42881E+00
4.4640E-07,2.43857E+00
4.4680E-07,2.42881E+00
4.4720E-07,2.44834E+00
4.4760E-07,2.43857E+00
4.4800E-07,2.44346E+00
4.4840E-07,2.44834E+00
4.4880E-07,2.43857E+00
4.4920E-07,2.43369E+00
4.4960E-07,2.43369E+00
4.5000E-07,2.44346E+00
4.5040E-07,2.45322E+00
4.5080E-07,2.44346E+00
4.5120E-07,2.42881E+00
4.5160E-07,2.43857E+00
4.5200E-07,2.44834E+00
4.5240E-07,2.43369E+00
4.5280E-07,2.44346E+00
4.5320E-07,2.44834E+00
4.5360E-07,2.43857E+00
4.5400E-07,2.44346E+00
4.5440E-07,2.43857E+00
4.5480E-07,2.43369E+00
4.5520E-07,2.44834E+00
4.5560E-07,2.44346E+00
4.5600E-07,2.45811E+00
4.5640E-07,2.43857E+00
4.5680E-07,2.45322E+00
4.5720E-07,2.43369E+00
4.5760E-07,2.45322E+00
4.5800E-07,2.43857E+00
4.5840E-07,2.44834E+00
4.5880E-07,2.45322E+00
4.5920E-07,2.43857E+00
4.5960E-07,2.43369E+00
4.6000E-07,2.45322E+00
4.6040E-07,2.45322E+00
4.6080E-07,2.43857E+00
4.6120E-07,2.45811E+00
4.6160E-07,2.43857E+00
4.6200E-07,2.43857E+00
4.6240E-07,2.44834E+00
4.6280E-07,2.43857E+00
4.6320E-07,2.43857E+00
4.6360E-07,2.45322E+00
4.6400E-07,2.44834E+00
4.6440E-07,2.43857E+00
4.6480E-07,2.44346E+00
4.6520E-07,2.44834E+00
4.6560E-07,2.43857E+00
4.6600E-07,2.44346E+00
4.6640E-07,2.43857E+00
4.6680E-07,2.45322E+00
4.6720E-07,2.44834E+00
4.6760E-07,2.44834E+00
4.6800E-07,2.42393E+00
4.6840E-07,2.43857E+00
4.6880E-07,2.44346E+00
4.6920E-07,2.44346E+00
4.6960E-07,2.43857E+00
4.7000E-07,2.44834E+00
4.7040E-07,2.45322E+00
4.7080E-07,2.45322E+00
4.7120E-07,2.45811E+00
4.7160E-07,2.43369E+00
4.7200E-07,2.45322E+00
4.7240E-07,2.43857E+00
4.7280E-07,2.43857E+00
4.7320E-07,2.44834E+00
4.7360E-07,2.44834E+00
4.7400E-07,2.43369E+00
4.7440E-07,2.44346E+00
4.7480E-07,2.43857E+00
4.7520E-07,2.45811E+00
4.7560E-07,2.44346E+00
4.7600E-07,2.44834E+00
4.7640E-07,2.43857E+00
4.7680E-07,2.45322E+00
4.7720E-07,2.43857E+00
4.7760E-07,2.44346E+00
4.7800E-07,2.45811E+00
4.7840E-07,2.43857E+00
4.7880E-07,2.45811E+00
4.7920E-07,2.44346E+00
4.7960E-07,2.43857E+00
4.8000E-07,2.44834E+00
4.8040E-07,2.43857E+00
4.8080E-07,2.44346E+00
4.8120E-07,2.41904E+00
4.8160E-07,2.43857E+00
4.8200E-07,2.42881E+00
4.8240E-07,2.42881E+00
4.8280E-07,2.41904E+00
4.8320E-07,2.35068E+00
4.8360E-07,2.27744E+00
4.8400E-07,2.17002E+00
4.8440E-07,2.03818E+00
4.8480E-07,1.92588E+00
4.8520E-07,1.80869E+00
4.8560E-07,1.69150E+00
4.8600E-07,1.58408E+00
4.8640E-07,1.50596E+00
4.8680E-07,1.43271E+00
4.8720E-07,1.36436E+00
4.8760E-07,1.31553E+00
4.8800E-07,1.26182E+00
4.8840E-07,1.20811E+00
4.8880E-07,1.21299E+00
4.8920E-07,1.18369E+00
4.8960E-07,1.14463E+00
4.9000E-07,1.14463E+00
4.9040E-07,1.12998E+00
4.9080E-07,1.13975E+00
4.9120E-07,1.12510E+00
4.9160E-07,1.12510E+00
4.9200E-07,1.13975E+00
4.9240E-07,1.08604E+00
4.9280E-07,1.08115E+00
4.9320E-07,1.05674E+00
4.9360E-07,1.02256E+00
4.9400E-07,9.88379E-01
4.9440E-07,9.68848E-01
4.9480E-07,9.49316E-01
4.9520E-07,9.15137E-01
4.9560E-07,8.80957E-01
4.9600E-07,8.71191E-01
4.9640E-07,8.51660E-01
4.9680E-07,8.27246E-01
4.9720E-07,8.22363E-01
4.9760E-07,8.12598E-01
4.9800E-07,8.02832E-01
4.9840E-07,8.02832E-01
4.9880E-07,8.02832E-01
4.9920E-07,7.88184E-01
4.9960E-07,7.83301E-01
5.0000E-07,7.63770E-01
5.0040E-07,7.29590E-01
5.0080E-07,7.19824E-01
5.0120E-07,6.85645E-01
5.0160E-07,6.80762E-01
5.0200E-07,6.75879E-01
5.0240E-07,6.51465E-01
5.0280E-07,6.27051E-01
5.0320E-07,6.22168E-01
5.0360E-07,5.92871E-01
5.0400E-07,5.97754E-01
5.0440E-07,5.83105E-01
5.0480E-07,5.63574E-01
5.0520E-07,5.58691E-01
5.0560E-07,5.73340E-01
5.0600E-07,5.48926E-01
5.0640E-07,5.39160E-01
5.0680E-07,5.39160E-01
5.0720E-07,5.39160E-01
5.0760E-07,5.19629E-01
5.0800E-07,4.95215E-01
5.0840E-07,4.90332E-01
5.0880E-07,4.85449E-01
5.0920E-07,4.80566E-01
5.0960E-07,4.70801E-01
5.1000E-07,4.51270E-01
5.1040E-07,4.51270E-01
5.1080E-07,4.56152E-01
5.1120E-07,4.21973E-01
5.1160E-07,4.17090E-01
5.1200E-07,4.31738E-01
5.1240E-07,4.12207E-01
5.1280E-07,3.97559E-01
5.1320E-07,3.78027E-01
5.1360E-07,3.97559E-01
5.1400E-07,3.87793E-01
5.1440E-07,3.78027E-01
5.1480E-07,3.58496E-01
5.1520E-07,3.43848E-01
5.1560E-07,3.43848E-01
5.1600E-07,3.43848E-01
5.1640E-07,3.19434E-01
5.1680E-07,3.09668E-01
5.1720E-07,3.19434E-01
5.1760E-07,3.09668E-01
5.1800E-07,3.09668E-01
5.1840E-07,2.90137E-01
5.1880E-07,2.80371E-01
5.1920E-07,3.09668E-01
5.1960E-07,2.95020E-01
5.2000E-07,2.95020E-01
5.2040E-07,2.90137E-01
5.2080E-07,2.80371E-01
5.2120E-07,2.75488E-01
5.2160E-07,2.75488E-01
5.2200E-07,2.70605E-01
5.2240E-07,2.70605E-01
5.2280E-07,2.55957E-01
5.2320E-07,2.55957E-01
5.2360E-07,2.65723E-01
5.2400E-07,2.41309E-01
5.2440E-07,2.41309E-01
5.2480E-07,2.36426E-01
5.2520E-07,2.36426E-01
5.2560E-07,2.16895E-01
5.2600E-07,2.21777E-01
5.2640E-07,2.07129E-01
5.2680E-07,1.97363E-01
5.2720E-07,2.16895E-01
5.2760E-07,2.02246E-01
5.2800E-07,1.92480E-01
5.2840E-07,1.77832E-01
5.2880E-07,1.92480E-01
5.2920E-07,1.92480E-01
5.2960E-07,1.97363E-01
5.3000E-07,1.97363E-01
5.3040E-07,1.87598E-01
5.3080E-07,1.82715E-01
5.3120E-07,1.77832E-01
5.3160E-07,1.63184E-01
5.3200E-07,1.68066E-01
5.3240E-07,1.48535E-01
5.3280E-07,1.63184E-01
5.3320E-07,1.48535E-01
5.3360E-07,1.43652E-01
5.3400E-07,1.48535E-01
5.3440E-07,1.58301E-01
5.3480E-07,1.58301E-01
5.3520E-07,1.58301E-01
5.3560E-07,1.63184E-01
5.3600E-07,1.53418E-01
5.3640E-07,1.33887E-01
5.3680E-07,1.33887E-01
5.3720E-07,1.48535E-01
5.3760E-07,1.43652E-01
5.3800E-07,1.38770E-01
5.3840E-07,1.38770E-01
5.3880E-07,1.29004E-01
5.3920E-07,1.14355E-01
5.3960E-07,1.19238E-01
5.4000E-07,1.24121E-01
5.4040E-07,1.19238E-01
5.4080E-07,1.14355E-01
5.4120E-07,1.14355E-01
5.4160E-07,1.09473E-01
5.4200E-07,9.48242E-02
5.4240E-07,9.97070E-02
5.4280E-07,1.19238E-01
5.4320E-07,1.04590E-01
5.4360E-07,1.04590E-01
5.4400E-07,9.97070E-02
5.4440E-07,9.48242E-02
5.4480E-07,1.14355E-01
5.4520E-07,9.48242E-02
5.4560E-07,8.50586E-02
5.4600E-07,8.99414E-02
5.4640E-07,7.52930E-02
5.4680E-07,8.01758E-02
5.4720E-07,8.99414E-02
5.4760E-07,8.50586E-02
5.4800E-07,8.01758E-02
5.4840E-07,8.50586E-02
5.4880E-07,8.99414E-02
5.4920E-07,9.48242E-02
5.4960E-07,8.01758E-02
5.5000E-07,9.97070E-02
5.5040E-07,9.97070E-02
5.5080E-07,8.50586E-02
5.5120E-07,8.99414E-02
5.5160E-07,7.04102E-02
5.5200E-07,8.01758E-02
5.5240E-07,7.52930E-02
5.5280E-07,6.06445E-02
5.5320E-07,6.06445E-02
5.5360E-07,6.55273E-02
5.5400E-07,6.06445E-02
5.5440E-07,6.06445E-02
5.5480E-07,6.55273E-02
5.5520E-07,7.52930E-02
5.5560E-07,7.52930E-02
5.5600E-07,7.52930E-02
5.5640E-07,6.55273E-02
5.5680E-07,6.55273E-02
5.5720E-07,5.08789E-02
5.5760E-07,5.57617E-02
5.5800E-07,4.59961E-02
5.5840E-07,5.57617E-02
5.5880E-07,5.08789E-02
5.5920E-07,6.06445E-02
5.5960E-07,3.62305E-02
5.6000E-07,5.57617E-02
5.6040E-07,4.59961E-02
5.6080E-07,4.59961E-02
5.6120E-07,5.08789E-02
5.6160E-07,6.55273E-02
5.6200E-07,5.57617E-02
5.6240E-07,4.59961E-02
5.6280E-07,5.57617E-02
5.6320E-07,5.08789E-02
5.6360E-07,4.59961E-02
5.6400E-07,3.13477E-02
5.6440E-07,5.08789E-02
5.6480E-07,5.57617E-02
5.6520E-07,3.62305E-02
5.6560E-07,2.64648E-02
5.6600E-07,6.06445E-02
5.6640E-07,4.11133E-02
5.6680E-07,3.62305E-02
5.6720E-07,3.13477E-02
5.6760E-07,3.13477E-02
5.6800E-07,2.64648E-02
5.6840E-07,2.64648E-02
5.6880E-07,4.11133E-02
5.6920E-07,4.11133E-02
5.6960E-07,5.57617E-02
5.7000E-07,3.62305E-02
5.7040E-07,3.62305E-02
5.7080E-07,2.15820E-02
5.7120E-07,5.08789E-02
5.7160E-07,4.11133E-02
5.7200E-07,2.15820E-02
5.7240E-07,4.59961E-02
5.7280E-07,3.62305E-02
5.7320E-07,1.66992E-02
5.7360E-07,3.62305E-02
5.7400E-07,3.13477E-02
5.7440E-07,2.15820E-02
5.7480E-07,6.93359E-03
5.7520E-07,3.62305E-02
5.7560E-07,2.64648E-02
5.7600E-07,1.66992E-02
5.7640E-07,2.64648E-02
5.7680E-07,2.64648E-02
5.7720E-07,3.13477E-02
5.7760E-07,2.64648E-02
5.7800E-07,3.13477E-02
5.7840E-07,1.66992E-02
5.7880E-07,3.13477E-02
5.7920E-07,2.64648E-02
5.7960E-07,2.15820E-02
5.8000E-07,5.08789E-02
5.8040E-07,2.64648E-02
5.8080E-07,3.13477E-02
5.8120E-07,2.15820E-02
5.8160E-07,3.13477E-02
5.8200E-07,2.15820E-02
5.8240E-07,2.15820E-02
5.8280E-07,3.13477E-02
5.8320E-07,2.15820E-02
5.8360E-07,1.18164E-02
5.8400E-07,2.64648E-02
5.8440E-07,2.15820E-02
5.8480E-07,6.93359E-03
5.8520E-07,1.66992E-02
5.8560E-07,2.05078E-03
5.8600E-07,1.66992E-02
5.8640E-07,2.15820E-02
5.8680E-07,3.13477E-02
5.8720E-07,1.66992E-02
5.8760E-07,6.93359E-03
5.8800E-07,1.66992E-02
5.8840E-07,2.15820E-02
5.8880E-07,3.13477E-02
5.8920E-07,1.18164E-02
5.8960E-07,2.15820E-02
5.9000E-07,1.66992E-02
5.9040E-07,1.66992E-02
5.9080E-07,3.13477E-02
5.9120E-07,2.15820E-02
5.9160E-07,6.93359E-03
5.9200E-07,6.93359E-03
5.9240E-07,2.15820E-02
5.9280E-07,1.18164E-02
5.9320E-07,2.64648E-02
5.9360E-07,3.13477E-02
5.9400E-07,3.13477E-02
5.9440E-07,4.11133E-02
5.9480E-07,3.13477E-02
5.9520E-07,3.62305E-02
5.9560E-07,1.66992E-02
5.9600E-07,1.18164E-02
5.9640E-07,2.15820E-02
5.9680E-07,3.13477E-02
5.9720E-07,1.66992E-02
5.9760E-07,2.15820E-02
5.9800E-07,4.11133E-02
5.9840E-07,2.05078E-03
5.9880E-07,2.15820E-02
5.9920E-07,6.93359E-03
5.9960E-07,1.66992E-02
6.0000E-07,3.13477E-02
6.0040E-07,1.18164E-02
6.0080E-07,2.64648E-02
6.0120E-07,3.13477E-02
6.0160E-07,2.15820E-02
6.0200E-07,1.66992E-02
6.0240E-07,1.18164E-02
6.0280E-07,1.18164E-02
6.0320E-07,1.18164E-02
6.0360E-07,1.66992E-02
6.0400E-07,2.05078E-03
6.0440E-07,6.93359E-03
6.0480E-07,6.93359E-03
6.0520E-07,2.15820E-02
6.0560E-07,2.05078E-03
6.0600E-07,6.93359E-03
6.0640E-07,1.18164E-02
6.0680E-07,2.15820E-02
6.0720E-07,2.15820E-02
6.0760E-07,6.93359E-03
6.0800E-07,6.93359E-03
6.0840E-07,1.66992E-02
6.0880E-07,2.15820E-02
6.0920E-07,1.66992E-02
6.0960E-07,2.05078E-03
6.1000E-07,1.18164E-02
6.1040E-07,2.05078E-03
6.1080E-07,1.18164E-02
6.1120E-07,2.05078E-03
6.1160E-07,6.93359E-03
6.1200E-07,2.15820E-02
6.1240E-07,1.66992E-02
6.1280E-07,1.18164E-02
6.1320E-07,1.18164E-02
6.1360E-07,-7.71484E-03
6.1400E-07,6.93359E-03
6.1440E-07,6.93359E-03
6.1480E-07,2.05078E-03
6.1520E-07,2.05078E-03
6.1560E-07,-1.25977E-02
6.1600E-07,1.66992E-02
6.1640E-07,1.66992E-02
6.1680E-07,-7.71484E-03
6.1720E-07,1.18164E-02
6.1760E-07,2.15820E-02
6.1800E-07,1.66992E-02
6.1840E-07,1.18164E-02
6.1880E-07,6.93359E-03
6.1920E-07,2.15820E-02
6.1960E-07,2.15820E-02
6.2000E-07,1.66992E-02
6.2040E-07,1.18164E-02
6.2080E-07,1.66992E-02
6.2120E-07,1.66992E-02
6.2160E-07,1.18164E-02
6.2200E-07,2.05078E-03
6.2240E-07,6.93359E-03
6.2280E-07,1.66992E-02
6.2320E-07,2.05078E-03
6.2360E-07,6.93359E-03
6.2400E-07,-1.25977E-02
6.2440E-07,2.15820E-02
6.2480E-07,2.15820E-02
6.2520E-07,1.18164E-02
6.2560E-07,1.18164E-02
6.2600E-07,2.15820E-02
6.2640E-07,2.64648E-02
6.2680E-07,2.05078E-03
6.2720E-07,-2.83203E-03
6.2760E-07,-2.83203E-03
6.2800E-07,6.93359E-03
6.2840E-07,2.64648E-02
6.2880E-07,1.66992E-02
6.2920E-07,1.66992E-02
6.2960E-07,2.15820E-02
6.3000E-07,1.18164E-02
6.3040E-07,1.18164E-02
6.3080E-07,1.18164E-02
6.3120E-07,1.66992E-02
6.3160E-07,6.93359E-03
6.3200E-07,1.18164E-02
6.3240E-07,-7.71484E-03
6.3280E-07,2.64648E-02
6.3320E-07,6.93359E-03
6.3360E-07,3.13477E-02
6.3400E-07,3.13477E-02
6.3440E-07,6.93359E-03
6.3480E-07,1.18164E-02
6.3520E-07,1.18164E-02
6.3560E-07,2.05078E-03
6.3600E-07,2.05078E-03
6.3640E-07,-2.83203E-03
6.3680E-07,6.93359E-03
6.3720E-07,-7.71484E-03
6.3760E-07,6.93359E-03
6.3800E-07,-2.83203E-03
6.3840E-07,1.18164E-02
6.3880E-07,1.66992E-02
6.3920E-07,6.93359E-03
6.3960E-07,2.05078E-03
6.4000E-07,1.66992E-02
6.4040E-07,1.66992E-02
6.4080E-07,2.15820E-02
6.4120E-07,2.05078E-03
6.4160E-07,6.93359E-03
6.4200E-07,6.93359E-03
6.4240E-07,1.66992E-02
6.4280E-07,2.05078E-03
6.4320E-07,-2.83203E-03
6.4360E-07,1.18164E-02
6.4400E-07,6.93359E-03
6.4440E-07,1.18164E-02
6.4480E-07,1.18164E-02
6.4520E-07,-7.71484E-03
6.4560E-07,2.05078E-03
6.4600E-07,1.18164E-02
6.4640E-07,1.66992E-02
6.4680E-07,6.93359E-03
6.4720E-07,2.15820E-02
6.4760E-07,1.18164E-02
6.4800E-07,2.15820E-02
6.4840E-07,2.05078E-03
6.4880E-07,-7.71484E-03
6.4920E-07,1.66992E-02
6.4960E-07,3.13477E-02
6.5000E-07,-7.71484E-03
6.5040E-07,1.66992E-02
6.5080E-07,6.93359E-03
6.5120E-07,2.05078E-03
6.5160E-07,1.18164E-02
6.5200E-07,1.18164E-02
6.5240E-07,6.93359E-03
6.5280E-07,1.18164E-02
6.5320E-07,1.18164E-02
6.5360E-07,1.66992E-02
6.5400E-07,1.66992E-02
6.5440E-07,6.93359E-03
6.5480E-07,1.18164E-02
6.5520E-07,2.05078E-03
6.5560E-07,1.18164E-02
6.5600E-07,6.93359E-03
6.5640E-07,6.93359E-03
6.5680E-07,1.66992E-02
6.5720E-07,6.93359E-03
6.5760E-07,3.62305E-02
6.5800E-07,2.05078E-03
6.5840E-07,2.05078E-03
6.5880E-07,2.15820E-02
6.5920E-07,1.66992E-02
6.5960E-07,1.66992E-02
6.6000E-07,6.93359E-03
6.6040E-07,1.18164E-02
6.6080E-07,6.93359E-03
6.6120E-07,1.18164E-02
6.6160E-07,1.66992E-02
6.6200E-07,6.93359E-03
6.6240E-07,1.18164E-02
6.6280E-07,6.93359E-03
6.6320E-07,2.05078E-03
6.6360E-07,2.64648E-02
6.6400E-07,2.15820E-02
6.6440E-07,3.13477E-02
6.6480E-07,1.18164E-02
6.6520E-07,6.93359E-03
6.6560E-07,2.05078E-03
6.6600E-07,2.05078E-03
6.6640E-07,-2.83203E-03
6.6680E-07,6.93359E-03
6.6720E-07,6.93359E-03
6.6760E-07,-7.71484E-03
6.6800E-07,2.05078E-03
6.6840E-07,6.93359E-03
6.6880E-07,2.64648E-02
6.6920E-07,1.66992E-02
6.6960E-07,-2.83203E-03
6.7000E-07,-2.83203E-03
6.7040E-07,1.66992E-02
6.7080E-07,6.93359E-03
6.7120E-07,6.93359E-03
6.7160E-07,2.05078E-03
6.7200E-07,2.05078E-03
6.7240E-07,1.66992E-02
6.7280E-07,2.15820E-02
6.7320E-07,2.05078E-03
6.7360E-07,2.15820E-02
6.7400E-07,2.15820E-02
6.7440E-07,1.66992E-02
6.7480E-07,2.05078E-03
6.7520E-07,2.05078E-03
6.7560E-07,2.15820E-02
6.7600E-07,1.18164E-02
6.7640E-07,2.15820E-02
6.7680E-07,1.18164E-02
6.7720E-07,1.18164E-02
6.7760E-07,6.93359E-03
6.7800E-07,2.15820E-02
6.7840E-07,2.15820E-02
6.7880E-07,1.66992E-02
6.7920E-07,6.93359E-03
6.7960E-07,2.05078E-03
6.8000E-07,2.05078E-03
6.8040E-07,-2.83203E-03
6.8080E-07,1.66992E-02
6.8120E-07,2.15820E-02
6.8160E-07,2.15820E-02
6.8200E-07,1.18164E-02
6.8240E-07,1.66992E-02
6.8280E-07,1.66992E-02
6.8320E-07,2.15820E-02
6.8360E-07,1.18164E-02
6.8400E-07,6.93359E-03
6.8440E-07,6.93359E-03
6.8480E-07,1.18164E-02
6.8520E-07,2.15820E-02
6.8560E-07,-7.71484E-03
6.8600E-07,-7.71484E-03
6.8640E-07,3.62305E-02
6.8680E-07,1.66992E-02
6.8720E-07,1.66992E-02
6.8760E-07,1.66992E-02
6.8800E-07,3.13477E-02
6.8840E-07,6.93359E-03
6.8880E-07,6.93359E-03
6.8920E-07,1.66992E-02
6.8960E-07,2.15820E-02
6.9000E-07,2.64648E-02
6.9040E-07,1.18164E-02
6.9080E-07,6.93359E-03
6.9120E-07,1.66992E-02
6.9160E-07,2.05078E-03
6.9200E-07,1.18164E-02
6.9240E-07,1.18164E-02
6.9280E-07,1.66992E-02
6.9320E-07,6.93359E-03
6.9360E-07,2.05078E-03
6.9400E-07,2.15820E-02
6.9440E-07,1.66992E-02
6.9480E-07,1.66992E-02
6.9520E-07,6.93359E-03
6.9560E-07,1.66992E-02
6.9600E-07,6.93359E-03
6.9640E-07,1.18164E-02
6.9680E-07,1.66992E-02
6.9720E-07,1.18164E-02
6.9760E-07,1.18164E-02
6.9800E-07,1.66992E-02
6.9840E-07,1.18164E-02
6.9880E-07,1.66992E-02
6.9920E-07,2.15820E-02
6.9960E-07,1.66992E-02
7.0000E-07,2.05078E-03
7.0040E-07,6.93359E-03
7.0080E-07,6.93359E-03
7.0120E-07,2.05078E-03
7.0160E-07,1.66992E-02
7.0200E-07,2.05078E-03
7.0240E-07,-2.83203E-03
7.0280E-07,6.93359E-03
7.0320E-07,3.13477E-02
7.0360E-07,2.15820E-02
7.0400E-07,2.64648E-02
7.0440E-07,2.15820E-02
7.0480E-07,1.66992E-02
7.0520E-07,6.93359E-03
7.0560E-07,6.93359E-03
7.0600E-07,1.66992E-02
7.0640E-07,6.93359E-03
7.0680E-07,1.18164E-02
7.0720E-07,1.66992E-02
7.0760E-07,1.66992E-02
7.0800E-07,2.15820E-02
7.0840E-07,1.18164E-02
7.0880E-07,2.15820E-02
7.0920E-07,2.15820E-02
7.0960E-07,6.93359E-03
7.1000E-07,6.93359E-03
7.1040E-07,6.93359E-03
7.1080E-07,6.93359E-03
7.1120E-07,1.18164E-02
7.1160E-07,2.05078E-03
7.1200E-07,6.93359E-03
7.1240E-07,1.66992E-02
7.1280E-07,6.93359E-03
7.1320E-07,6.93359E-03
7.1360E-07,2.15820E-02
7.1400E-07,6.93359E-03
7.1440E-07,1.66992E-02
7.1480E-07,1.18164E-02
7.1520E-07,1.66992E-02
7.1560E-07,6.93359E-03
7.1600E-07,6.93359E-03
7.1640E-07,1.18164E-02
7.1680E-07,1.66992E-02
7.1720E-07,2.05078E-03
7.1760E-07,6.93359E-03
7.1800E-07,2.05078E-03
7.1840E-07,2.05078E-03
7.1880E-07,2.15820E-02
7.1920E-07,3.13477E-02
7.1960E-07,2.15820E-02
7.2000E-07,-2.83203E-03
7.2040E-07,6.93359E-03
7.2080E-07,-7.71484E-03
7.2120E-07,6.93359E-03
7.2160E-07,2.15820E-02
7.2200E-07,1.66992E-02
7.2240E-07,6.93359E-03
7.2280E-07,6.93359E-03
7.2320E-07,2.64648E-02
7.2360E-07,6.93359E-03
7.2400E-07,6.93359E-03
7.2440E-07,6.93359E-03
7.2480E-07,1.66992E-02
7.2520E-07,1.66992E-02
7.2560E-07,1.66992E-02
7.2600E-07,-1.25977E-02
7.2640E-07,6.93359E-03
7.2680E-07,1.66992E-02
7.2720E-07,1.66992E-02
7.2760E-07,1.18164E-02
7.2800E-07,2.64648E-02
7.2840E-07,2.15820E-02
7.2880E-07,2.15820E-02
7.2920E-07,2.05078E-03
7.2960E-07,1.18164E-02
7.3000E-07,1.66992E-02
7.3040E-07,2.05078E-03
7.3080E-07,2.05078E-03
7.3120E-07,-2.83203E-03
7.3160E-07,2.05078E-03
7.3200E-07,-2.83203E-03
7.3240E-07,-2.83203E-03
7.3280E-07,6.93359E-03
7.3320E-07,6.93359E-03
7.3360E-07,2.05078E-03
7.3400E-07,6.93359E-03
7.3440E-07,2.15820E-02
7.3480E-07,2.15820E-02
7.3520E-07,1.66992E-02
7.3560E-07,1.18164E-02
7.3600E-07,6.93359E-03
7.3640E-07,2.15820E-02
7.3680E-07,1.66992E-02
7.3720E-07,1.66992E-02
7.3760E-07,1.18164E-02
7.3800E-07,6.93359E-03
7.3840E-07,6.93359E-03
7.3880E-07,-7.71484E-03
7.3920E-07,-2.83203E-03
7.3960E-07,1.66992E-02
7.4000E-07,6.93359E-03
7.4040E-07,1.18164E-02
7.4080E-07,1.66992E-02
7.4120E-07,2.05078E-03
7.4160E-07,1.66992E-02
7.4200E-07,2.15820E-02
7.4240E-07,1.18164E-02
7.4280E-07,6.93359E-03
7.4320E-07,1.18164E-02
7.4360E-07,6.93359E-03
7.4400E-07,2.05078E-03
7.4440E-07,1.18164E-02
7.4480E-07,-2.83203E-03
7.4520E-07,1.18164E-02
7.4560E-07,2.05078E-03
7.4600E-07,2.05078E-03
7.4640E-07,6.93359E-03
7.4680E-07,6.93359E-03
7.4720E-07,1.18164E-02
7.4760E-07,2.15820E-02
7.4800E-07,2.15820E-02
7.4840E-07,2.05078E-03
7.4880E-07,6.93359E-03
7.4920E-07,2.64648E-02
7.4960E-07,3.62305E-02
7.5000E-07,2.15820E-02
7.5040E-07,1.18164E-02
7.5080E-07,2.15820E-02
7.5120E-07,2.15820E-02
7.5160E-07,6.93359E-03
7.5200E-07,6.93359E-03
7.5240E-07,6.93359E-03
7.5280E-07,2.64648E-02
7.5320E-07,1.66992E-02
7.5360E-07,1.66992E-02
7.5400E-07,2.05078E-03
7.5440E-07,-7.71484E-03
7.5480E-07,2.05078E-03
7.5520E-07,2.15820E-02
7.5560E-07,1.18164E-02
7.5600E-07,2.15820E-02
7.5640E-07,-2.83203E-03
7.5680E-07,-7.71484E-03
7.5720E-07,6.93359E-03
7.5760E-07,2.05078E-03
7.5800E-07,6.93359E-03
7.5840E-07,2.05078E-03
7.5880E-07,1.18164E-02
7.5920E-07,6.93359E-03
7.5960E-07,2.15820E-02
7.6000E-07,2.15820E-02
7.6040E-07,1.66992E-02
7.6080E-07,6.93359E-03
7.6120E-07,2.15820E-02
7.6160E-07,1.66992E-02
7.6200E-07,6.93359E-03
7.6240E-07,6.93359E-03
7.6280E-07,1.66992E-02
7.6320E-07,1.66992E-02
7.6360E-07,1.18164E-02
7.6400E-07,2.05078E-03
7.6440E-07,2.05078E-03
7.6480E-07,1.66992E-02
7.6520E-07,6.93359E-03
7.6560E-07,2.05078E-03
7.6600E-07,1.18164E-02
7.6640E-07,1.18164E-02
7.6680E-07,1.66992E-02
7.6720E-07,-7.71484E-03
7.6760E-07,3.13477E-02
7.6800E-07,2.64648E-02
7.6840E-07,-2.83203E-03
7.6880E-07,2.05078E-03
7.6920E-07,-7.71484E-03
7.6960E-07,1.18164E-02
7.7000E-07,2.15820E-02
7.7040E-07,1.66992E-02
7.7080E-07,6.93359E-03
7.7120E-07,1.66992E-02
7.7160E-07,1.18164E-02
7.7200E-07,1.66992E-02
7.7240E-07,6.93359E-03
7.7280E-07,1.18164E-02
7.7320E-07,1.66992E-02
7.7360E-07,6.93359E-03
7.7400E-07,1.66992E-02
7.7440E-07,1.66992E-02
7.7480E-07,2.05078E-03
7.7520E-07,1.66992E-02
7.7560E-07,2.15820E-02
7.7600E-07,1.18164E-02
7.7640E-07,-7.71484E-03
7.7680E-07,1.18164E-02
7.7720E-07,1.66992E-02
7.7760E-07,2.15820E-02
7.7800E-07,2.05078E-03
7.7840E-07,6.93359E-03
7.7880E-07,1.66992E-02
7.7920E-07,1.18164E-02
7.7960E-07,2.15820E-02
7.8000E-07,1.18164E-02
7.8040E-07,6.93359E-03
7.8080E-07,1.66992E-02
7.8120E-07,2.15820E-02
7.8160E-07,2.64648E-02
7.8200E-07,1.18164E-02
7.8240E-07,2.05078E-03
7.8280E-07,1.66992E-02
7.8320E-07,1.18164E-02
7.8360E-07,-2.83203E-03
7.8400E-07,2.05078E-03
7.8440E-07,3.13477E-02
7.8480E-07,2.15820E-02
7.8520E-07,6.93359E-03
7.8560E-07,3.13477E-02
7.8600E-07,6.93359E-03
7.8640E-07,1.66992E-02
7.8680E-07,2.05078E-03
7.8720E-07,1.66992E-02
7.8760E-07,1.66992E-02
7.8800E-07,2.15820E-02
7.8840E-07,1.66992E-02
7.8880E-07,6.93359E-03
7.8920E-07,2.15820E-02
7.8960E-07,2.15820E-02
7.9000E-07,6.93359E-03
7.9040E-07,-1.25977E-02
7.9080E-07,6.93359E-03
7.9120E-07,2.15820E-02
7.9160E-07,-7.71484E-03
7.9200E-07,1.66992E-02
7.9240E-07,2.05078E-03
7.9280E-07,1.66992E-02
7.9320E-07,2.15820E-02
7.9360E-07,2.05078E-03
7.9400E-07,6.93359E-03
7.9440E-07,6.93359E-03
7.9480E-07,-7.71484E-03
7.9520E-07,1.66992E-02
7.9560E-07,6.93359E-03
7.9600E-07,2.15820E-02
7.9640E-07,6.93359E-03
7.9680E-07,2.64648E-02
7.9720E-07,6.93359E-03
7.9760E-07,1.66992E-02
7.9800E-07,6.93359E-03
7.9840E-07,2.15820E-02
7.9880E-07,2.15820E-02
7.9920E-07,2.15820E-02
7.9960E-07,1.66992E-02
8.0000E-07,1.66992E-02
8.0040E-07,1.18164E-02
8.0080E-07,6.93359E-03
8.0120E-07,2.05078E-03
8.0160E-07,6.93359E-03
8.0200E-07,2.15820E-02
8.0240E-07,2.05078E-03
8.0280E-07,2.15820E-02
8.0320E-07,2.05078E-03
8.0360E-07,1.66992E-02
8.0400E-07,-7.71484E-03
8.0440E-07,2.05078E-03
8.0480E-07,1.66992E-02
8.0520E-07,6.93359E-03
8.0560E-07,1.66992E-02
8.0600E-07,1.18164E-02
8.0640E-07,1.18164E-02
8.0680E-07,1.18164E-02
8.0720E-07,6.93359E-03
8.0760E-07,2.05078E-03
8.0800E-07,2.64648E-02
8.0840E-07,2.05078E-03
8.0880E-07,1.66992E-02
8.0920E-07,3.13477E-02
8.0960E-07,1.66992E-02
8.1000E-07,1.18164E-02
8.1040E-07,1.18164E-02
8.1080E-07,1.18164E-02
8.1120E-07,1.18164E-02
8.1160E-07,6.93359E-03
8.1200E-07,1.18164E-02
8.1240E-07,1.66992E-02
8.1280E-07,6.93359E-03
8.1320E-07,2.15820E-02
8.1360E-07,2.15820E-02
8.1400E-07,6.93359E-03
8.1440E-07,1.66992E-02
8.1480E-07,6.93359E-03
8.1520E-07,2.05078E-03
8.1560E-07,6.93359E-03
8.1600E-07,6.93359E-03
8.1640E-07,1.18164E-02
8.1680E-07,3.62305E-02
8.1720E-07,1.18164E-02
8.1760E-07,2.64648E-02
8.1800E-07,1.18164E-02
8.1840E-07,1.18164E-02
8.1880E-07,1.66992E-02
8.1920E-07,1.18164E-02
8.1960E-07,2.05078E-03
8.2000E-07,2.05078E-03
8.2040E-07,1.18164E-02
8.2080E-07,6.93359E-03
8.2120E-07,6.93359E-03
8.2160E-07,6.93359E-03
8.2200E-07,2.64648E-02
8.2240E-07,6.93359E-03
8.2280E-07,1.18164E-02
8.2320E-07,1.18164E-02
8.2360E-07,1.18164E-02
8.2400E-07,-2.83203E-03
8.2440E-07,2.05078E-03
8.2480E-07,1.18164E-02
8.2520E-07,1.66992E-02
8.2560E-07,1.66992E-02
8.2600E-07,2.64648E-02
8.2640E-07,2.05078E-03
8.2680E-07,2.15820E-02
8.2720E-07,1.18164E-02
8.2760E-07,1.66992E-02
8.2800E-07,2.05078E-03
8.2840E-07,1.18164E-02
8.2880E-07,2.15820E-02
8.2920E-07,1.18164E-02
8.2960E-07,6.93359E-03
8.3000E-07,6.93359E-03
8.3040E-07,2.15820E-02
8.3080E-07,6.93359E-03
8.3120E-07,-2.83203E-03
8.3160E-07,2.05078E-03
8.3200E-07,2.15820E-02
8.3240E-07,2.64648E-02
8.3280E-07,2.05078E-03
8.3320E-07,6.93359E-03
8.3360E-07,2.15820E-02
8.3400E-07,2.15820E-02
8.3440E-07,6.93359E-03
8.3480E-07,-1.25977E-02
8.3520E-07,1.18164E-02
8.3560E-07,2.15820E-02
8.3600E-07,1.18164E-02
8.3640E-07,1.18164E-02
8.3680E-07,2.15820E-02
8.3720E-07,3.13477E-02
8.3760E-07,2.15820E-02
8.3800E-07,1.66992E-02
8.3840E-07,2.15820E-02
8.3880E-07,6.93359E-03
8.3920E-07,6.93359E-03
8.3960E-07,6.93359E-03
8.4000E-07,1.66992E-02
8.4040E-07,1.66992E-02
8.4080E-07,1.66992E-02
8.4120E-07,6.93359E-03
8.4160E-07,2.15820E-02
8.4200E-07,6.93359E-03
8.4240E-07,2.64648E-02
8.4280E-07,1.18164E-02
8.4320E-07,2.05078E-03
8.4360E-07,2.05078E-03
8.4400E-07,6.93359E-03
8.4440E-07,2.05078E-03
8.4480E-07,1.18164E-02
8.4520E-07,2.05078E-03
8.4560E-07,6.93359E-03
8.4600E-07,2.05078E-03
8.4640E-07,2.15820E-02
8.4680E-07,1.66992E-02
8.4720E-07,2.05078E-03
8.4760E-07,6.93359E-03
8.4800E-07,1.66992E-02
8.4840E-07,2.15820E-02
8.4880E-07,2.15820E-02
8.4920E-07,1.66992E-02
8.4960E-07,2.15820E-02
8.5000E-07,1.66992E-02
8.5040E-07,2.05078E-03
8.5080E-07,-2.83203E-03
8.5120E-07,2.05078E-03
8.5160E-07,1.18164E-02
8.5200E-07,2.15820E-02
8.5240E-07,6.93359E-03
8.5280E-07,2.64648E-02
8.5320E-07,1.66992E-02
8.5360E-07,1.66992E-02
8.5400E-07,6.93359E-03
8.5440E-07,3.13477E-02
8.5480E-07,1.66992E-02
8.5520E-07,1.66992E-02
8.5560E-07,1.66992E-02
8.5600E-07,1.66992E-02
8.5640E-07,2.64648E-02
8.5680E-07,-2.83203E-03
8.5720E-07,2.15820E-02
8.5760E-07,2.05078E-03
8.5800E-07,2.05078E-03
8.5840E-07,6.93359E-03
8.5880E-07,1.18164E-02
8.5920E-07,1.18164E-02
8.5960E-07,1.18164E-02
8.6000E-07,1.66992E-02
8.6040E-07,1.18164E-02
8.6080E-07,-7.71484E-03
8.6120E-07,6.93359E-03
8.6160E-07,2.05078E-03
8.6200E-07,6.93359E-03
8.6240E-07,2.15820E-02
8.6280E-07,6.93359E-03
8.6320E-07,2.15820E-02
8.6360E-07,1.66992E-02
8.6400E-07,1.66992E-02
8.6440E-07,2.05078E-03
8.6480E-07,-7.71484E-03
8.6520E-07,1.18164E-02
8.6560E-07,2.15820E-02
8.6600E-07,6.93359E-03
8.6640E-07,6.93359E-03
8.6680E-07,1.18164E-02
8.6720E-07,1.18164E-02
8.6760E-07,1.66992E-02
8.6800E-07,2.05078E-03
8.6840E-07,2.64648E-02
8.6880E-07,6.93359E-03
8.6920E-07,2.05078E-03
8.6960E-07,1.18164E-02
8.7000E-07,6.93359E-03
8.7040E-07,2.15820E-02
8.7080E-07,1.18164E-02
8.7120E-07,6.93359E-03
8.7160E-07,1.66992E-02
8.7200E-07,6.93359E-03
8.7240E-07,2.15820E-02
8.7280E-07,6.93359E-03
8.7320E-07,2.64648E-02
8.7360E-07,1.66992E-02
8.7400E-07,6.93359E-03
8.7440E-07,1.66992E-02
8.7480E-07,6.93359E-03
8.7520E-07,2.15820E-02
8.7560E-07,1.18164E-02
8.7600E-07,1.66992E-02
8.7640E-07,2.05078E-03
8.7680E-07,1.18164E-02
8.7720E-07,2.64648E-02
8.7760E-07,1.66992E-02
8.7800E-07,-7.71484E-03
8.7840E-07,1.66992E-02
8.7880E-07,2.15820E-02
8.7920E-07,2.15820E-02
8.7960E-07,2.05078E-03
8.8000E-07,1.18164E-02
8.8040E-07,6.93359E-03
8.8080E-07,2.64648E-02
8.8120E-07,6.93359E-03
8.8160E-07,2.15820E-02
8.8200E-07,1.18164E-02
8.8240E-07,2.64648E-02
8.8280E-07,6.93359E-03
8.8320E-07,1.66992E-02
8.8360E-07,1.18164E-02
8.8400E-07,2.05078E-03
8.8440E-07,6.93359E-03
8.8480E-07,2.15820E-02
8.8520E-07,-2.83203E-03
8.8560E-07,6.93359E-03
8.8600E-07,6.93359E-03
8.8640E-07,6.93359E-03
8.8680E-07,6.93359E-03
8.8720E-07,-2.83203E-03
8.8760E-07,2.05078E-03
8.8800E-07,2.05078E-03
8.8840E-07,6.93359E-03
8.8880E-07,1.18164E-02
8.8920E-07,6.93359E-03
8.8960E-07,1.18164E-02
8.9000E-07,1.66992E-02
8.9040E-07,1.66992E-02
8.9080E-07,6.93359E-03
8.9120E-07,1.66992E-02
8.9160E-07,1.66992E-02
8.9200E-07,6.93359E-03
8.9240E-07,2.15820E-02
8.9280E-07,1.18164E-02
8.9320E-07,1.18164E-02
8.9360E-07,1.66992E-02
8.9400E-07,1.66992E-02
8.9440E-07,3.62305E-02
8.9480E-07,2.64648E-02
8.9520E-07,1.66992E-02
8.9560E-07,1.66992E-02
8.9600E-07,2.15820E-02
8.9640E-07,6.93359E-03
8.9680E-07,2.15820E-02
8.9720E-07,2.05078E-03
8.9760E-07,1.66992E-02
8.9800E-07,1.18164E-02
8.9840E-07,1.66992E-02
8.9880E-07,1.66992E-02
8.9920E-07,2.05078E-03
8.9960E-07,6.93359E-03
9.0000E-07,1.18164E-02
9.0040E-07,6.93359E-03
9.0080E-07,2.15820E-02
9.0120E-07,1.18164E-02
9.0160E-07,6.93359E-03
9.0200E-07,2.05078E-03
9.0240E-07,1.66992E-02
9.0280E-07,6.93359E-03
9.0320E-07,1.66992E-02
9.0360E-07,2.05078E-03
9.0400E-07,2.05078E-03
9.0440E-07,2.64648E-02
9.0480E-07,2.05078E-03
9.0520E-07,3.13477E-02
9.0560E-07,1.66992E-02
9.0600E-07,2.15820E-02
9.0640E-07,6.93359E-03
9.0680E-07,2.05078E-03
9.0720E-07,6.93359E-03
9.0760E-07,2.05078E-03
9.0800E-07,6.93359E-03
9.0840E-07,6.93359E-03
9.0880E-07,3.13477E-02
9.0920E-07,1.66992E-02
9.0960E-07,2.15820E-02
9.1000E-07,1.18164E-02
9.1040E-07,1.18164E-02
9.1080E-07,-7.71484E-03
9.1120E-07,1.66992E-02
9.1160E-07,1.18164E-02
9.1200E-07,3.13477E-02
9.1240E-07,2.64648E-02
9.1280E-07,2.15820E-02
9.1320E-07,6.93359E-03
9.1360E-07,2.15820E-02
9.1400E-07,2.15820E-02
9.1440E-07,1.18164E-02
9.1480E-07,6.93359E-03
9.1520E-07,1.18164E-02
9.1560E-07,1.18164E-02
9.1600E-07,-2.83203E-03
9.1640E-07,2.05078E-03
9.1680E-07,1.66992E-02
9.1720E-07,6.93359E-03
9.1760E-07,2.15820E-02
9.1800E-07,2.05078E-03
9.1840E-07,2.05078E-03
9.1880E-07,-1.25977E-02
9.1920E-07,6.93359E-03
9.1960E-07,1.18164E-02
9.2000E-07,6.93359E-03
9.2040E-07,6.93359E-03
9.2080E-07,4.11133E-02
9.2120E-07,6.93359E-03
9.2160E-07,2.64648E-02
9.2200E-07,1.66992E-02
9.2240E-07,6.93359E-03
9.2280E-07,2.15820E-02
9.2320E-07,2.15820E-02
9.2360E-07,1.18164E-02
9.2400E-07,2.05078E-03
9.2440E-07,2.15820E-02
9.2480E-07,2.05078E-03
9.2520E-07,6.93359E-03
9.2560E-07,1.66992E-02
9.2600E-07,1.66992E-02
9.2640E-07,2.15820E-02
9.2680E-07,6.93359E-03
9.2720E-07,1.66992E-02
9.2760E-07,2.15820E-02
9.2800E-07,1.18164E-02
9.2840E-07,2.05078E-03
9.2880E-07,6.93359E-03
9.2920E-07,2.15820E-02
9.2960E-07,2.05078E-03
9.3000E-07,1.18164E-02
9.3040E-07,2.05078E-03
9.3080E-07,1.66992E-02
9.3120E-07,1.18164E-02
9.3160E-07,2.64648E-02
9.3200E-07,3.62305E-02
9.3240E-07,1.66992E-02
9.3280E-07,2.15820E-02
9.3320E-07,1.18164E-02
9.3360E-07,1.66992E-02
9.3400E-07,6.93359E-03
9.3440E-07,1.66992E-02
9.3480E-07,2.15820E-02
9.3520E-07,2.05078E-03
9.3560E-07,2.15820E-02
9.3600E-07,6.93359E-03
9.3640E-07,1.18164E-02
9.3680E-07,1.18164E-02
9.3720E-07,6.93359E-03
9.3760E-07,1.66992E-02
9.3800E-07,1.18164E-02
9.3840E-07,2.15820E-02
9.3880E-07,1.18164E-02
9.3920E-07,1.18164E-02
9.3960E-07,1.66992E-02
9.4000E-07,3.62305E-02
9.4040E-07,1.66992E-02
9.4080E-07,1.18164E-02
9.4120E-07,1.66992E-02
9.4160E-07,2.15820E-02
9.4200E-07,1.66992E-02
9.4240E-07,2.15820E-02
9.4280E-07,6.93359E-03
9.4320E-07,2.05078E-03
9.4360E-07,6.93359E-03
9.4400E-07,2.15820E-02
9.4440E-07,1.18164E-02
9.4480E-07,1.66992E-02
9.4520E-07,1.66992E-02
9.4560E-07,-2.83203E-03
9.4600E-07,2.15820E-02
9.4640E-07,1.66992E-02
9.4680E-07,2.15820E-02
9.4720E-07,2.15820E-02
9.4760E-07,2.15820E-02
9.4800E-07,6.93359E-03
9.4840E-07,2.64648E-02
9.4880E-07,2.05078E-03
9.4920E-07,3.13477E-02
9.4960E-07,2.15820E-02
9.5000E-07,1.18164E-02
9.5040E-07,6.93359E-03
9.5080E-07,1.18164E-02
9.5120E-07,2.64648E-02
9.5160E-07,2.15820E-02
9.5200E-07,2.64648E-02
9.5240E-07,1.66992E-02
9.5280E-07,2.05078E-03
9.5320E-07,1.18164E-02
9.5360E-07,2.64648E-02
9.5400E-07,1.66992E-02
9.5440E-07,2.15820E-02
9.5480E-07,6.93359E-03
9.5520E-07,1.66992E-02
9.5560E-07,2.64648E-02
9.5600E-07,2.15820E-02
9.5640E-07,2.05078E-03
9.5680E-07,1.66992E-02
9.5720E-07,1.66992E-02
9.5760E-07,1.66992E-02
9.5800E-07,2.64648E-02
9.5840E-07,2.15820E-02
9.5880E-07,6.93359E-03
9.5920E-07,2.64648E-02
9.5960E-07,2.64648E-02
9.6000E-07,1.18164E-02
9.6040E-07,1.66992E-02
9.6080E-07,6.93359E-03
9.6120E-07,1.18164E-02
9.6160E-07,1.66992E-02
9.6200E-07,6.93359E-03
9.6240E-07,1.66992E-02
9.6280E-07,2.15820E-02
9.6320E-07,1.66992E-02
9.6360E-07,-2.83203E-03
9.6400E-07,-2.83203E-03
9.6440E-07,1.18164E-02
9.6480E-07,3.13477E-02
9.6520E-07,3.13477E-02
9.6560E-07,3.13477E-02
9.6600E-07,1.18164E-02
9.6640E-07,2.05078E-03
9.6680E-07,1.18164E-02
9.6720E-07,1.66992E-02
9.6760E-07,6.93359E-03
9.6800E-07,6.93359E-03
9.6840E-07,2.05078E-03
9.6880E-07,1.66992E-02
9.6920E-07,6.93359E-03
9.6960E-07,1.66992E-02
9.7000E-07,2.64648E-02
9.7040E-07,6.93359E-03
9.7080E-07,2.05078E-03
9.7120E-07,2.05078E-03
9.7160E-07,2.05078E-03
9.7200E-07,2.15820E-02
9.7240E-07,6.93359E-03
9.7280E-07,1.66992E-02
9.7320E-07,1.66992E-02
9.7360E-07,6.93359E-03
9.7400E-07,-2.83203E-03
9.7440E-07,1.18164E-02
9.7480E-07,1.66992E-02
9.7520E-07,2.05078E-03
9.7560E-07,1.66992E-02
9.7600E-07,1.66992E-02
9.7640E-07,-2.83203E-03
9.7680E-07,-2.83203E-03
9.7720E-07,2.05078E-03
9.7760E-07,2.05078E-03
9.7800E-07,1.18164E-02
9.7840E-07,6.93359E-03
9.7880E-07,2.64648E-02
9.7920E-07,2.05078E-03
9.7960E-07,2.15820E-02
9.8000E-07,1.66992E-02
9.8040E-07,1.66992E-02
9.8080E-07,6.93359E-03
9.8120E-07,6.93359E-03
9.8160E-07,6.93359E-03
9.8200E-07,5.08789E-02
9.8240E-07,8.01758E-02
9.8280E-07,1.43652E-01
9.8320E-07,2.31543E-01
9.8360E-07,3.09668E-01
9.8400E-07,4.07324E-01
9.8440E-07,5.24512E-01
9.8480E-07,6.41699E-01
9.8520E-07,7.39355E-01
9.8560E-07,8.17480E-01
9.8600E-07,9.05371E-01
9.8640E-07,1.00791E+00
9.8680E-07,1.05674E+00
9.8720E-07,1.12021E+00
9.8760E-07,1.14951E+00
9.8800E-07,1.19346E+00
9.8840E-07,1.21299E+00
9.8880E-07,1.24229E+00
9.8920E-07,1.26182E+00
9.8960E-07,1.27646E+00
9.9000E-07,1.28623E+00
9.9040E-07,1.28623E+00
9.9080E-07,1.30088E+00
9.9120E-07,1.29111E+00
9.9160E-07,1.32529E+00
9.9200E-07,1.32529E+00
9.9240E-07,1.35459E+00
9.9280E-07,1.38877E+00
9.9320E-07,1.38877E+00
9.9360E-07,1.41318E+00
9.9400E-07,1.45225E+00
9.9440E-07,1.46689E+00
9.9480E-07,1.49619E+00
9.9520E-07,1.53525E+00
9.9560E-07,1.54990E+00
9.9600E-07,1.56943E+00
9.9640E-07,1.57920E+00
9.9680E-07,1.57920E+00
9.9720E-07,1.59385E+00
9.9760E-07,1.61338E+00
9.9800E-07,1.61826E+00
9.9840E-07,1.62314E+00
9.9880E-07,1.63291E+00
9.9920E-07,1.66221E+00
9.9960E-07,1.69639E+00
1.0000E-06,1.70127E+00
1.0004E-06,1.69639E+00
1.0008E-06,1.74033E+00
1.0012E-06,1.74521E+00
1.0016E-06,1.75986E+00
1.0020E-06,1.76963E+00
1.0024E-06,1.77939E+00
1.0028E-06,1.79893E+00
1.0032E-06,1.80381E+00
1.0036E-06,1.83311E+00
1.0040E-06,1.83311E+00
1.0044E-06,1.86240E+00
1.0048E-06,1.86729E+00
1.0052E-06,1.86729E+00
1.0056E-06,1.86729E+00
1.0060E-06,1.88193E+00
1.0064E-06,1.90635E+00
1.0068E-06,1.89658E+00
1.0072E-06,1.91611E+00
1.0076E-06,1.91611E+00
1.0080E-06,1.92100E+00
1.0084E-06,1.93076E+00
1.0088E-06,1.94541E+00
1.0092E-06,1.96006E+00
1.0096E-06,1.96494E+00
1.0100E-06,1.96982E+00
1.0104E-06,1.97959E+00
1.0108E-06,1.99912E+00
1.0112E-06,2.00400E+00
1.0116E-06,2.01377E+00
1.0120E-06,2.01377E+00
1.0124E-06,2.00889E+00
1.0128E-06,2.02354E+00
1.0132E-06,2.04795E+00
1.0136E-06,2.05283E+00
1.0140E-06,2.05283E+00
1.0144E-06,2.08213E+00
1.0148E-06,2.09189E+00
1.0152E-06,2.09678E+00
1.0156E-06,2.09678E+00
1.0160E-06,2.09678E+00
1.0164E-06,2.08213E+00
1.0168E-06,2.08701E+00
1.0172E-06,2.10654E+00
1.0176E-06,2.11631E+00
1.0180E-06,2.10166E+00
1.0184E-06,2.11631E+00
1.0188E-06,2.14561E+00
1.0192E-06,2.14561E+00
1.0196E-06,2.15049E+00
1.0200E-06,2.16025E+00
1.0204E-06,2.15537E+00
1.0208E-06,2.16514E+00
1.0212E-06,2.15049E+00
1.0216E-06,2.16514E+00
1.0220E-06,2.17002E+00
1.0224E-06,2.17490E+00
1.0228E-06,2.18955E+00
1.0232E-06,2.18955E+00
1.0236E-06,2.18955E+00
1.0240E-06,2.18467E+00
1.0244E-06,2.18955E+00
1.0248E-06,2.22373E+00
1.0252E-06,2.22373E+00
1.0256E-06,2.22373E+00
1.0260E-06,2.22373E+00
1.0264E-06,2.21396E+00
1.0268E-06,2.22861E+00
1.0272E-06,2.23350E+00
1.0276E-06,2.24814E+00
1.0280E-06,2.24326E+00
1.0284E-06,2.23350E+00
1.0288E-06,2.25303E+00
1.0292E-06,2.24814E+00
1.0296E-06,2.24814E+00
1.0300E-06,2.23350E+00
1.0304E-06,2.25303E+00
1.0308E-06,2.26279E+00
1.0312E-06,2.27744E+00
1.0316E-06,2.25303E+00
1.0320E-06,2.27744E+00
1.0324E-06,2.27744E+00
1.0328E-06,2.26768E+00
1.0332E-06,2.28721E+00
1.0336E-06,2.29209E+00
1.0340E-06,2.29697E+00
1.0344E-06,2.31162E+00
1.0348E-06,2.29209E+00
1.0352E-06,2.29697E+00
1.0356E-06,2.29697E+00
1.0360E-06,2.30186E+00
1.0364E-06,2.31650E+00
1.0368E-06,2.31650E+00
1.0372E-06,2.31650E+00
1.0376E-06,2.31162E+00
1.0380E-06,2.30674E+00
1.0384E-06,2.32139E+00
1.0388E-06,2.31162E+00
1.0392E-06,2.31162E+00
1.0396E-06,2.31162E+00
1.0400E-06,2.33115E+00
1.0404E-06,2.33604E+00
1.0408E-06,2.34580E+00
1.0412E-06,2.32627E+00
1.0416E-06,2.34092E+00
1.0420E-06,2.33115E+00
1.0424E-06,2.34580E+00
1.0428E-06,2.33604E+00
1.0432E-06,2.35557E+00
1.0436E-06,2.35068E+00
1.0440E-06,2.34580E+00
1.0444E-06,2.33604E+00
1.0448E-06,2.33115E+00
1.0452E-06,2.34580E+00
1.0456E-06,2.35557E+00
1.0460E-06,2.36533E+00
1.0464E-06,2.35068E+00
1.0468E-06,2.36533E+00
1.0472E-06,2.37021E+00
1.0476E-06,2.34580E+00
1.0480E-06,2.36533E+00
1.0484E-06,2.36533E+00
1.0488E-06,2.35557E+00
1.0492E-06,2.37021E+00
1.0496E-06,2.38486E+00
1.0500E-06,2.37021E+00
1.0504E-06,2.38486E+00
1.0508E-06,2.37021E+00
1.0512E-06,2.37998E+00
1.0516E-06,2.37998E+00
1.0520E-06,2.37021E+00
1.0524E-06,2.38486E+00
1.0528E-06,2.38486E+00
1.0532E-06,2.38486E+00
1.0536E-06,2.37998E+00
1.0540E-06,2.38975E+00
1.0544E-06,2.38486E+00
1.0548E-06,2.37998E+00
1.0552E-06,2.37021E+00
1.0556E-06,2.38486E+00
1.0560E-06,2.37510E+00
1.0564E-06,2.39463E+00
1.0568E-06,2.40439E+00
1.0572E-06,2.39463E+00
1.0576E-06,2.39951E+00
1.0580E-06,2.38975E+00
1.0584E-06,2.38486E+00
1.0588E-06,2.39463E+00
1.0592E-06,2.40439E+00
1.0596E-06,2.39463E+00
1.0600E-06,2.39463E+00
1.0604E-06,2.41904E+00
1.0608E-06,2.39951E+00
1.0612E-06,2.41904E+00
1.0616E-06,2.40439E+00
1.0620E-06,2.40928E+00
1.0624E-06,2.41904E+00
1.0628E-06,2.39463E+00
1.0632E-06,2.39951E+00
1.0636E-06,2.40439E+00
1.0640E-06,2.40928E+00
1.0644E-06,2.39951E+00
1.0648E-06,2.39951E+00
1.0652E-06,2.41416E+00
1.0656E-06,2.42393E+00
1.0660E-06,2.39463E+00
1.0664E-06,2.40439E+00
1.0668E-06,2.41416E+00
1.0672E-06,2.40439E+00
1.0676E-06,2.41416E+00
1.0680E-06,2.41416E+00
1.0684E-06,2.41416E+00
1.0688E-06,2.41904E+00
1.0692E-06,2.41416E+00
1.0696E-06,2.41904E+00
1.0700E-06,2.43857E+00
1.0704E-06,2.43369E+00
1.0708E-06,2.41904E+00
1.0712E-06,2.41904E+00
1.0716E-06,2.41904E+00
1.0720E-06,2.42881E+00
1.0724E-06,2.41904E+00
1.0728E-06,2.42881E+00
1.0732E-06,2.40439E+00
1.0736E-06,2.40439E+00
1.0740E-06,2.39951E+00
1.0744E-06,2.41416E+00
1.0748E-06,2.40928E+00
1.0752E-06,2.43369E+00
1.0756E-06,2.41904E+00
1.0760E-06,2.42393E+00
1.0764E-06,2.43369E+00
1.0768E-06,2.41904E+00
1.0772E-06,2.42393E+00
1.0776E-06,2.42881E+00
1.0780E-06,2.41904E+00
1.0784E-06,2.43857E+00
1.0788E-06,2.42393E+00
1.0792E-06,2.43857E+00
1.0796E-06,2.42881E+00
1.0800E-06,2.43857E+00
1.0804E-06,2.41416E+00
1.0808E-06,2.42881E+00
1.0812E-06,2.44346E+00
1.0816E-06,2.42393E+00
1.0820E-06,2.41904E+00
1.0824E-06,2.43857E+00
1.0828E-06,2.43369E+00
1.0832E-06,2.43857E+00
1.0836E-06,2.43857E+00
1.0840E-06,2.42393E+00
1.0844E-06,2.43369E+00
1.0848E-06,2.43369E+00
1.0852E-06,2.42881E+00
1.0856E-06,2.45322E+00
1.0860E-06,2.42393E+00
1.0864E-06,2.42881E+00
1.0868E-06,2.45811E+00
1.0872E-06,2.45322E+00
1.0876E-06,2.44346E+00
1.0880E-06,2.44346E+00
1.0884E-06,2.43857E+00
1.0888E-06,2.43857E+00
1.0892E-06,2.45322E+00
1.0896E-06,2.43369E+00
1.0900E-06,2.43857E+00
1.0904E-06,2.43369E+00
1.0908E-06,2.42881E+00
1.0912E-06,2.42881E+00
1.0916E-06,2.43369E+00
1.0920E-06,2.43857E+00
1.0924E-06,2.43369E+00
1.0928E-06,2.42393E+00
1.0932E-06,2.45811E+00
1.0936E-06,2.43369E+00
1.0940E-06,2.43857E+00
1.0944E-06,2.44346E+00
1.0948E-06,2.45811E+00
1.0952E-06,2.41904E+00
1.0956E-06,2.43857E+00
1.0960E-06,2.45322E+00
1.0964E-06,2.45322E+00
1.0968E-06,2.44834E+00
1.0972E-06,2.44346E+00
1.0976E-06,2.43369E+00
1.0980E-06,2.43857E+00
1.0984E-06,2.45322E+00
1.0988E-06,2.43369E+00
1.0992E-06,2.44834E+00
1.0996E-06,2.45322E+00
1.1000E-06,2.42881E+00
1.1004E-06,2.44834E+00
1.1008E-06,2.44346E+00
1.1012E-06,2.43857E+00
1.1016E-06,2.45322E+00
1.1020E-06,2.44834E+00
1.1024E-06,2.45322E+00
1.1028E-06,2.44834E+00
1.1032E-06,2.45811E+00
1.1036E-06,2.43369E+00
1.1040E-06,2.45322E+00
1.1044E-06,2.41904E+00
1.1048E-06,2.45322E+00
1.1052E-06,2.43857E+00
1.1056E-06,2.43857E+00
1.1060E-06,2.44834E+00
1.1064E-06,2.44346E+00
1.1068E-06,2.45811E+00
1.1072E-06,2.42881E+00
1.1076E-06,2.45322E+00
1.1080E-06,2.44834E+00
1.1084E-06,2.44346E+00
1.1088E-06,2.43857E+00
1.1092E-06,2.45322E+00
1.1096E-06,2.44346E+00
1.1100E-06,2.45322E+00
1.1104E-06,2.45811E+00
1.1108E-06,2.43369E+00
1.1112E-06,2.46299E+00
1.1116E-06,2.44346E+00
1.1120E-06,2.45322E+00
1.1124E-06,2.43857E+00
1.1128E-06,2.44834E+00
1.1132E-06,2.45322E+00
1.1136E-06,2.44834E+00
1.1140E-06,2.44834E+00
1.1144E-06,2.45322E+00
1.1148E-06,2.43857E+00
1.1152E-06,2.45811E+00
1.1156E-06,2.42881E+00
1.1160E-06,2.45322E+00
1.1164E-06,2.43857E+00
1.1168E-06,2.45811E+00
1.1172E-06,2.46299E+00
1.1176E-06,2.45322E+00
1.1180E-06,2.44346E+00
1.1184E-06,2.45322E+00
1.1188E-06,2.44834E+00
1.1192E-06,2.45811E+00
1.1196E-06,2.44834E+00
1.1200E-06,2.44346E+00
1.1204E-06,2.43857E+00
1.1208E-06,2.43857E+00
1.1212E-06,2.44346E+00
1.1216E-06,2.44346E+00
1.1220E-06,2.45322E+00
1.1224E-06,2.44346E+00
1.1228E-06,2.44346E+00
1.1232E-06,2.45322E+00
1.1236E-06,2.43857E+00
1.1240E-06,2.43857E+00
1.1244E-06,2.45811E+00
1.1248E-06,2.44834E+00
1.1252E-06,2.44346E+00
1.1256E-06,2.44834E+00
1.1260E-06,2.43857E+00
1.1264E-06,2.44346E+00
1.1268E-06,2.45811E+00
1.1272E-06,2.44834E+00
1.1276E-06,2.43857E+00
1.1280E-06,2.45322E+00
1.1284E-06,2.44346E+00
1.1288E-06,2.45811E+00
1.1292E-06,2.44346E+00
1.1296E-06,2.46299E+00
1.1300E-06,2.43857E+00
1.1304E-06,2.42881E+00
1.1308E-06,2.45322E+00
1.1312E-06,2.45811E+00
1.1316E-06,2.45322E+00
1.1320E-06,2.45322E+00
1.1324E-06,2.45811E+00
1.1328E-06,2.44834E+00
1.1332E-06,2.44834E+00
1.1336E-06,2.44346E+00
1.1340E-06,2.42881E+00
1.1344E-06,2.45322E+00
1.1348E-06,2.45811E+00
1.1352E-06,2.43369E+00
1.1356E-06,2.42881E+00
1.1360E-06,2.45811E+00
1.1364E-06,2.45811E+00
1.1368E-06,2.44346E+00
1.1372E-06,2.45811E+00
1.1376E-06,2.45322E+00
1.1380E-06,2.44834E+00
1.1384E-06,2.44346E+00
1.1388E-06,2.43857E+00
1.1392E-06,2.45811E+00
1.1396E-06,2.44834E+00
1.1400E-06,2.45322E+00
1.1404E-06,2.44346E+00
1.1408E-06,2.44346E+00
1.1412E-06,2.43857E+00
1.1416E-06,2.42393E+00
1.1420E-06,2.44834E+00
1.1424E-06,2.46299E+00
1.1428E-06,2.45322E+00
1.1432E-06,2.43857E+00
1.1436E-06,2.44834E+00
1.1440E-06,2.46299E+00
1.1444E-06,2.45322E+00
1.1448E-06,2.44346E+00
1.1452E-06,2.45322E+00
1.1456E-06,2.45322E+00
1.1460E-06,2.45322E+00
1.1464E-06,2.44834E+00
1.1468E-06,2.44346E+00
1.1472E-06,2.42881E+00
1.1476E-06,2.45322E+00
1.1480E-06,2.44834E+00
1.1484E-06,2.43857E+00
1.1488E-06,2.44346E+00
1.1492E-06,2.43857E+00
1.1496E-06,2.45811E+00
1.1500E-06,2.43857E+00
1.1504E-06,2.45322E+00
1.1508E-06,2.45322E+00
1.1512E-06,2.44346E+00
1.1516E-06,2.43857E+00
1.1520E-06,2.45322E+00
1.1524E-06,2.46787E+00
1.1528E-06,2.46787E+00
1.1532E-06,2.44346E+00
1.1536E-06,2.44834E+00
1.1540E-06,2.45322E+00
1.1544E-06,2.46787E+00
1.1548E-06,2.43857E+00
1.1552E-06,2.46787E+00
1.1556E-06,2.45811E+00
1.1560E-06,2.45322E+00
1.1564E-06,2.45811E+00
1.1568E-06,2.43857E+00
1.1572E-06,2.43857E+00
1.1576E-06,2.44834E+00
1.1580E-06,2.43369E+00
1.1584E-06,2.44346E+00
1.1588E-06,2.44346E+00
1.1592E-06,2.44834E+00
1.1596E-06,2.45322E+00
1.1600E-06,2.45322E+00
1.1604E-06,2.46787E+00
1.1608E-06,2.43369E+00
1.1612E-06,2.43857E+00
1.1616E-06,2.43369E+00
1.1620E-06,2.44346E+00
1.1624E-06,2.45322E+00
1.1628E-06,2.43857E+00
1.1632E-06,2.45811E+00
1.1636E-06,2.45322E+00
1.1640E-06,2.44346E+00
1.1644E-06,2.43857E+00
1.1648E-06,2.45322E+00
1.1652E-06,2.43857E+00
1.1656E-06,2.44346E+00
1.1660E-06,2.42881E+00
1.1664E-06,2.45322E+00
1.1668E-06,2.44834E+00
1.1672E-06,2.44346E+00
1.1676E-06,2.45322E+00
1.1680E-06,2.43369E+00
1.1684E-06,2.44834E+00
1.1688E-06,2.44834E+00
1.1692E-06,2.44834E+00
1.1696E-06,2.45322E+00
1.1700E-06,2.44834E+00
1.1704E-06,2.43369E+00
1.1708E-06,2.44346E+00
1.1712E-06,2.44834E+00
1.1716E-06,2.43857E+00
1.1720E-06,2.43369E+00
1.1724E-06,2.43857E+00
1.1728E-06,2.46299E+00
1.1732E-06,2.46299E+00
1.1736E-06,2.44346E+00
1.1740E-06,2.45322E+00
1.1744E-06,2.45322E+00
1.1748E-06,2.44346E+00
1.1752E-06,2.44346E+00
1.1756E-06,2.45322E+00
1.1760E-06,2.43369E+00
1.1764E-06,2.43857E+00
1.1768E-06,2.44834E+00
1.1772E-06,2.44346E+00
1.1776E-06,2.44346E+00
1.1780E-06,2.45322E+00
1.1784E-06,2.45811E+00
1.1788E-06,2.44346E+00
1.1792E-06,2.45322E+00
1.1796E-06,2.44346E+00
1.1800E-06,2.44834E+00
1.1804E-06,2.44834E+00
1.1808E-06,2.43857E+00
1.1812E-06,2.44834E+00
1.1816E-06,2.45322E+00
1.1820E-06,2.45322E+00
1.1824E-06,2.45322E+00
1.1828E-06,2.45322E+00
1.1832E-06,2.43369E+00
1.1836E-06,2.45322E+00
1.1840E-06,2.44834E+00
1.1844E-06,2.45322E+00
1.1848E-06,2.44834E+00
1.1852E-06,2.44834E+00
1.1856E-06,2.44346E+00
1.1860E-06,2.45322E+00
1.1864E-06,2.46299E+00
1.1868E-06,2.44346E+00
1.1872E-06,2.46787E+00
1.1876E-06,2.44346E+00
1.1880E-06,2.45811E+00
1.1884E-06,2.43857E+00
1.1888E-06,2.45322E+00
1.1892E-06,2.45322E+00
1.1896E-06,2.44346E+00
1.1900E-06,2.45322E+00
1.1904E-06,2.43857E+00
1.1908E-06,2.46299E+00
1.1912E-06,2.46299E+00
1.1916E-06,2.43857E+00
1.1920E-06,2.44346E+00
1.1924E-06,2.43857E+00
1.1928E-06,2.43369E+00
1.1932E-06,2.44346E+00
1.1936E-06,2.44346E+00
1.1940E-06,2.44834E+00
1.1944E-06,2.44834E+00
1.1948E-06,2.45322E+00
1.1952E-06,2.43857E+00
1.1956E-06,2.44346E+00
1.1960E-06,2.45811E+00
1.1964E-06,2.44834E+00
1.1968E-06,2.44834E+00
1.1972E-06,2.45322E+00
1.1976E-06,2.44834E+00
1.1980E-06,2.43857E+00
1.1984E-06,2.44834E+00
1.1988E-06,2.45811E+00
1.1992E-06,2.45322E+00
1.1996E-06,2.44346E+00
