ISO-10303-21;
HEADER;
FILE_DESCRIPTION (( 'STEP AP214' ),
    '1' );
FILE_NAME ('DQD12.STEP',
    '2024-04-09T08:57:18',
    ( '' ),
    ( '' ),
    'SwSTEP 2.0',
    'SolidWorks 2021',
    '' );
FILE_SCHEMA (( 'AUTOMOTIVE_DESIGN' ));
ENDSEC;

DATA;
#1 = EDGE_CURVE ( 'NONE', #610, #3641, #1138, .T. ) ;
#2 = UNCERTAINTY_MEASURE_WITH_UNIT (LENGTH_MEASURE( 1.000000000000000082E-05 ), #2782, 'distance_accuracy_value', 'NONE');
#3 = VERTEX_POINT ( 'NONE', #1588 ) ;
#4 = CARTESIAN_POINT ( 'NONE',  ( -0.6749999999999993783, 0.1999999999999999833, -0.2999999999999986011 ) ) ;
#5 = CARTESIAN_POINT ( 'NONE',  ( 0.000000000000000000, 0.2000000000000000111, 0.000000000000000000 ) ) ;
#6 = LINE ( 'NONE', #2337, #4158 ) ;
#7 = ADVANCED_FACE ( 'NONE', ( #247 ), #2575, .F. ) ;
#8 = EDGE_LOOP ( 'NONE', ( #2895, #2718, #670, #2269 ) ) ;
#9 = ORIENTED_EDGE ( 'NONE', *, *, #412, .T. ) ;
#10 = CARTESIAN_POINT ( 'NONE',  ( 0.4249999999999992673, 0.5201562118716424044, 0.5000000000000016653 ) ) ;
#11 = AXIS2_PLACEMENT_3D ( 'NONE', #1900, #3580, #2285 ) ;
#12 = LINE ( 'NONE', #3346, #915 ) ;
#13 = LINE ( 'NONE', #1817, #3513 ) ;
#14 = ADVANCED_FACE ( 'NONE', ( #2599 ), #1567, .F. ) ;
#15 = AXIS2_PLACEMENT_3D ( 'NONE', #637, #2642, #2661 ) ;
#16 = AXIS2_PLACEMENT_3D ( 'NONE', #2155, #153, #1830 ) ;
#17 = VERTEX_POINT ( 'NONE', #873 ) ;
#18 = DIRECTION ( 'NONE',  ( 0.000000000000000000, -1.000000000000000000, 0.000000000000000000 ) ) ;
#19 = VECTOR ( 'NONE', #4089, 1000.000000000000000 ) ;
#20 =( NAMED_UNIT ( * ) PLANE_ANGLE_UNIT ( ) SI_UNIT ( $, .RADIAN. ) );
#21 = EDGE_CURVE ( 'NONE', #2503, #2054, #1268, .T. ) ;
#22 = VERTEX_POINT ( 'NONE', #1502 ) ;
#23 = DIRECTION ( 'NONE',  ( 1.734723475976806848E-16, 0.000000000000000000, -1.000000000000000000 ) ) ;
#24 = CARTESIAN_POINT ( 'NONE',  ( 0.4249999999999991562, 0.5201562118716424044, 1.100000000000001199 ) ) ;
#25 = PLANE ( 'NONE',  #1791 ) ;
#26 = DIRECTION ( 'NONE',  ( 1.000000000000000000, 0.000000000000000000, 1.734723475976806848E-16 ) ) ;
#27 = VERTEX_POINT ( 'NONE', #1521 ) ;
#28 = SURFACE_SIDE_STYLE ('',( #4306 ) ) ;
#29 = CARTESIAN_POINT ( 'NONE',  ( -0.4249999999999994338, 0.2000000000000000111, -0.8999999999999990230 ) ) ;
#30 = DIRECTION ( 'NONE',  ( -1.561251128379127963E-15, 0.000000000000000000, -1.000000000000000000 ) ) ;
#31 = AXIS2_PLACEMENT_3D ( 'NONE', #262, #1887, #629 ) ;
#32 = ORIENTED_EDGE ( 'NONE', *, *, #1952, .F. ) ;
#33 = ORIENTED_EDGE ( 'NONE', *, *, #3799, .T. ) ;
#34 = EDGE_CURVE ( 'NONE', #3063, #22, #1901, .T. ) ;
#35 = DIRECTION ( 'NONE',  ( -1.734723475976806848E-16, 0.000000000000000000, 1.000000000000000000 ) ) ;
#36 = DIRECTION ( 'NONE',  ( -0.000000000000000000, -1.000000000000000000, 0.000000000000000000 ) ) ;
#37 = VECTOR ( 'NONE', #1647, 1000.000000000000000 ) ;
#38 = CARTESIAN_POINT ( 'NONE',  ( 1.908195823574484846E-16, 0.05000000000000000278, -1.099999999999998535 ) ) ;
#39 = VECTOR ( 'NONE', #3274, 1000.000000000000000 ) ;
#40 = VERTEX_POINT ( 'NONE', #3164 ) ;
#41 = EDGE_CURVE ( 'NONE', #3850, #4086, #2902, .T. ) ;
#42 = LINE ( 'NONE', #3330, #1756 ) ;
#43 = PRODUCT_CONTEXT ( 'NONE', #4103, 'mechanical' ) ;
#44 = VECTOR ( 'NONE', #2877, 1000.000000000000000 ) ;
#45 = ORIENTED_EDGE ( 'NONE', *, *, #3172, .F. ) ;
#46 = MECHANICAL_DESIGN_GEOMETRIC_PRESENTATION_REPRESENTATION (  '', ( #3661 ), #1365 ) ;
#47 = EDGE_CURVE ( 'NONE', #1330, #264, #3251, .T. ) ;
#48 = LINE ( 'NONE', #66, #2411 ) ;
#49 = DIRECTION ( 'NONE',  ( -1.000000000000000000, 0.000000000000000000, -1.734723475976806848E-16 ) ) ;
#50 = CARTESIAN_POINT ( 'NONE',  ( 0.000000000000000000, 0.2000000000000000111, 0.000000000000000000 ) ) ;
#51 = PLANE ( 'NONE',  #1194 ) ;
#52 = UNCERTAINTY_MEASURE_WITH_UNIT (LENGTH_MEASURE( 1.000000000000000082E-05 ), #2434, 'distance_accuracy_value', 'NONE');
#53 = EDGE_LOOP ( 'NONE', ( #3471, #2781, #2031, #3891 ) ) ;
#54 = MECHANICAL_DESIGN_GEOMETRIC_PRESENTATION_REPRESENTATION (  '', ( #1166 ), #3812 ) ;
#55 = CARTESIAN_POINT ( 'NONE',  ( -0.6749999999999993783, 0.2000000000000000111, -0.09999999999999853451 ) ) ;
#56 = CARTESIAN_POINT ( 'NONE',  ( 0.4249999999999994893, 0.5201562118716424044, -0.4999999999999988343 ) ) ;
#57 = CARTESIAN_POINT ( 'NONE',  ( 0.6749999999999991562, 0.2000000000000000111, 1.100000000000001865 ) ) ;
#58 = VERTEX_POINT ( 'NONE', #3889 ) ;
#59 = ORIENTED_EDGE ( 'NONE', *, *, #3799, .F. ) ;
#60 = PLANE ( 'NONE',  #301 ) ;
#61 = LINE ( 'NONE', #2716, #987 ) ;
#62 = CARTESIAN_POINT ( 'NONE',  ( 0.4249999999999994338, 0.000000000000000000, -0.2999999999999984346 ) ) ;
#63 = ORIENTED_EDGE ( 'NONE', *, *, #3093, .T. ) ;
#64 = DIRECTION ( 'NONE',  ( -1.000000000000000000, 0.000000000000000000, -1.734723475976806848E-16 ) ) ;
#65 = EDGE_LOOP ( 'NONE', ( #71, #1235, #729, #3348 ) ) ;
#66 = CARTESIAN_POINT ( 'NONE',  ( 0.6749999999999993783, 0.1999999999999999833, 0.3000000000000017653 ) ) ;
#67 = CARTESIAN_POINT ( 'NONE',  ( -7.806255641895634883E-16, 0.05000000000000000278, -0.4999999999999996669 ) ) ;
#68 = DIRECTION ( 'NONE',  ( 1.734723475976806848E-16, 0.000000000000000000, -1.000000000000000000 ) ) ;
#69 = CARTESIAN_POINT ( 'NONE',  ( 0.6749999999999992673, 0.04999999999999999584, 0.5000000000000016653 ) ) ;
#70 = EDGE_CURVE ( 'NONE', #2443, #2442, #270, .T. ) ;
#71 = ORIENTED_EDGE ( 'NONE', *, *, #1541, .T. ) ;
#72 = ORIENTED_EDGE ( 'NONE', *, *, #3881, .F. ) ;
#73 = LINE ( 'NONE', #642, #3029 ) ;
#74 = DIRECTION ( 'NONE',  ( -0.000000000000000000, -1.000000000000000000, 0.000000000000000000 ) ) ;
#75 = EDGE_CURVE ( 'NONE', #204, #610, #897, .T. ) ;
#76 = ORIENTED_EDGE ( 'NONE', *, *, #3747, .T. ) ;
#77 = DIRECTION ( 'NONE',  ( -1.000000000000000000, 0.000000000000000000, 0.000000000000000000 ) ) ;
#78 = CARTESIAN_POINT ( 'NONE',  ( 0.4249999999999993228, 0.2000000000000000111, 0.3000000000000012657 ) ) ;
#79 = FACE_BOUND ( 'NONE', #2810, .T. ) ;
#80 = ORIENTED_EDGE ( 'NONE', *, *, #1441, .F. ) ;
#81 = COLOUR_RGB ( '',0.7921568627450980005, 0.8196078431372548767, 0.9333333333333333481 ) ;
#82 = LINE ( 'NONE', #2044, #2030 ) ;
#83 = VECTOR ( 'NONE', #3888, 1000.000000000000000 ) ;
#84 = AXIS2_PLACEMENT_3D ( 'NONE', #785, #3792, #4142 ) ;
#85 = VERTEX_POINT ( 'NONE', #2880 ) ;
#86 = DIRECTION ( 'NONE',  ( 1.000000000000000000, -0.000000000000000000, -1.561251128379127765E-15 ) ) ;
#87 = VECTOR ( 'NONE', #3129, 1000.000000000000000 ) ;
#88 = EDGE_CURVE ( 'NONE', #1324, #3477, #1876, .T. ) ;
#89 = DIRECTION ( 'NONE',  ( 1.734723475976806848E-16, 0.000000000000000000, -1.000000000000000000 ) ) ;
#90 = CARTESIAN_POINT ( 'NONE',  ( 0.1999999999999999278, 0.000000000000000000, 0.9999999999999988898 ) ) ;
#91 = LINE ( 'NONE', #727, #2930 ) ;
#92 = ORIENTED_EDGE ( 'NONE', *, *, #277, .T. ) ;
#93 = EDGE_CURVE ( 'NONE', #563, #837, #3490, .T. ) ;
#94 = ORIENTED_EDGE ( 'NONE', *, *, #713, .T. ) ;
#95 = DIRECTION ( 'NONE',  ( -1.734723475976806848E-16, 0.000000000000000000, 1.000000000000000000 ) ) ;
#96 = CARTESIAN_POINT ( 'NONE',  ( 0.6749999999999996003, 0.04999999999999999584, -1.099999999999998312 ) ) ;
#97 = VERTEX_POINT ( 'NONE', #3204 ) ;
#98 = ORIENTED_EDGE ( 'NONE', *, *, #591, .F. ) ;
#99 = EDGE_CURVE ( 'NONE', #1379, #3628, #2222, .T. ) ;
#100 = DIRECTION ( 'NONE',  ( 0.000000000000000000, -1.000000000000000000, 0.000000000000000000 ) ) ;
#101 = CARTESIAN_POINT ( 'NONE',  ( 0.4249999999999993228, 0.000000000000000000, 0.3000000000000012657 ) ) ;
#102 = LINE ( 'NONE', #4091, #4145 ) ;
#103 = EDGE_LOOP ( 'NONE', ( #3977, #2348, #949, #826 ) ) ;
#104 = COLOUR_RGB ( '',1.000000000000000000, 1.000000000000000000, 1.000000000000000000 ) ;
#105 = DIRECTION ( 'NONE',  ( -1.000000000000000000, 0.000000000000000000, -1.734723475976806848E-16 ) ) ;
#106 = AXIS2_PLACEMENT_3D ( 'NONE', #2336, #3037, #2012 ) ;
#107 = VERTEX_POINT ( 'NONE', #3560 ) ;
#108 = CARTESIAN_POINT ( 'NONE',  ( 0.4249999999999996003, 0.5201562118716424044, -1.099999999999998535 ) ) ;
#109 = AXIS2_PLACEMENT_3D ( 'NONE', #1205, #3839, #2223 ) ;
#110 = DIRECTION ( 'NONE',  ( -1.734723475976807094E-16, 0.000000000000000000, 1.000000000000000000 ) ) ;
#111 = DIRECTION ( 'NONE',  ( 1.000000000000000000, 0.000000000000000000, 1.734723475976806848E-16 ) ) ;
#112 = CARTESIAN_POINT ( 'NONE',  ( -1.734723475976833903E-17, 0.05000000000000000278, 0.1000000000000015599 ) ) ;
#113 = EDGE_CURVE ( 'NONE', #1510, #625, #4239, .T. ) ;
#114 = VECTOR ( 'NONE', #3484, 1000.000000000000000 ) ;
#115 = EDGE_LOOP ( 'NONE', ( #4027, #2259, #4300, #2914 ) ) ;
#116 = AXIS2_PLACEMENT_3D ( 'NONE', #748, #2069, #699 ) ;
#117 = DIRECTION ( 'NONE',  ( -1.000000000000000000, 0.000000000000000000, -1.734723475976806848E-16 ) ) ;
#118 = FACE_OUTER_BOUND ( 'NONE', #2821, .T. ) ;
#119 = EDGE_CURVE ( 'NONE', #2633, #3756, #1249, .T. ) ;
#120 = ORIENTED_EDGE ( 'NONE', *, *, #3950, .F. ) ;
#121 = VECTOR ( 'NONE', #4256, 1000.000000000000000 ) ;
#122 = ORIENTED_EDGE ( 'NONE', *, *, #2906, .T. ) ;
#123 = FILL_AREA_STYLE ('',( #3458 ) ) ;
#124 = CARTESIAN_POINT ( 'NONE',  ( 0.6749999999999993783, 0.000000000000000000, -0.09999999999999829858 ) ) ;
#125 = DIRECTION ( 'NONE',  ( 1.000000000000000000, 0.000000000000000000, 1.734723475976806848E-16 ) ) ;
#126 = EDGE_CURVE ( 'NONE', #2209, #2092, #3838, .T. ) ;
#127 = ORIENTED_EDGE ( 'NONE', *, *, #144, .F. ) ;
#128 = CARTESIAN_POINT ( 'NONE',  ( -0.5000000000000001110, 0.05000000000000000278, -0.5000000000000046629 ) ) ;
#129 = FILL_AREA_STYLE_COLOUR ( '', #2130 ) ;
#130 = VERTEX_POINT ( 'NONE', #2856 ) ;
#131 = CARTESIAN_POINT ( 'NONE',  ( -0.6750000000000013767, 0.7999999999999999334, 1.250000000000000000 ) ) ;
#132 = CARTESIAN_POINT ( 'NONE',  ( 0.4249999999999992673, 0.2000000000000000111, 0.7000000000000012879 ) ) ;
#133 = CARTESIAN_POINT ( 'NONE',  ( -0.6749999999999993783, 0.1999999999999999833, 0.1000000000000014350 ) ) ;
#134 = MANIFOLD_SOLID_BREP ( 'Boss-Extrude2[2]', #2627 ) ;
#135 =( NAMED_UNIT ( * ) PLANE_ANGLE_UNIT ( ) SI_UNIT ( $, .RADIAN. ) );
#136 = ORIENTED_EDGE ( 'NONE', *, *, #3960, .F. ) ;
#137 = ORIENTED_EDGE ( 'NONE', *, *, #3094, .F. ) ;
#138 = ADVANCED_FACE ( 'NONE', ( #2948 ), #3538, .T. ) ;
#139 = LINE ( 'NONE', #4064, #3237 ) ;
#140 = PLANE ( 'NONE',  #3461 ) ;
#141 = ORIENTED_EDGE ( 'NONE', *, *, #1928, .F. ) ;
#142 = EDGE_LOOP ( 'NONE', ( #966, #1124, #2368, #9 ) ) ;
#143 = CARTESIAN_POINT ( 'NONE',  ( 0.6749999999999991562, 0.05000000000000000278, 1.250000000000000444 ) ) ;
#144 = EDGE_CURVE ( 'NONE', #2693, #3815, #1944, .T. ) ;
#145 = DIRECTION ( 'NONE',  ( -0.000000000000000000, -1.000000000000000000, 0.000000000000000000 ) ) ;
#146 = EDGE_LOOP ( 'NONE', ( #1234, #1170, #1259, #72 ) ) ;
#147 = VERTEX_POINT ( 'NONE', #1983 ) ;
#148 = LINE ( 'NONE', #3115, #2764 ) ;
#149 = EDGE_CURVE ( 'NONE', #3368, #2467, #2967, .T. ) ;
#150 = DIRECTION ( 'NONE',  ( -1.734723475976806848E-16, 0.000000000000000000, 1.000000000000000000 ) ) ;
#151 = AXIS2_PLACEMENT_3D ( 'NONE', #1499, #2790, #568 ) ;
#152 = ORIENTED_EDGE ( 'NONE', *, *, #113, .T. ) ;
#153 = DIRECTION ( 'NONE',  ( 0.000000000000000000, 1.000000000000000000, 0.000000000000000000 ) ) ;
#154 = ADVANCED_FACE ( 'NONE', ( #2006 ), #3314, .T. ) ;
#155 = FACE_OUTER_BOUND ( 'NONE', #3016, .T. ) ;
#156 = VECTOR ( 'NONE', #476, 1000.000000000000000 ) ;
#157 = VECTOR ( 'NONE', #3176, 1000.000000000000000 ) ;
#158 = CARTESIAN_POINT ( 'NONE',  ( 0.6749999999999993783, 0.1999999999999999833, -0.2999999999999983791 ) ) ;
#159 = VECTOR ( 'NONE', #89, 1000.000000000000000 ) ;
#160 = COLOUR_RGB ( '',0.7921568627450980005, 0.8196078431372548767, 0.9333333333333333481 ) ;
#161 = ORIENTED_EDGE ( 'NONE', *, *, #1802, .F. ) ;
#162 = DIRECTION ( 'NONE',  ( 0.000000000000000000, 1.000000000000000000, 0.000000000000000000 ) ) ;
#163 =( GEOMETRIC_REPRESENTATION_CONTEXT ( 3 ) GLOBAL_UNCERTAINTY_ASSIGNED_CONTEXT ( ( #2665 ) ) GLOBAL_UNIT_ASSIGNED_CONTEXT ( ( #383, #3996, #340 ) ) REPRESENTATION_CONTEXT ( 'NONE', 'WORKASPACE' ) );
#164 = ORIENTED_EDGE ( 'NONE', *, *, #3764, .T. ) ;
#165 = FACE_OUTER_BOUND ( 'NONE', #3021, .T. ) ;
#166 = LINE ( 'NONE', #1779, #3516 ) ;
#167 = VERTEX_POINT ( 'NONE', #354 ) ;
#168 = EDGE_CURVE ( 'NONE', #3524, #2284, #3993, .T. ) ;
#169 = ORIENTED_EDGE ( 'NONE', *, *, #3184, .T. ) ;
#170 = CARTESIAN_POINT ( 'NONE',  ( -0.6749999999999993783, 0.1999999999999999833, -0.09999999999999853451 ) ) ;
#171 = DIRECTION ( 'NONE',  ( -1.561251128379127765E-15, 0.000000000000000000, -1.000000000000000000 ) ) ;
#172 = CARTESIAN_POINT ( 'NONE',  ( 0.000000000000000000, 0.2000000000000000111, 0.000000000000000000 ) ) ;
#173 = ORIENTED_EDGE ( 'NONE', *, *, #2353, .F. ) ;
#174 = ADVANCED_FACE ( 'NONE', ( #1307 ), #2329, .F. ) ;
#175 = LINE ( 'NONE', #1495, #1402 ) ;
#176 = DIRECTION ( 'NONE',  ( -1.000000000000000000, 0.000000000000000000, -1.908195823574487804E-15 ) ) ;
#177 = CARTESIAN_POINT ( 'NONE',  ( 0.4249999999999993783, 0.1999999999999999833, 0.1000000000000016293 ) ) ;
#178 = VECTOR ( 'NONE', #125, 1000.000000000000000 ) ;
#179 = PLANE ( 'NONE',  #3923 ) ;
#180 = ADVANCED_FACE ( 'NONE', ( #2685 ), #25, .F. ) ;
#181 = VECTOR ( 'NONE', #3709, 1000.000000000000000 ) ;
#182 = CARTESIAN_POINT ( 'NONE',  ( -0.4249999999999998224, 0.2000000000000000111, 1.100000000000001199 ) ) ;
#183 = DIRECTION ( 'NONE',  ( -1.734723475976806848E-16, 0.000000000000000000, 1.000000000000000000 ) ) ;
#184 = AXIS2_PLACEMENT_3D ( 'NONE', #172, #887, #1888 ) ;
#185 = ORIENTED_EDGE ( 'NONE', *, *, #2297, .F. ) ;
#186 = ORIENTED_EDGE ( 'NONE', *, *, #3255, .F. ) ;
#187 = VECTOR ( 'NONE', #448, 1000.000000000000000 ) ;
#188 = PRESENTATION_STYLE_ASSIGNMENT (( #2183 ) ) ;
#189 = DIRECTION ( 'NONE',  ( -1.000000000000000000, 0.000000000000000000, -1.908195823574487804E-15 ) ) ;
#190 = ORIENTED_EDGE ( 'NONE', *, *, #4002, .T. ) ;
#191 = ORIENTED_EDGE ( 'NONE', *, *, #601, .F. ) ;
#192 = CARTESIAN_POINT ( 'NONE',  ( -0.4249999999999993783, 0.1999999999999999833, -1.099999999999998535 ) ) ;
#193 =( NAMED_UNIT ( * ) PLANE_ANGLE_UNIT ( ) SI_UNIT ( $, .RADIAN. ) );
#194 = EDGE_CURVE ( 'NONE', #2054, #1837, #1609, .T. ) ;
#195 = CARTESIAN_POINT ( 'NONE',  ( -0.4249999999999997113, 0.2000000000000000111, 0.7000000000000010658 ) ) ;
#196 = ORIENTED_EDGE ( 'NONE', *, *, #2489, .T. ) ;
#197 = DIRECTION ( 'NONE',  ( -1.000000000000000000, 0.000000000000000000, 0.000000000000000000 ) ) ;
#198 = LINE ( 'NONE', #870, #534 ) ;
#199 = MANIFOLD_SOLID_BREP ( 'LPattern3[8]', #3389 ) ;
#200 = DIRECTION ( 'NONE',  ( -1.734723475976806848E-16, 0.000000000000000000, 1.000000000000000000 ) ) ;
#201 = CARTESIAN_POINT ( 'NONE',  ( -2.099015405931937768E-15, 0.05000000000000000278, 1.100000000000000533 ) ) ;
#202 = LINE ( 'NONE', #1227, #2403 ) ;
#203 = EDGE_CURVE ( 'NONE', #1276, #85, #3293, .T. ) ;
#204 = VERTEX_POINT ( 'NONE', #314 ) ;
#205 = EDGE_LOOP ( 'NONE', ( #1973, #2985, #186, #185 ) ) ;
#206 =( LENGTH_UNIT ( ) NAMED_UNIT ( * ) SI_UNIT ( .MILLI., .METRE. ) );
#207 = PLANE ( 'NONE',  #3448 ) ;
#208 = ADVANCED_FACE ( 'NONE', ( #2152 ), #3195, .F. ) ;
#209 = VERTEX_POINT ( 'NONE', #828 ) ;
#210 = ORIENTED_EDGE ( 'NONE', *, *, #2906, .F. ) ;
#211 = DIRECTION ( 'NONE',  ( -1.734723475976806848E-16, 0.000000000000000000, 1.000000000000000000 ) ) ;
#212 = DIRECTION ( 'NONE',  ( 0.000000000000000000, -1.000000000000000000, 0.000000000000000000 ) ) ;
#213 = CARTESIAN_POINT ( 'NONE',  ( 0.4249999999999994893, 0.2000000000000000111, -0.4999999999999988343 ) ) ;
#214 = CARTESIAN_POINT ( 'NONE',  ( -0.6749999999999994893, 0.2000000000000000111, 0.7000000000000015099 ) ) ;
#215 = ORIENTED_EDGE ( 'NONE', *, *, #1516, .T. ) ;
#216 = CARTESIAN_POINT ( 'NONE',  ( -0.2000000000000000389, 0.2000000000000000944, 0.9999999999999988898 ) ) ;
#217 = ORIENTED_EDGE ( 'NONE', *, *, #3612, .T. ) ;
#218 = CARTESIAN_POINT ( 'NONE',  ( 0.4249999999999992673, 0.000000000000000000, 0.5000000000000016653 ) ) ;
#219 = DIRECTION ( 'NONE',  ( -1.561251128379127765E-15, 0.000000000000000000, -1.000000000000000000 ) ) ;
#220 = ADVANCED_FACE ( 'NONE', ( #1173 ), #3813, .F. ) ;
#221 = VECTOR ( 'NONE', #3370, 1000.000000000000000 ) ;
#222 = DIRECTION ( 'NONE',  ( -1.000000000000000000, 0.000000000000000000, -1.734723475976806848E-16 ) ) ;
#223 = DIRECTION ( 'NONE',  ( -1.734723475976806848E-16, 0.000000000000000000, 1.000000000000000000 ) ) ;
#224 = CARTESIAN_POINT ( 'NONE',  ( -0.4249999999999994338, 0.000000000000000000, -0.8999999999999990230 ) ) ;
#225 = VECTOR ( 'NONE', #1578, 1000.000000000000000 ) ;
#226 = VECTOR ( 'NONE', #3215, 1000.000000000000000 ) ;
#227 = MANIFOLD_SOLID_BREP ( 'LPattern3[3]', #3181 ) ;
#228 = ORIENTED_EDGE ( 'NONE', *, *, #2145, .T. ) ;
#229 = EDGE_CURVE ( 'NONE', #907, #258, #148, .T. ) ;
#230 = VECTOR ( 'NONE', #3793, 1000.000000000000000 ) ;
#231 = CARTESIAN_POINT ( 'NONE',  ( 0.2000000000000002609, 2.239607805437113797, -1.000000000000001110 ) ) ;
#232 = ORIENTED_EDGE ( 'NONE', *, *, #2944, .T. ) ;
#233 = VERTEX_POINT ( 'NONE', #1468 ) ;
#234 = EDGE_CURVE ( 'NONE', #58, #4202, #1782, .T. ) ;
#235 = CARTESIAN_POINT ( 'NONE',  ( 0.4249999999999993783, 0.2000000000000000111, -0.09999999999999878431 ) ) ;
#236 = CARTESIAN_POINT ( 'NONE',  ( -0.4249999999999997113, 0.2000000000000000111, 0.7000000000000010658 ) ) ;
#237 = DIRECTION ( 'NONE',  ( -0.000000000000000000, -1.000000000000000000, 0.000000000000000000 ) ) ;
#238 = ORIENTED_EDGE ( 'NONE', *, *, #3023, .F. ) ;
#239 = CARTESIAN_POINT ( 'NONE',  ( -0.4249999999999996003, 0.000000000000000000, 0.1000000000000014905 ) ) ;
#240 = EDGE_LOOP ( 'NONE', ( #3296, #2162, #2375, #2167 ) ) ;
#241 = CARTESIAN_POINT ( 'NONE',  ( 0.6749999999999993783, 0.2000000000000000111, 0.1000000000000016848 ) ) ;
#242 = LINE ( 'NONE', #528, #1153 ) ;
#243 = MANIFOLD_SOLID_BREP ( 'LPattern3[7]', #1302 ) ;
#244 = DIRECTION ( 'NONE',  ( 1.734723475976806848E-16, 0.000000000000000000, -1.000000000000000000 ) ) ;
#245 = VECTOR ( 'NONE', #2998, 1000.000000000000000 ) ;
#246 = DIRECTION ( 'NONE',  ( 1.000000000000000000, 0.000000000000000000, 1.734723475976806848E-16 ) ) ;
#247 = FACE_OUTER_BOUND ( 'NONE', #2148, .T. ) ;
#248 = CARTESIAN_POINT ( 'NONE',  ( 0.4249999999999994893, 0.000000000000000000, -0.4999999999999988343 ) ) ;
#249 = VECTOR ( 'NONE', #3757, 1000.000000000000000 ) ;
#250 = MANIFOLD_SOLID_BREP ( 'LPattern3[1]', #2763 ) ;
#251 = ORIENTED_EDGE ( 'NONE', *, *, #2332, .T. ) ;
#252 = CARTESIAN_POINT ( 'NONE',  ( 0.4249999999999992117, 0.2000000000000000111, 0.9000000000000015765 ) ) ;
#253 = VECTOR ( 'NONE', #291, 1000.000000000000000 ) ;
#254 = CARTESIAN_POINT ( 'NONE',  ( 0.4249999999999993228, 0.1999999999999999833, 0.3000000000000012657 ) ) ;
#255 = PRODUCT_DEFINITION ( 'UNKNOWN', '', #2940, #662 ) ;
#256 = ORIENTED_EDGE ( 'NONE', *, *, #149, .F. ) ;
#257 = MECHANICAL_DESIGN_GEOMETRIC_PRESENTATION_REPRESENTATION (  '', ( #1496 ), #1019 ) ;
#258 = VERTEX_POINT ( 'NONE', #2808 ) ;
#259 = MANIFOLD_SOLID_BREP ( 'Boss-Extrude5', #2414 ) ;
#260 = LINE ( 'NONE', #2889, #4057 ) ;
#261 = DIRECTION ( 'NONE',  ( 1.734723475976806848E-16, 0.000000000000000000, -1.000000000000000000 ) ) ;
#262 = CARTESIAN_POINT ( 'NONE',  ( -0.4249999999999994338, 0.2000000000000000111, -0.8999999999999990230 ) ) ;
#263 = EDGE_CURVE ( 'NONE', #3049, #1618, #3505, .T. ) ;
#264 = VERTEX_POINT ( 'NONE', #1621 ) ;
#265 = LINE ( 'NONE', #3638, #1606 ) ;
#266 = VERTEX_POINT ( 'NONE', #3305 ) ;
#267 = FACE_OUTER_BOUND ( 'NONE', #3834, .T. ) ;
#268 = DIRECTION ( 'NONE',  ( -1.734723475976806848E-16, 0.000000000000000000, 1.000000000000000000 ) ) ;
#269 = DIRECTION ( 'NONE',  ( 0.000000000000000000, -1.000000000000000000, 0.000000000000000000 ) ) ;
#270 = LINE ( 'NONE', #572, #539 ) ;
#271 = CARTESIAN_POINT ( 'NONE',  ( 0.4249999999999993783, 0.05000000000000000278, 7.372574772901419058E-17 ) ) ;
#272 = ORIENTED_EDGE ( 'NONE', *, *, #1520, .F. ) ;
#273 = ADVANCED_FACE ( 'NONE', ( #2278 ), #1934, .T. ) ;
#274 = LINE ( 'NONE', #1275, #2186 ) ;
#275 = EDGE_LOOP ( 'NONE', ( #815, #4108 ) ) ;
#276 = EDGE_LOOP ( 'NONE', ( #2237, #2644, #1987, #3589 ) ) ;
#277 = EDGE_CURVE ( 'NONE', #85, #793, #2891, .T. ) ;
#278 = CARTESIAN_POINT ( 'NONE',  ( -0.4249999999999997113, 0.5201562118716424044, 0.7000000000000010658 ) ) ;
#279 = LINE ( 'NONE', #2318, #1963 ) ;
#280 = DIRECTION ( 'NONE',  ( -1.734723475976806848E-16, 0.000000000000000000, 1.000000000000000000 ) ) ;
#281 = ORIENTED_EDGE ( 'NONE', *, *, #1764, .T. ) ;
#282 = EDGE_CURVE ( 'NONE', #2688, #1487, #866, .T. ) ;
#283 = LINE ( 'NONE', #977, #3842 ) ;
#284 = ORIENTED_EDGE ( 'NONE', *, *, #2297, .T. ) ;
#285 =( LENGTH_UNIT ( ) NAMED_UNIT ( * ) SI_UNIT ( .MILLI., .METRE. ) );
#286 = PRODUCT ( 'DQD12', 'DQD12', '', ( #43 ) ) ;
#287 = VERTEX_POINT ( 'NONE', #2871 ) ;
#288 = ADVANCED_FACE ( 'NONE', ( #2233 ), #2637, .F. ) ;
#289 = DIRECTION ( 'NONE',  ( 1.000000000000000000, 0.000000000000000000, 1.734723475976806848E-16 ) ) ;
#290 = PRESENTATION_STYLE_ASSIGNMENT (( #1005 ) ) ;
#291 = DIRECTION ( 'NONE',  ( 1.000000000000000000, -0.000000000000000000, 1.734723475976807094E-16 ) ) ;
#292 = AXIS2_PLACEMENT_3D ( 'NONE', #2990, #3690, #1681 ) ;
#293 = VERTEX_POINT ( 'NONE', #3594 ) ;
#294 = DIRECTION ( 'NONE',  ( 1.000000000000000000, 0.000000000000000000, 1.734723475976806848E-16 ) ) ;
#295 = DIRECTION ( 'NONE',  ( -1.734723475976806848E-16, 0.000000000000000000, 1.000000000000000000 ) ) ;
#296 = VECTOR ( 'NONE', #289, 1000.000000000000000 ) ;
#297 = VECTOR ( 'NONE', #3553, 1000.000000000000000 ) ;
#298 = VERTEX_POINT ( 'NONE', #584 ) ;
#299 = ORIENTED_EDGE ( 'NONE', *, *, #2779, .F. ) ;
#300 = VECTOR ( 'NONE', #2745, 1000.000000000000000 ) ;
#301 = AXIS2_PLACEMENT_3D ( 'NONE', #2980, #972, #3631 ) ;
#302 = LINE ( 'NONE', #2253, #783 ) ;
#303 = CARTESIAN_POINT ( 'NONE',  ( 0.4249999999999993228, 0.1999999999999999833, 0.3000000000000012657 ) ) ;
#304 = FILL_AREA_STYLE ('',( #4270 ) ) ;
#305 = EDGE_CURVE ( 'NONE', #3472, #2015, #2932, .T. ) ;
#306 = ORIENTED_EDGE ( 'NONE', *, *, #3556, .T. ) ;
#307 = DIRECTION ( 'NONE',  ( 1.000000000000000000, 0.000000000000000000, 1.734723475976806848E-16 ) ) ;
#308 = ORIENTED_EDGE ( 'NONE', *, *, #3960, .T. ) ;
#309 = DIRECTION ( 'NONE',  ( 1.908195823574487804E-15, 0.000000000000000000, -1.000000000000000000 ) ) ;
#310 = FACE_OUTER_BOUND ( 'NONE', #415, .T. ) ;
#311 = EDGE_CURVE ( 'NONE', #3311, #3912, #3240, .T. ) ;
#312 = ORIENTED_EDGE ( 'NONE', *, *, #2494, .T. ) ;
#313 = CARTESIAN_POINT ( 'NONE',  ( -0.6749999999999991562, 0.000000000000000000, -1.099999999999998757 ) ) ;
#314 = CARTESIAN_POINT ( 'NONE',  ( -0.6749999999999993783, 0.000000000000000000, -0.2999999999999986011 ) ) ;
#315 = DIRECTION ( 'NONE',  ( 1.000000000000000000, 0.000000000000000000, 1.734723475976806848E-16 ) ) ;
#316 = ADVANCED_FACE ( 'NONE', ( #4247 ), #2255, .T. ) ;
#317 = AXIS2_PLACEMENT_3D ( 'NONE', #3371, #3744, #694 ) ;
#318 = ORIENTED_EDGE ( 'NONE', *, *, #857, .T. ) ;
#319 = CARTESIAN_POINT ( 'NONE',  ( 0.000000000000000000, 0.2000000000000000111, 0.000000000000000000 ) ) ;
#320 = CARTESIAN_POINT ( 'NONE',  ( -0.6749999999999994893, 0.000000000000000000, 0.5000000000000014433 ) ) ;
#321 = VECTOR ( 'NONE', #2164, 1000.000000000000000 ) ;
#322 = ORIENTED_EDGE ( 'NONE', *, *, #3107, .F. ) ;
#323 = ORIENTED_EDGE ( 'NONE', *, *, #3849, .F. ) ;
#324 = VECTOR ( 'NONE', #1073, 1000.000000000000000 ) ;
#325 = DIRECTION ( 'NONE',  ( 1.734723475976806848E-16, 0.000000000000000000, -1.000000000000000000 ) ) ;
#326 = DIRECTION ( 'NONE',  ( -1.000000000000000000, 0.000000000000000000, -1.734723475976806848E-16 ) ) ;
#327 = CARTESIAN_POINT ( 'NONE',  ( 0.4249999999999993783, 0.05000000000000000278, 7.372574772901419058E-17 ) ) ;
#328 = AXIS2_PLACEMENT_3D ( 'NONE', #1111, #3375, #395 ) ;
#329 = ORIENTED_EDGE ( 'NONE', *, *, #75, .F. ) ;
#330 = PLANE ( 'NONE',  #1539 ) ;
#331 = SHAPE_DEFINITION_REPRESENTATION ( #1561, #3404 ) ;
#332 = ORIENTED_EDGE ( 'NONE', *, *, #3712, .T. ) ;
#333 = ADVANCED_FACE ( 'NONE', ( #4314 ), #1692, .T. ) ;
#334 = CARTESIAN_POINT ( 'NONE',  ( -0.6749999999999994893, 0.04999999999999999584, 0.7000000000000015099 ) ) ;
#335 = DIRECTION ( 'NONE',  ( -1.000000000000000000, 0.000000000000000000, -1.908195823574487804E-15 ) ) ;
#336 = COLOUR_RGB ( '',0.7921568627450980005, 0.8196078431372548767, 0.9333333333333333481 ) ;
#337 = DIRECTION ( 'NONE',  ( 0.000000000000000000, -1.000000000000000000, 0.000000000000000000 ) ) ;
#338 = ORIENTED_EDGE ( 'NONE', *, *, #1, .T. ) ;
#339 = ADVANCED_FACE ( 'NONE', ( #3328 ), #3347, .F. ) ;
#340 =( NAMED_UNIT ( * ) SI_UNIT ( $, .STERADIAN. ) SOLID_ANGLE_UNIT ( ) );
#341 = CARTESIAN_POINT ( 'NONE',  ( 0.4249999999999991562, 0.000000000000000000, 1.100000000000001199 ) ) ;
#342 = DIRECTION ( 'NONE',  ( -1.000000000000000000, 0.000000000000000000, -1.734723475976806848E-16 ) ) ;
#343 = ORIENTED_EDGE ( 'NONE', *, *, #4254, .F. ) ;
#344 = ORIENTED_EDGE ( 'NONE', *, *, #1878, .F. ) ;
#345 = EDGE_CURVE ( 'NONE', #3609, #1671, #2651, .T. ) ;
#346 = CARTESIAN_POINT ( 'NONE',  ( -0.6749999999999993783, 0.5201562118716424044, 0.3000000000000015432 ) ) ;
#347 = FACE_OUTER_BOUND ( 'NONE', #2020, .T. ) ;
#348 = CARTESIAN_POINT ( 'NONE',  ( 0.4249999999999993783, 0.2000000000000000111, -0.09999999999999878431 ) ) ;
#349 = ORIENTED_EDGE ( 'NONE', *, *, #1429, .F. ) ;
#350 = CARTESIAN_POINT ( 'NONE',  ( 0.4249999999999993783, 0.1999999999999999833, -0.09999999999999878431 ) ) ;
#351 = ORIENTED_EDGE ( 'NONE', *, *, #2999, .F. ) ;
#352 = FACE_OUTER_BOUND ( 'NONE', #2098, .T. ) ;
#353 = CARTESIAN_POINT ( 'NONE',  ( 0.6749999999999992673, 0.5201562118716424044, 0.7000000000000017319 ) ) ;
#354 = CARTESIAN_POINT ( 'NONE',  ( -0.6750000000000013767, 0.05000000000000000278, -0.6999999999999987343 ) ) ;
#355 = DIRECTION ( 'NONE',  ( -0.000000000000000000, -1.000000000000000000, 0.000000000000000000 ) ) ;
#356 = EDGE_CURVE ( 'NONE', #825, #2303, #2343, .T. ) ;
#357 = UNCERTAINTY_MEASURE_WITH_UNIT (LENGTH_MEASURE( 1.000000000000000082E-05 ), #1449, 'distance_accuracy_value', 'NONE');
#358 = EDGE_LOOP ( 'NONE', ( #2458, #4098, #711, #3000 ) ) ;
#359 = LINE ( 'NONE', #2628, #2597 ) ;
#360 = FACE_OUTER_BOUND ( 'NONE', #2945, .T. ) ;
#361 = DIRECTION ( 'NONE',  ( 0.000000000000000000, 0.000000000000000000, 1.000000000000000000 ) ) ;
#362 = EDGE_CURVE ( 'NONE', #1628, #1482, #2041, .T. ) ;
#363 = ORIENTED_EDGE ( 'NONE', *, *, #2107, .T. ) ;
#364 = ORIENTED_EDGE ( 'NONE', *, *, #1114, .T. ) ;
#365 = DIRECTION ( 'NONE',  ( 1.000000000000000000, 0.000000000000000000, 1.734723475976806848E-16 ) ) ;
#366 = VECTOR ( 'NONE', #823, 1000.000000000000000 ) ;
#367 = LINE ( 'NONE', #303, #1754 ) ;
#368 = VECTOR ( 'NONE', #1914, 1000.000000000000000 ) ;
#369 = LINE ( 'NONE', #38, #4213 ) ;
#370 = ADVANCED_FACE ( 'NONE', ( #79, #2364 ), #3045, .F. ) ;
#371 = AXIS2_PLACEMENT_3D ( 'NONE', #3374, #393, #1846 ) ;
#372 = ORIENTED_EDGE ( 'NONE', *, *, #3372, .F. ) ;
#373 = DIRECTION ( 'NONE',  ( 1.000000000000000000, 0.000000000000000000, 1.734723475976806848E-16 ) ) ;
#374 = COLOUR_RGB ( '',0.7921568627450980005, 0.8196078431372548767, 0.9333333333333333481 ) ;
#375 =( NAMED_UNIT ( * ) PLANE_ANGLE_UNIT ( ) SI_UNIT ( $, .RADIAN. ) );
#376 = ORIENTED_EDGE ( 'NONE', *, *, #4044, .F. ) ;
#377 = FACE_OUTER_BOUND ( 'NONE', #633, .T. ) ;
#378 = CARTESIAN_POINT ( 'NONE',  ( -0.4249999999999997113, 0.2000000000000000111, 0.5000000000000014433 ) ) ;
#379 = SURFACE_SIDE_STYLE ('',( #701 ) ) ;
#380 = DIRECTION ( 'NONE',  ( 0.000000000000000000, 0.000000000000000000, 1.000000000000000000 ) ) ;
#381 = CARTESIAN_POINT ( 'NONE',  ( 0.1999999999999999278, 0.05000000000000012768, 0.9999999999999988898 ) ) ;
#382 = ORIENTED_EDGE ( 'NONE', *, *, #466, .F. ) ;
#383 =( LENGTH_UNIT ( ) NAMED_UNIT ( * ) SI_UNIT ( .MILLI., .METRE. ) );
#384 = CARTESIAN_POINT ( 'NONE',  ( 0.4249999999999994893, 0.000000000000000000, -0.6999999999999985123 ) ) ;
#385 = FACE_OUTER_BOUND ( 'NONE', #240, .T. ) ;
#386 = ORIENTED_EDGE ( 'NONE', *, *, #2771, .F. ) ;
#387 = LINE ( 'NONE', #651, #1405 ) ;
#388 = CARTESIAN_POINT ( 'NONE',  ( -0.6749999999999994893, 0.1999999999999999833, 0.5000000000000014433 ) ) ;
#389 = VECTOR ( 'NONE', #3232, 1000.000000000000000 ) ;
#390 = DIRECTION ( 'NONE',  ( -1.734723475976806848E-16, 0.000000000000000000, 1.000000000000000000 ) ) ;
#391 = VECTOR ( 'NONE', #2857, 1000.000000000000000 ) ;
#392 = ORIENTED_EDGE ( 'NONE', *, *, #2677, .T. ) ;
#393 = DIRECTION ( 'NONE',  ( 0.000000000000000000, -1.000000000000000000, 0.000000000000000000 ) ) ;
#394 = EDGE_CURVE ( 'NONE', #107, #2043, #369, .T. ) ;
#395 = DIRECTION ( 'NONE',  ( -1.734723475976806848E-16, 0.000000000000000000, 1.000000000000000000 ) ) ;
#396 = VECTOR ( 'NONE', #2962, 1000.000000000000000 ) ;
#397 = ORIENTED_EDGE ( 'NONE', *, *, #2332, .F. ) ;
#398 = DIRECTION ( 'NONE',  ( -1.000000000000000000, 0.000000000000000000, -1.734723475976806848E-16 ) ) ;
#399 = CARTESIAN_POINT ( 'NONE',  ( -1.734723475976805122E-16, 0.05000000000000000278, 0.9999999999999988898 ) ) ;
#400 = DIRECTION ( 'NONE',  ( -0.000000000000000000, -1.000000000000000000, 0.000000000000000000 ) ) ;
#401 = VERTEX_POINT ( 'NONE', #3698 ) ;
#402 = CLOSED_SHELL ( 'NONE', ( #3678, #180, #759, #4109, #1962, #2965 ) ) ;
#403 = ORIENTED_EDGE ( 'NONE', *, *, #4311, .F. ) ;
#404 = DIRECTION ( 'NONE',  ( 0.000000000000000000, 1.000000000000000000, 0.000000000000000000 ) ) ;
#405 = LINE ( 'NONE', #3671, #608 ) ;
#406 = VERTEX_POINT ( 'NONE', #2019 ) ;
#407 = EDGE_CURVE ( 'NONE', #3912, #807, #2717, .T. ) ;
#408 = ORIENTED_EDGE ( 'NONE', *, *, #2866, .T. ) ;
#409 = DIRECTION ( 'NONE',  ( -0.000000000000000000, -1.000000000000000000, 0.000000000000000000 ) ) ;
#410 = DIRECTION ( 'NONE',  ( 1.000000000000000000, 0.000000000000000000, 0.000000000000000000 ) ) ;
#411 = CARTESIAN_POINT ( 'NONE',  ( -0.6749999999999993783, 0.2000000000000000111, -0.2999999999999986011 ) ) ;
#412 = EDGE_CURVE ( 'NONE', #2513, #2204, #2409, .T. ) ;
#413 = ORIENTED_EDGE ( 'NONE', *, *, #1375, .T. ) ;
#414 = LINE ( 'NONE', #4052, #813 ) ;
#415 = EDGE_LOOP ( 'NONE', ( #1344, #2658, #581, #617 ) ) ;
#416 = EDGE_CURVE ( 'NONE', #2826, #640, #1063, .T. ) ;
#417 = CARTESIAN_POINT ( 'NONE',  ( 0.4249999999999993783, 0.5201562118716424044, -0.09999999999999878431 ) ) ;
#418 = PLANE ( 'NONE',  #3356 ) ;
#419 = DIRECTION ( 'NONE',  ( 0.000000000000000000, -1.000000000000000000, 0.000000000000000000 ) ) ;
#420 =( NAMED_UNIT ( * ) SI_UNIT ( $, .STERADIAN. ) SOLID_ANGLE_UNIT ( ) );
#421 = EDGE_CURVE ( 'NONE', #1671, #4159, #762, .T. ) ;
#422 = EDGE_LOOP ( 'NONE', ( #3851, #4201, #1167, #3290 ) ) ;
#423 = ORIENTED_EDGE ( 'NONE', *, *, #311, .T. ) ;
#424 = CARTESIAN_POINT ( 'NONE',  ( 0.6749999999999992673, 0.1999999999999999833, 0.5000000000000016653 ) ) ;
#425 = DIRECTION ( 'NONE',  ( -1.734723475976806848E-16, 0.000000000000000000, 1.000000000000000000 ) ) ;
#426 = VERTEX_POINT ( 'NONE', #2697 ) ;
#427 = ORIENTED_EDGE ( 'NONE', *, *, #2489, .F. ) ;
#428 = CARTESIAN_POINT ( 'NONE',  ( 0.6749999999999993783, 0.1999999999999999833, 0.3000000000000017653 ) ) ;
#429 = LINE ( 'NONE', #3044, #1265 ) ;
#430 = DIRECTION ( 'NONE',  ( 0.000000000000000000, -1.000000000000000000, 0.000000000000000000 ) ) ;
#431 = ORIENTED_EDGE ( 'NONE', *, *, #3159, .T. ) ;
#432 = VECTOR ( 'NONE', #2509, 1000.000000000000000 ) ;
#433 = EDGE_CURVE ( 'NONE', #264, #1951, #675, .T. ) ;
#434 = CARTESIAN_POINT ( 'NONE',  ( -0.2565700493459898701, 0.8000000000000000444, -0.9846742545641591349 ) ) ;
#435 = VECTOR ( 'NONE', #3743, 1000.000000000000000 ) ;
#436 = AXIS2_PLACEMENT_3D ( 'NONE', #3022, #64, #2700 ) ;
#437 = EDGE_LOOP ( 'NONE', ( #3699, #1732 ) ) ;
#438 = CARTESIAN_POINT ( 'NONE',  ( 0.6749999999999991562, 0.05000000000000000278, 0.3000000000000017653 ) ) ;
#439 = AXIS2_PLACEMENT_3D ( 'NONE', #1103, #4156, #1121 ) ;
#440 = CARTESIAN_POINT ( 'NONE',  ( 0.6749999999999994893, 0.000000000000000000, -0.8999999999999983569 ) ) ;
#441 = LINE ( 'NONE', #2112, #3730 ) ;
#442 = ADVANCED_FACE ( 'NONE', ( #997 ), #1342, .T. ) ;
#443 = CARTESIAN_POINT ( 'NONE',  ( 0.4249999999999992673, 0.2000000000000000111, 0.5000000000000016653 ) ) ;
#444 = VERTEX_POINT ( 'NONE', #4030 ) ;
#445 = ORIENTED_EDGE ( 'NONE', *, *, #3825, .F. ) ;
#446 = CARTESIAN_POINT ( 'NONE',  ( -0.6750000000000013767, 0.05000000000000000278, 1.250000000000000000 ) ) ;
#447 = ADVANCED_FACE ( 'NONE', ( #1667 ), #3981, .T. ) ;
#448 = DIRECTION ( 'NONE',  ( 1.734723475976806848E-16, 0.000000000000000000, -1.000000000000000000 ) ) ;
#449 = ORIENTED_EDGE ( 'NONE', *, *, #1320, .T. ) ;
#450 = ORIENTED_EDGE ( 'NONE', *, *, #416, .F. ) ;
#451 = CARTESIAN_POINT ( 'NONE',  ( 0.4249999999999994893, 0.000000000000000000, -0.6999999999999985123 ) ) ;
#452 = FACE_OUTER_BOUND ( 'NONE', #1956, .T. ) ;
#453 = CARTESIAN_POINT ( 'NONE',  ( -0.4249999999999996003, 0.2000000000000000111, -0.09999999999999892308 ) ) ;
#454 = EDGE_LOOP ( 'NONE', ( #3735, #3254, #1668, #2474 ) ) ;
#455 = CARTESIAN_POINT ( 'NONE',  ( -0.6750000000000013767, 0.7999999999999999334, -1.250000000000000444 ) ) ;
#456 = APPLICATION_CONTEXT ( 'automotive_design' ) ;
#457 = AXIS2_PLACEMENT_3D ( 'NONE', #5, #2645, #3061 ) ;
#458 = EDGE_LOOP ( 'NONE', ( #2905, #955, #3563, #2927, #2581 ) ) ;
#459 = EDGE_CURVE ( 'NONE', #3723, #2721, #4050, .T. ) ;
#460 = EDGE_CURVE ( 'NONE', #2275, #3495, #2081, .T. ) ;
#461 = FACE_OUTER_BOUND ( 'NONE', #8, .T. ) ;
#462 = VECTOR ( 'NONE', #2246, 1000.000000000000000 ) ;
#463 = FACE_OUTER_BOUND ( 'NONE', #2762, .T. ) ;
#464 = FACE_OUTER_BOUND ( 'NONE', #205, .T. ) ;
#465 = CARTESIAN_POINT ( 'NONE',  ( -0.4249999999999998224, 0.000000000000000000, 1.100000000000001199 ) ) ;
#466 = EDGE_CURVE ( 'NONE', #426, #444, #13, .T. ) ;
#467 = ORIENTED_EDGE ( 'NONE', *, *, #4134, .F. ) ;
#468 = VECTOR ( 'NONE', #1371, 1000.000000000000000 ) ;
#469 = LINE ( 'NONE', #3780, #529 ) ;
#470 = CARTESIAN_POINT ( 'NONE',  ( -0.6749999999999994893, 0.000000000000000000, 0.7000000000000015099 ) ) ;
#471 = EDGE_LOOP ( 'NONE', ( #4218, #228, #3883, #1797 ) ) ;
#472 = VECTOR ( 'NONE', #1350, 1000.000000000000000 ) ;
#473 = ORIENTED_EDGE ( 'NONE', *, *, #3683, .T. ) ;
#474 = ADVANCED_FACE ( 'NONE', ( #4157 ), #2147, .F. ) ;
#475 = SURFACE_STYLE_USAGE ( .BOTH. , #3785 ) ;
#476 = DIRECTION ( 'NONE',  ( 1.000000000000000000, 0.000000000000000000, 1.734723475976806848E-16 ) ) ;
#477 = LINE ( 'NONE', #3151, #4288 ) ;
#478 = EDGE_LOOP ( 'NONE', ( #4275, #1442, #479, #2506 ) ) ;
#479 = ORIENTED_EDGE ( 'NONE', *, *, #1816, .F. ) ;
#480 = ADVANCED_FACE ( 'NONE', ( #3763 ), #1123, .T. ) ;
#481 = SURFACE_STYLE_FILL_AREA ( #3483 ) ;
#482 = ORIENTED_EDGE ( 'NONE', *, *, #2499, .F. ) ;
#483 = CARTESIAN_POINT ( 'NONE',  ( 0.4249999999999993228, 0.2000000000000000111, 0.3000000000000012657 ) ) ;
#484 = DIRECTION ( 'NONE',  ( -1.000000000000000000, 0.000000000000000000, 0.000000000000000000 ) ) ;
#485 = CARTESIAN_POINT ( 'NONE',  ( 0.6749999999999991562, 0.7999999999999999334, 1.250000000000000444 ) ) ;
#486 = DIRECTION ( 'NONE',  ( 0.000000000000000000, 1.000000000000000000, 0.000000000000000000 ) ) ;
#487 = ORIENTED_EDGE ( 'NONE', *, *, #126, .F. ) ;
#488 = LINE ( 'NONE', #446, #2052 ) ;
#489 = CARTESIAN_POINT ( 'NONE',  ( -0.3817239400953550410, 0.8000000000000000444, -0.9846742545641591349 ) ) ;
#490 = ADVANCED_FACE ( 'NONE', ( #1509, #2501 ), #1426, .T. ) ;
#491 = ORIENTED_EDGE ( 'NONE', *, *, #1698, .F. ) ;
#492 = ORIENTED_EDGE ( 'NONE', *, *, #1164, .T. ) ;
#493 =( NAMED_UNIT ( * ) SI_UNIT ( $, .STERADIAN. ) SOLID_ANGLE_UNIT ( ) );
#494 = CARTESIAN_POINT ( 'NONE',  ( 0.6749999999999994893, 0.000000000000000000, -0.4999999999999983902 ) ) ;
#495 = EDGE_CURVE ( 'NONE', #3396, #3063, #3460, .T. ) ;
#496 = ORIENTED_EDGE ( 'NONE', *, *, #3187, .F. ) ;
#497 = VERTEX_POINT ( 'NONE', #1462 ) ;
#498 = LINE ( 'NONE', #3526, #225 ) ;
#499 = SURFACE_SIDE_STYLE ('',( #481 ) ) ;
#500 = LINE ( 'NONE', #865, #2549 ) ;
#501 = ADVANCED_FACE ( 'NONE', ( #2759 ), #3848, .F. ) ;
#502 = VECTOR ( 'NONE', #3121, 1000.000000000000000 ) ;
#503 = ORIENTED_EDGE ( 'NONE', *, *, #2432, .T. ) ;
#504 = CARTESIAN_POINT ( 'NONE',  ( -0.3817239400953550410, 0.8000000000000000444, -0.9846742545641591349 ) ) ;
#505 = CARTESIAN_POINT ( 'NONE',  ( 0.4249999999999996003, 0.5201562118716424044, -1.099999999999998535 ) ) ;
#506 = AXIS2_PLACEMENT_3D ( 'NONE', #2151, #3155, #4226 ) ;
#507 = AXIS2_PLACEMENT_3D ( 'NONE', #504, #1433, #197 ) ;
#508 = CARTESIAN_POINT ( 'NONE',  ( 0.6749999999999992673, 0.5201562118716424044, 0.9000000000000015765 ) ) ;
#509 = CARTESIAN_POINT ( 'NONE',  ( -0.4249999999999997113, 0.1999999999999999833, 0.7000000000000010658 ) ) ;
#510 = PRESENTATION_LAYER_ASSIGNMENT (  '', '', ( #4266 ) ) ;
#511 = VECTOR ( 'NONE', #4048, 1000.000000000000000 ) ;
#512 = CARTESIAN_POINT ( 'NONE',  ( 0.6749999999999994893, 0.000000000000000000, -0.4999999999999983902 ) ) ;
#513 = CARTESIAN_POINT ( 'NONE',  ( -0.3817239400953550410, 0.6999999999999999556, -0.9846742545641591349 ) ) ;
#514 = VECTOR ( 'NONE', #2553, 1000.000000000000000 ) ;
#515 = EDGE_LOOP ( 'NONE', ( #2671, #2703, #4160, #3426 ) ) ;
#516 = ORIENTED_EDGE ( 'NONE', *, *, #2086, .T. ) ;
#517 = PRESENTATION_STYLE_ASSIGNMENT (( #475 ) ) ;
#518 = CARTESIAN_POINT ( 'NONE',  ( 0.4249999999999993783, 0.5201562118716424044, -0.09999999999999878431 ) ) ;
#519 = ORIENTED_EDGE ( 'NONE', *, *, #3585, .T. ) ;
#520 = ORIENTED_EDGE ( 'NONE', *, *, #4283, .T. ) ;
#521 = DIRECTION ( 'NONE',  ( 0.000000000000000000, -1.000000000000000000, 0.000000000000000000 ) ) ;
#522 = SURFACE_STYLE_FILL_AREA ( #4095 ) ;
#523 = DIRECTION ( 'NONE',  ( -1.000000000000000000, 0.000000000000000000, -1.734723475976806848E-16 ) ) ;
#524 = VECTOR ( 'NONE', #1996, 1000.000000000000000 ) ;
#525 = ORIENTED_EDGE ( 'NONE', *, *, #2567, .F. ) ;
#526 = EDGE_CURVE ( 'NONE', #1603, #3337, #477, .T. ) ;
#527 = CARTESIAN_POINT ( 'NONE',  ( -0.1999999999999998723, 0.05000000000000000278, -3.469446951953611107E-17 ) ) ;
#528 = CARTESIAN_POINT ( 'NONE',  ( -0.6750000000000013767, 0.05000000000000000278, 1.250000000000000000 ) ) ;
#529 = VECTOR ( 'NONE', #2496, 1000.000000000000000 ) ;
#530 = VECTOR ( 'NONE', #1966, 1000.000000000000000 ) ;
#531 = EDGE_CURVE ( 'NONE', #640, #2247, #102, .T. ) ;
#532 = FILL_AREA_STYLE ('',( #4190 ) ) ;
#533 = CARTESIAN_POINT ( 'NONE',  ( 0.1999999999999999278, 0.2000000000000000944, 0.9999999999999988898 ) ) ;
#534 = VECTOR ( 'NONE', #1022, 1000.000000000000000 ) ;
#535 = ORIENTED_EDGE ( 'NONE', *, *, #1769, .T. ) ;
#536 = VERTEX_POINT ( 'NONE', #839 ) ;
#537 = SURFACE_STYLE_USAGE ( .BOTH. , #2842 ) ;
#538 = CARTESIAN_POINT ( 'NONE',  ( -0.3817239400953550410, 0.6999999999999999556, -0.9846742545641591349 ) ) ;
#539 = VECTOR ( 'NONE', #918, 1000.000000000000000 ) ;
#540 = ORIENTED_EDGE ( 'NONE', *, *, #4200, .F. ) ;
#541 = ORIENTED_EDGE ( 'NONE', *, *, #126, .T. ) ;
#542 = DIRECTION ( 'NONE',  ( -1.734723475976806848E-16, 0.000000000000000000, 1.000000000000000000 ) ) ;
#543 = CARTESIAN_POINT ( 'NONE',  ( -0.6750000000000013767, 4.441214529035074854, -1.250000000000000444 ) ) ;
#544 = DIRECTION ( 'NONE',  ( 0.7071067811865489050, -0.000000000000000000, -0.7071067811865462405 ) ) ;
#545 = EDGE_CURVE ( 'NONE', #3636, #1974, #4177, .T. ) ;
#546 = EDGE_LOOP ( 'NONE', ( #3613, #1649, #1184, #712 ) ) ;
#547 = PLANE ( 'NONE',  #1895 ) ;
#548 =( NAMED_UNIT ( * ) PLANE_ANGLE_UNIT ( ) SI_UNIT ( $, .RADIAN. ) );
#549 = PLANE ( 'NONE',  #4012 ) ;
#550 = DIRECTION ( 'NONE',  ( -1.000000000000000000, 0.000000000000000000, -1.734723475976806848E-16 ) ) ;
#551 = ADVANCED_FACE ( 'NONE', ( #2478 ), #3414, .T. ) ;
#552 = CARTESIAN_POINT ( 'NONE',  ( 0.6749999999999993783, 0.000000000000000000, 0.3000000000000017653 ) ) ;
#553 = DIRECTION ( 'NONE',  ( 1.000000000000000000, 0.000000000000000000, 1.734723475976806848E-16 ) ) ;
#554 = EDGE_CURVE ( 'NONE', #3017, #167, #166, .T. ) ;
#555 = ORIENTED_EDGE ( 'NONE', *, *, #1370, .T. ) ;
#556 = LINE ( 'NONE', #1948, #3362 ) ;
#557 = CARTESIAN_POINT ( 'NONE',  ( 0.4249999999999993783, 0.000000000000000000, 0.1000000000000016293 ) ) ;
#558 = ORIENTED_EDGE ( 'NONE', *, *, #2010, .T. ) ;
#559 = ORIENTED_EDGE ( 'NONE', *, *, #3291, .T. ) ;
#560 = CARTESIAN_POINT ( 'NONE',  ( 0.1999999999999999278, 0.000000000000000000, 0.9999999999999988898 ) ) ;
#561 = FACE_OUTER_BOUND ( 'NONE', #3940, .T. ) ;
#562 = LINE ( 'NONE', #1174, #603 ) ;
#563 = VERTEX_POINT ( 'NONE', #494 ) ;
#564 = CARTESIAN_POINT ( 'NONE',  ( -0.4249999999999996003, 0.000000000000000000, -0.09999999999999892308 ) ) ;
#565 = ORIENTED_EDGE ( 'NONE', *, *, #2754, .T. ) ;
#566 = CARTESIAN_POINT ( 'NONE',  ( 0.4249999999999991562, 0.1999999999999999833, 1.100000000000001199 ) ) ;
#567 = CARTESIAN_POINT ( 'NONE',  ( 0.4249999999999991562, 0.2000000000000000111, 1.100000000000001199 ) ) ;
#568 = DIRECTION ( 'NONE',  ( 1.000000000000000000, 0.000000000000000000, 1.734723475976806848E-16 ) ) ;
#569 = VECTOR ( 'NONE', #917, 1000.000000000000000 ) ;
#570 = EDGE_CURVE ( 'NONE', #2797, #3755, #1484, .T. ) ;
#571 = CARTESIAN_POINT ( 'NONE',  ( 0.6749999999999994893, 0.1999999999999999833, -0.4999999999999983902 ) ) ;
#572 = CARTESIAN_POINT ( 'NONE',  ( -1.561251128379121455E-16, 0.05000000000000000278, -0.09999999999999958922 ) ) ;
#573 = LINE ( 'NONE', #919, #1920 ) ;
#574 = AXIS2_PLACEMENT_3D ( 'NONE', #4252, #3555, #3576 ) ;
#575 = VECTOR ( 'NONE', #4185, 1000.000000000000000 ) ;
#576 = VERTEX_POINT ( 'NONE', #3787 ) ;
#577 = EDGE_CURVE ( 'NONE', #3300, #3723, #3111, .T. ) ;
#578 = VECTOR ( 'NONE', #2122, 1000.000000000000000 ) ;
#579 = CARTESIAN_POINT ( 'NONE',  ( -2.775557561562890858E-16, 0.000000000000000000, 1.600000000000000089 ) ) ;
#580 = ORIENTED_EDGE ( 'NONE', *, *, #2944, .F. ) ;
#581 = ORIENTED_EDGE ( 'NONE', *, *, #1604, .T. ) ;
#582 = CARTESIAN_POINT ( 'NONE',  ( -0.6749999999999992673, 0.5201562118716424044, -0.4999999999999986122 ) ) ;
#583 = DIRECTION ( 'NONE',  ( 1.000000000000000000, 0.000000000000000000, 1.734723475976806848E-16 ) ) ;
#584 = CARTESIAN_POINT ( 'NONE',  ( -0.6749999999999996003, 0.1999999999999999833, 1.100000000000001421 ) ) ;
#585 = EDGE_LOOP ( 'NONE', ( #2388, #1980, #3693, #3783 ) ) ;
#586 = LINE ( 'NONE', #4274, #1130 ) ;
#587 = ORIENTED_EDGE ( 'NONE', *, *, #1928, .T. ) ;
#588 = DIRECTION ( 'NONE',  ( 0.7071067811865506814, -0.000000000000000000, -0.7071067811865443531 ) ) ;
#589 = DIRECTION ( 'NONE',  ( 0.000000000000000000, -1.000000000000000000, 0.000000000000000000 ) ) ;
#590 = PLANE ( 'NONE',  #1750 ) ;
#591 = EDGE_CURVE ( 'NONE', #1379, #2826, #3827, .T. ) ;
#592 = VECTOR ( 'NONE', #2751, 1000.000000000000000 ) ;
#593 = CARTESIAN_POINT ( 'NONE',  ( 0.4249999999999993783, 0.2000000000000000111, -0.09999999999999878431 ) ) ;
#594 = DIRECTION ( 'NONE',  ( -1.000000000000000000, 0.000000000000000000, -1.734723475976806848E-16 ) ) ;
#595 = CARTESIAN_POINT ( 'NONE',  ( 9.540979117872431131E-16, 0.05000000000000000278, -0.4999999999999996669 ) ) ;
#596 = EDGE_CURVE ( 'NONE', #2303, #909, #1840, .T. ) ;
#597 = VECTOR ( 'NONE', #1253, 1000.000000000000000 ) ;
#598 = ORIENTED_EDGE ( 'NONE', *, *, #93, .T. ) ;
#599 = VECTOR ( 'NONE', #1476, 1000.000000000000000 ) ;
#600 = LINE ( 'NONE', #3543, #4074 ) ;
#601 = EDGE_CURVE ( 'NONE', #2688, #1420, #1757, .T. ) ;
#602 = EDGE_LOOP ( 'NONE', ( #2882, #1575, #1907, #3821 ) ) ;
#603 = VECTOR ( 'NONE', #237, 1000.000000000000000 ) ;
#604 = VERTEX_POINT ( 'NONE', #2103 ) ;
#605 = DIRECTION ( 'NONE',  ( 1.000000000000000000, 0.000000000000000000, 1.734723475976806848E-16 ) ) ;
#606 = LINE ( 'NONE', #1976, #1679 ) ;
#607 = CARTESIAN_POINT ( 'NONE',  ( -0.4249999999999997113, 0.2000000000000000111, 0.7000000000000010658 ) ) ;
#608 = VECTOR ( 'NONE', #342, 1000.000000000000000 ) ;
#609 = EDGE_CURVE ( 'NONE', #233, #625, #3437, .T. ) ;
#610 = VERTEX_POINT ( 'NONE', #2207 ) ;
#611 = CLOSED_SHELL ( 'NONE', ( #4115, #3722, #1882, #370, #3444, #1422, #490, #273, #1125, #4271, #1744, #911, #2844, #154, #7, #1345, #1685, #3391, #3266, #4033, #1909, #1677, #3716, #3113, #1985, #3308, #647, #2410, #2248, #1132, #2273, #1831, #551, #2036, #3856, #3491, #2811, #2536, #442, #2138, #1899, #4194, #3132, #447, #3068, #2933, #1584, #994, #979, #316, #3344, #3224, #3242, #333, #4175, #3295, #2950, #2787, #3053, #3887, #821, #3376, #3074 ) ) ;
#612 = CARTESIAN_POINT ( 'NONE',  ( 0.6749999999999993783, 0.04999999999999999584, 0.1000000000000016848 ) ) ;
#613 = EDGE_LOOP ( 'NONE', ( #4289, #3952, #3463, #3540 ) ) ;
#614 = SURFACE_STYLE_FILL_AREA ( #2918 ) ;
#615 = SURFACE_STYLE_FILL_AREA ( #697 ) ;
#616 = CARTESIAN_POINT ( 'NONE',  ( 0.6749999999999991562, 0.05000000000000000278, 1.250000000000000444 ) ) ;
#617 = ORIENTED_EDGE ( 'NONE', *, *, #3987, .F. ) ;
#618 = LINE ( 'NONE', #3226, #83 ) ;
#619 = CARTESIAN_POINT ( 'NONE',  ( -0.4249999999999994338, 0.5201562118716424044, -0.8999999999999990230 ) ) ;
#620 = PLANE ( 'NONE',  #2824 ) ;
#621 = EDGE_LOOP ( 'NONE', ( #3517, #1507, #1077, #3301 ) ) ;
#622 = CARTESIAN_POINT ( 'NONE',  ( -0.6749999999999993783, 0.5201562118716424044, -0.2999999999999986011 ) ) ;
#623 = ADVANCED_FACE ( 'NONE', ( #1232 ), #2883, .F. ) ;
#624 = DIRECTION ( 'NONE',  ( 1.000000000000000000, 0.000000000000000000, 1.734723475976806848E-16 ) ) ;
#625 = VERTEX_POINT ( 'NONE', #557 ) ;
#626 = ORIENTED_EDGE ( 'NONE', *, *, #3234, .T. ) ;
#627 = CARTESIAN_POINT ( 'NONE',  ( -0.5068778308447200454, 0.6999999999999999556, -0.9846742545641591349 ) ) ;
#628 = DIRECTION ( 'NONE',  ( 0.000000000000000000, -1.000000000000000000, 0.000000000000000000 ) ) ;
#629 = DIRECTION ( 'NONE',  ( -1.000000000000000000, 0.000000000000000000, 1.561251128379127963E-15 ) ) ;
#630 = EDGE_CURVE ( 'NONE', #3815, #2287, #1592, .T. ) ;
#631 = ORIENTED_EDGE ( 'NONE', *, *, #1396, .T. ) ;
#632 = LINE ( 'NONE', #564, #916 ) ;
#633 = EDGE_LOOP ( 'NONE', ( #1447, #1915, #3481, #318 ) ) ;
#634 = EDGE_CURVE ( 'NONE', #2612, #2473, #600, .T. ) ;
#635 =( NAMED_UNIT ( * ) SI_UNIT ( $, .STERADIAN. ) SOLID_ANGLE_UNIT ( ) );
#636 = CARTESIAN_POINT ( 'NONE',  ( 0.4249999999999993228, 0.000000000000000000, 0.3000000000000012657 ) ) ;
#637 = CARTESIAN_POINT ( 'NONE',  ( 0.000000000000000000, 0.2000000000000000111, 0.000000000000000000 ) ) ;
#638 = CARTESIAN_POINT ( 'NONE',  ( 0.4249999999999993783, 0.05000000000000000278, 7.372574772901419058E-17 ) ) ;
#639 = VECTOR ( 'NONE', #2973, 1000.000000000000000 ) ;
#640 = VERTEX_POINT ( 'NONE', #4261 ) ;
#641 = CARTESIAN_POINT ( 'NONE',  ( 0.6749999999999994893, 0.2000000000000000111, -0.8999999999999983569 ) ) ;
#642 = CARTESIAN_POINT ( 'NONE',  ( -0.2000000000000000389, 2.239607805437113797, 0.9999999999999988898 ) ) ;
#643 = VECTOR ( 'NONE', #1389, 1000.000000000000000 ) ;
#644 = DIRECTION ( 'NONE',  ( -0.000000000000000000, -1.000000000000000000, 0.000000000000000000 ) ) ;
#645 = AXIS2_PLACEMENT_3D ( 'NONE', #582, #605, #3942 ) ;
#646 = VERTEX_POINT ( 'NONE', #4221 ) ;
#647 = ADVANCED_FACE ( 'NONE', ( #2560 ), #3893, .T. ) ;
#648 = ORIENTED_EDGE ( 'NONE', *, *, #3751, .F. ) ;
#649 = VECTOR ( 'NONE', #659, 1000.000000000000000 ) ;
#650 = MECHANICAL_DESIGN_GEOMETRIC_PRESENTATION_REPRESENTATION (  '', ( #2457 ), #2804 ) ;
#651 = CARTESIAN_POINT ( 'NONE',  ( 0.4249999999999993783, 0.2000000000000000111, -0.09999999999999878431 ) ) ;
#652 = DIRECTION ( 'NONE',  ( 1.000000000000000000, 0.000000000000000000, 1.734723475976806848E-16 ) ) ;
#653 = ADVANCED_FACE ( 'NONE', ( #3564 ), #207, .F. ) ;
#654 = EDGE_LOOP ( 'NONE', ( #1838, #2798, #565, #1866 ) ) ;
#655 = CARTESIAN_POINT ( 'NONE',  ( -0.4249999999999996003, 0.04999999999999999584, -0.09999999999999892308 ) ) ;
#656 = DIRECTION ( 'NONE',  ( 0.7071067811865462405, 0.000000000000000000, 0.7071067811865489050 ) ) ;
#657 = ORIENTED_EDGE ( 'NONE', *, *, #2193, .T. ) ;
#658 = EDGE_CURVE ( 'NONE', #1465, #1510, #1927, .T. ) ;
#659 = DIRECTION ( 'NONE',  ( 1.734723475976807094E-16, 0.000000000000000000, -1.000000000000000000 ) ) ;
#660 = DIRECTION ( 'NONE',  ( 1.000000000000000000, 0.000000000000000000, 1.734723475976806848E-16 ) ) ;
#661 = CARTESIAN_POINT ( 'NONE',  ( -0.6750000000000013767, 0.05000000000000000278, 1.250000000000000000 ) ) ;
#662 = PRODUCT_DEFINITION_CONTEXT ( 'detailed design', #456, 'design' ) ;
#663 = ADVANCED_FACE ( 'NONE', ( #2908 ), #1864, .F. ) ;
#664 = AXIS2_PLACEMENT_3D ( 'NONE', #1319, #3020, #1403 ) ;
#665 = ORIENTED_EDGE ( 'NONE', *, *, #4287, .F. ) ;
#666 = LINE ( 'NONE', #55, #2038 ) ;
#667 = CARTESIAN_POINT ( 'NONE',  ( -1.335737076502142252E-15, 0.05000000000000000278, 0.7000000000000003997 ) ) ;
#668 = CARTESIAN_POINT ( 'NONE',  ( 0.6749999999999994893, 0.1999999999999999833, -0.8999999999999983569 ) ) ;
#669 = VECTOR ( 'NONE', #3997, 1000.000000000000000 ) ;
#670 = ORIENTED_EDGE ( 'NONE', *, *, #2263, .T. ) ;
#671 = ORIENTED_EDGE ( 'NONE', *, *, #3499, .T. ) ;
#672 = VECTOR ( 'NONE', #4172, 1000.000000000000000 ) ;
#673 = CARTESIAN_POINT ( 'NONE',  ( -0.4249999999999996003, 0.1999999999999999833, -0.09999999999999892308 ) ) ;
#674 = LINE ( 'NONE', #3327, #2446 ) ;
#675 = LINE ( 'NONE', #2387, #3724 ) ;
#676 = ORIENTED_EDGE ( 'NONE', *, *, #2737, .T. ) ;
#677 = EDGE_CURVE ( 'NONE', #1569, #3017, #4242, .T. ) ;
#678 = PLANE ( 'NONE',  #4223 ) ;
#679 = AXIS2_PLACEMENT_3D ( 'NONE', #2307, #1675, #660 ) ;
#680 = ORIENTED_EDGE ( 'NONE', *, *, #3770, .F. ) ;
#681 = FACE_OUTER_BOUND ( 'NONE', #3829, .T. ) ;
#682 = DIRECTION ( 'NONE',  ( -0.000000000000000000, -1.000000000000000000, 0.000000000000000000 ) ) ;
#683 = CARTESIAN_POINT ( 'NONE',  ( 0.2000000000000002609, 0.2000000000000000944, -1.000000000000001110 ) ) ;
#684 = EDGE_CURVE ( 'NONE', #2467, #3342, #2184, .T. ) ;
#685 = ORIENTED_EDGE ( 'NONE', *, *, #3935, .F. ) ;
#686 = DIRECTION ( 'NONE',  ( -1.734723475976807094E-16, 0.000000000000000000, 1.000000000000000000 ) ) ;
#687 = DIRECTION ( 'NONE',  ( -1.000000000000000000, 0.000000000000000000, 0.000000000000000000 ) ) ;
#688 = EDGE_CURVE ( 'NONE', #2693, #1993, #2537, .T. ) ;
#689 = CARTESIAN_POINT ( 'NONE',  ( -0.4249999999999997669, 0.000000000000000000, 0.9000000000000013545 ) ) ;
#690 = ORIENTED_EDGE ( 'NONE', *, *, #895, .F. ) ;
#691 = ORIENTED_EDGE ( 'NONE', *, *, #1247, .T. ) ;
#692 = FACE_OUTER_BOUND ( 'NONE', #2431, .T. ) ;
#693 = CARTESIAN_POINT ( 'NONE',  ( -0.3817239400953550410, 0.8000000000000000444, -0.9846742545641591349 ) ) ;
#694 = DIRECTION ( 'NONE',  ( -1.000000000000000000, 0.000000000000000000, -1.734723475976806848E-16 ) ) ;
#695 = ORIENTED_EDGE ( 'NONE', *, *, #2972, .T. ) ;
#696 = CARTESIAN_POINT ( 'NONE',  ( -0.4249999999999995448, 0.1999999999999999833, -0.2999999999999985456 ) ) ;
#697 = FILL_AREA_STYLE ('',( #1283 ) ) ;
#698 = ORIENTED_EDGE ( 'NONE', *, *, #3617, .F. ) ;
#699 = DIRECTION ( 'NONE',  ( -1.000000000000000000, 0.000000000000000000, -1.734723475976806848E-16 ) ) ;
#700 = CARTESIAN_POINT ( 'NONE',  ( 0.4249999999999994893, 0.2000000000000000111, -0.4999999999999988343 ) ) ;
#701 = SURFACE_STYLE_FILL_AREA ( #2351 ) ;
#702 = DIRECTION ( 'NONE',  ( 1.000000000000000000, 0.000000000000000000, 1.734723475976806848E-16 ) ) ;
#703 = DIRECTION ( 'NONE',  ( -1.734723475976806848E-16, 0.000000000000000000, 1.000000000000000000 ) ) ;
#704 = UNCERTAINTY_MEASURE_WITH_UNIT (LENGTH_MEASURE( 1.000000000000000082E-05 ), #886, 'distance_accuracy_value', 'NONE');
#705 = ORIENTED_EDGE ( 'NONE', *, *, #1852, .T. ) ;
#706 = EDGE_CURVE ( 'NONE', #4071, #3390, #2926, .T. ) ;
#707 = FILL_AREA_STYLE ('',( #3012 ) ) ;
#708 = LINE ( 'NONE', #56, #3100 ) ;
#709 = LINE ( 'NONE', #2401, #3249 ) ;
#710 = VECTOR ( 'NONE', #2854, 1000.000000000000000 ) ;
#711 = ORIENTED_EDGE ( 'NONE', *, *, #3585, .F. ) ;
#712 = ORIENTED_EDGE ( 'NONE', *, *, #2455, .T. ) ;
#713 = EDGE_CURVE ( 'NONE', #1671, #2074, #274, .T. ) ;
#714 = LINE ( 'NONE', #1340, #2242 ) ;
#715 = AXIS2_PLACEMENT_3D ( 'NONE', #4313, #1666, #973 ) ;
#716 = CARTESIAN_POINT ( 'NONE',  ( 0.6749999999999993783, 0.5201562118716424044, 0.1000000000000016848 ) ) ;
#717 = VECTOR ( 'NONE', #307, 1000.000000000000000 ) ;
#718 = CARTESIAN_POINT ( 'NONE',  ( -0.4249999999999995448, 0.2000000000000000111, -0.2999999999999985456 ) ) ;
#719 = ORIENTED_EDGE ( 'NONE', *, *, #3397, .T. ) ;
#720 = CARTESIAN_POINT ( 'NONE',  ( -0.6749999999999992673, 0.000000000000000000, -0.4999999999999986122 ) ) ;
#721 = VECTOR ( 'NONE', #1392, 1000.000000000000000 ) ;
#722 = DIRECTION ( 'NONE',  ( 1.734723475976806848E-16, 0.000000000000000000, -1.000000000000000000 ) ) ;
#723 = VERTEX_POINT ( 'NONE', #1209 ) ;
#724 = CARTESIAN_POINT ( 'NONE',  ( -6.938893903907227145E-17, 0.000000000000000000, 0.4000000000000000222 ) ) ;
#725 = PLANE ( 'NONE',  #3286 ) ;
#726 = LINE ( 'NONE', #1029, #740 ) ;
#727 = CARTESIAN_POINT ( 'NONE',  ( 0.4249999999999991562, 0.2000000000000000111, 1.100000000000001199 ) ) ;
#728 = EDGE_CURVE ( 'NONE', #3450, #2443, #3870, .T. ) ;
#729 = ORIENTED_EDGE ( 'NONE', *, *, #2289, .T. ) ;
#730 = CARTESIAN_POINT ( 'NONE',  ( 0.4249999999999995448, 0.2000000000000000111, -0.8999999999999988010 ) ) ;
#731 = CARTESIAN_POINT ( 'NONE',  ( 0.6749999999999991562, 4.441214529035074854, 1.250000000000000444 ) ) ;
#732 = EDGE_CURVE ( 'NONE', #2548, #1032, #1548, .T. ) ;
#733 = STYLED_ITEM ( 'NONE', ( #3548 ), #259 ) ;
#734 = ORIENTED_EDGE ( 'NONE', *, *, #1546, .F. ) ;
#735 = LINE ( 'NONE', #995, #2734 ) ;
#736 = FACE_OUTER_BOUND ( 'NONE', #3329, .T. ) ;
#737 = VECTOR ( 'NONE', #2444, 1000.000000000000000 ) ;
#738 = DIRECTION ( 'NONE',  ( 0.000000000000000000, -1.000000000000000000, 0.000000000000000000 ) ) ;
#739 = ADVANCED_FACE ( 'NONE', ( #1881 ), #3209, .T. ) ;
#740 = VECTOR ( 'NONE', #355, 1000.000000000000000 ) ;
#741 = ORIENTED_EDGE ( 'NONE', *, *, #1486, .T. ) ;
#742 = CARTESIAN_POINT ( 'NONE',  ( 0.4249999999999994338, 0.1999999999999999833, -0.2999999999999984346 ) ) ;
#743 = CARTESIAN_POINT ( 'NONE',  ( 0.6749999999999991562, 0.05000000000000000278, -0.4999999999999983902 ) ) ;
#744 = VECTOR ( 'NONE', #1491, 1000.000000000000000 ) ;
#745 = EDGE_CURVE ( 'NONE', #1736, #2417, #4286, .T. ) ;
#746 = ORIENTED_EDGE ( 'NONE', *, *, #2839, .F. ) ;
#747 = VECTOR ( 'NONE', #2379, 1000.000000000000000 ) ;
#748 = CARTESIAN_POINT ( 'NONE',  ( -1.387778780781445429E-16, 0.2000000000000000111, 0.8000000000000000444 ) ) ;
#749 = DIRECTION ( 'NONE',  ( 0.000000000000000000, -1.000000000000000000, 0.000000000000000000 ) ) ;
#750 = LINE ( 'NONE', #3819, #3104 ) ;
#751 = CLOSED_SHELL ( 'NONE', ( #3551, #2626, #2708, #3199, #208, #1264 ) ) ;
#752 = ORIENTED_EDGE ( 'NONE', *, *, #4147, .T. ) ;
#753 = MECHANICAL_DESIGN_GEOMETRIC_PRESENTATION_REPRESENTATION (  '', ( #1861 ), #2817 ) ;
#754 = ORIENTED_EDGE ( 'NONE', *, *, #2471, .T. ) ;
#755 = FACE_OUTER_BOUND ( 'NONE', #454, .T. ) ;
#756 = CARTESIAN_POINT ( 'NONE',  ( -0.4249999999999998224, 0.2000000000000000111, 1.100000000000001199 ) ) ;
#757 = ORIENTED_EDGE ( 'NONE', *, *, #4322, .T. ) ;
#758 = ORIENTED_EDGE ( 'NONE', *, *, #1525, .F. ) ;
#759 = ADVANCED_FACE ( 'NONE', ( #4307 ), #1355, .F. ) ;
#760 = DIRECTION ( 'NONE',  ( -1.000000000000000000, 0.000000000000000000, 1.561251128379127963E-15 ) ) ;
#761 = LINE ( 'NONE', #2080, #3702 ) ;
#762 = LINE ( 'NONE', #411, #2610 ) ;
#763 = ORIENTED_EDGE ( 'NONE', *, *, #1572, .F. ) ;
#764 = ORIENTED_EDGE ( 'NONE', *, *, #4097, .T. ) ;
#765 = CARTESIAN_POINT ( 'NONE',  ( -0.6750000000000013767, 0.05000000000000000278, -1.099999999999998757 ) ) ;
#766 = CARTESIAN_POINT ( 'NONE',  ( 0.4249999999999993783, 0.05000000000000000278, 7.372574772901419058E-17 ) ) ;
#767 = CARTESIAN_POINT ( 'NONE',  ( 0.4249999999999995448, 0.2000000000000000111, -0.8999999999999988010 ) ) ;
#768 = CARTESIAN_POINT ( 'NONE',  ( -0.5068778308447200454, 0.8000000000000000444, -0.9846742545641591349 ) ) ;
#769 = ORIENTED_EDGE ( 'NONE', *, *, #939, .F. ) ;
#770 = VERTEX_POINT ( 'NONE', #1034 ) ;
#771 = FACE_OUTER_BOUND ( 'NONE', #876, .T. ) ;
#772 = FACE_OUTER_BOUND ( 'NONE', #2936, .T. ) ;
#773 = EDGE_LOOP ( 'NONE', ( #217, #746, #3660, #3067 ) ) ;
#774 = ORIENTED_EDGE ( 'NONE', *, *, #1924, .F. ) ;
#775 = DIRECTION ( 'NONE',  ( -1.561251128379127963E-15, 0.000000000000000000, -1.000000000000000000 ) ) ;
#776 = CARTESIAN_POINT ( 'NONE',  ( 0.4249999999999992673, 0.1999999999999999833, 0.7000000000000012879 ) ) ;
#777 = DIRECTION ( 'NONE',  ( 0.000000000000000000, 1.000000000000000000, 0.000000000000000000 ) ) ;
#778 = EDGE_CURVE ( 'NONE', #1959, #167, #1971, .T. ) ;
#779 = ADVANCED_FACE ( 'NONE', ( #1660 ), #3340, .F. ) ;
#780 = ORIENTED_EDGE ( 'NONE', *, *, #531, .T. ) ;
#781 = VECTOR ( 'NONE', #2171, 1000.000000000000000 ) ;
#782 = PLANE ( 'NONE',  #328 ) ;
#783 = VECTOR ( 'NONE', #3874, 1000.000000000000000 ) ;
#784 = ORIENTED_EDGE ( 'NONE', *, *, #3536, .T. ) ;
#785 = CARTESIAN_POINT ( 'NONE',  ( 0.4249999999999993783, 0.2000000000000000111, 0.1000000000000016293 ) ) ;
#786 = VECTOR ( 'NONE', #4235, 1000.000000000000000 ) ;
#787 =( GEOMETRIC_REPRESENTATION_CONTEXT ( 3 ) GLOBAL_UNCERTAINTY_ASSIGNED_CONTEXT ( ( #965 ) ) GLOBAL_UNIT_ASSIGNED_CONTEXT ( ( #1863, #3542, #3190 ) ) REPRESENTATION_CONTEXT ( 'NONE', 'WORKASPACE' ) );
#788 = DIRECTION ( 'NONE',  ( -0.000000000000000000, -1.000000000000000000, 0.000000000000000000 ) ) ;
#789 = CARTESIAN_POINT ( 'NONE',  ( 0.4249999999999993228, 0.1999999999999999833, 0.3000000000000012657 ) ) ;
#790 = DIRECTION ( 'NONE',  ( -1.734723475976806848E-16, 0.000000000000000000, 1.000000000000000000 ) ) ;
#791 = EDGE_CURVE ( 'NONE', #646, #1366, #1778, .T. ) ;
#792 = EDGE_LOOP ( 'NONE', ( #2422, #3197, #695, #1056 ) ) ;
#793 = VERTEX_POINT ( 'NONE', #1729 ) ;
#794 = LINE ( 'NONE', #2076, #3727 ) ;
#795 = DIRECTION ( 'NONE',  ( 1.734723475976806848E-16, 0.000000000000000000, -1.000000000000000000 ) ) ;
#796 = EDGE_CURVE ( 'NONE', #1406, #3396, #1682, .T. ) ;
#797 = EDGE_LOOP ( 'NONE', ( #1394, #3206, #1809, #836 ) ) ;
#798 = ORIENTED_EDGE ( 'NONE', *, *, #4287, .T. ) ;
#799 = CARTESIAN_POINT ( 'NONE',  ( -0.4249999999999994893, 0.000000000000000000, -0.6999999999999987343 ) ) ;
#800 = LINE ( 'NONE', #2758, #2867 ) ;
#801 = CARTESIAN_POINT ( 'NONE',  ( 0.6749999999999993783, 0.5201562118716424044, -0.2999999999999983791 ) ) ;
#802 = ORIENTED_EDGE ( 'NONE', *, *, #964, .F. ) ;
#803 = ORIENTED_EDGE ( 'NONE', *, *, #2783, .T. ) ;
#804 = CARTESIAN_POINT ( 'NONE',  ( 0.6749999999999993783, 0.5201562118716424044, -0.09999999999999829858 ) ) ;
#805 =( NAMED_UNIT ( * ) PLANE_ANGLE_UNIT ( ) SI_UNIT ( $, .RADIAN. ) );
#806 = VECTOR ( 'NONE', #3822, 1000.000000000000000 ) ;
#807 = VERTEX_POINT ( 'NONE', #29 ) ;
#808 = DIRECTION ( 'NONE',  ( 1.000000000000000000, 0.000000000000000000, 1.734723475976806848E-16 ) ) ;
#809 = EDGE_CURVE ( 'NONE', #2859, #401, #708, .T. ) ;
#810 = AXIS2_PLACEMENT_3D ( 'NONE', #3073, #2420, #2072 ) ;
#811 = CARTESIAN_POINT ( 'NONE',  ( -0.4249999999999998224, 0.2000000000000000111, 1.100000000000001199 ) ) ;
#812 = DIRECTION ( 'NONE',  ( -1.000000000000000000, 0.000000000000000000, -1.734723475976806848E-16 ) ) ;
#813 = VECTOR ( 'NONE', #150, 1000.000000000000000 ) ;
#814 = ADVANCED_FACE ( 'NONE', ( #2711 ), #1377, .F. ) ;
#815 = ORIENTED_EDGE ( 'NONE', *, *, #282, .T. ) ;
#816 = CARTESIAN_POINT ( 'NONE',  ( 0.4249999999999994893, 0.2000000000000000111, -0.6999999999999985123 ) ) ;
#817 = DIRECTION ( 'NONE',  ( -1.000000000000000000, 0.000000000000000000, -1.908195823574487804E-15 ) ) ;
#818 = EDGE_LOOP ( 'NONE', ( #4290, #520, #3797, #3945, #2479 ) ) ;
#819 = CLOSED_SHELL ( 'NONE', ( #2243, #4206, #3262, #3910, #1031, #288, #1664 ) ) ;
#820 = ORIENTED_EDGE ( 'NONE', *, *, #3659, .T. ) ;
#821 = ADVANCED_FACE ( 'NONE', ( #360 ), #3014, .T. ) ;
#822 =( NAMED_UNIT ( * ) PLANE_ANGLE_UNIT ( ) SI_UNIT ( $, .RADIAN. ) );
#823 = DIRECTION ( 'NONE',  ( 1.000000000000000000, 0.000000000000000000, 1.734723475976806848E-16 ) ) ;
#824 = DIRECTION ( 'NONE',  ( 1.908195823574487804E-15, 0.000000000000000000, -1.000000000000000000 ) ) ;
#825 = VERTEX_POINT ( 'NONE', #341 ) ;
#826 = ORIENTED_EDGE ( 'NONE', *, *, #1137, .T. ) ;
#827 = LINE ( 'NONE', #2211, #2587 ) ;
#828 = CARTESIAN_POINT ( 'NONE',  ( 0.4249999999999996003, 0.000000000000000000, -1.099999999999998535 ) ) ;
#829 = CARTESIAN_POINT ( 'NONE',  ( 0.2000000000000002609, 0.2000000000000000944, -1.000000000000000666 ) ) ;
#830 = ORIENTED_EDGE ( 'NONE', *, *, #2160, .T. ) ;
#831 = DIRECTION ( 'NONE',  ( 1.734723475976806848E-16, 0.000000000000000000, -1.000000000000000000 ) ) ;
#832 = LINE ( 'NONE', #566, #1334 ) ;
#833 = FACE_OUTER_BOUND ( 'NONE', #4196, .T. ) ;
#834 = CARTESIAN_POINT ( 'NONE',  ( 0.000000000000000000, 0.2000000000000000111, 0.000000000000000000 ) ) ;
#835 = FACE_OUTER_BOUND ( 'NONE', #3123, .T. ) ;
#836 = ORIENTED_EDGE ( 'NONE', *, *, #356, .T. ) ;
#837 = VERTEX_POINT ( 'NONE', #4043 ) ;
#838 = DIRECTION ( 'NONE',  ( -1.000000000000000000, 0.000000000000000000, -1.734723475976806848E-16 ) ) ;
#839 = CARTESIAN_POINT ( 'NONE',  ( 0.1999999999999999278, 0.000000000000000000, 0.9999999999999988898 ) ) ;
#840 = EDGE_CURVE ( 'NONE', #1175, #2275, #3647, .T. ) ;
#841 = ORIENTED_EDGE ( 'NONE', *, *, #3023, .T. ) ;
#842 = ORIENTED_EDGE ( 'NONE', *, *, #895, .T. ) ;
#843 = DIRECTION ( 'NONE',  ( -0.000000000000000000, -1.000000000000000000, 0.000000000000000000 ) ) ;
#844 = DIRECTION ( 'NONE',  ( -1.734723475976806848E-16, 0.000000000000000000, 1.000000000000000000 ) ) ;
#845 = ADVANCED_FACE ( 'NONE', ( #1009 ), #968, .F. ) ;
#846 = VECTOR ( 'NONE', #4080, 1000.000000000000000 ) ;
#847 = VERTEX_POINT ( 'NONE', #3714 ) ;
#848 = DIRECTION ( 'NONE',  ( 0.000000000000000000, -1.000000000000000000, 0.000000000000000000 ) ) ;
#849 = AXIS2_PLACEMENT_3D ( 'NONE', #3088, #1401, #3393 ) ;
#850 = VECTOR ( 'NONE', #1473, 1000.000000000000000 ) ;
#851 = DIRECTION ( 'NONE',  ( -0.000000000000000000, -1.000000000000000000, 0.000000000000000000 ) ) ;
#852 = VECTOR ( 'NONE', #1317, 1000.000000000000000 ) ;
#853 = DIRECTION ( 'NONE',  ( -0.000000000000000000, -1.000000000000000000, 0.000000000000000000 ) ) ;
#854 = CARTESIAN_POINT ( 'NONE',  ( 0.4249999999999993228, 0.2000000000000000111, 0.3000000000000012657 ) ) ;
#855 = EDGE_LOOP ( 'NONE', ( #3990, #372, #1037, #2614 ) ) ;
#856 = EDGE_LOOP ( 'NONE', ( #3615, #3843 ) ) ;
#857 = EDGE_CURVE ( 'NONE', #2468, #2513, #3691, .T. ) ;
#858 = CARTESIAN_POINT ( 'NONE',  ( 0.4249999999999992673, 0.2000000000000000111, 0.7000000000000012879 ) ) ;
#859 = ORIENTED_EDGE ( 'NONE', *, *, #2605, .T. ) ;
#860 = ORIENTED_EDGE ( 'NONE', *, *, #4000, .F. ) ;
#861 = DIRECTION ( 'NONE',  ( -1.000000000000000000, 0.000000000000000000, -1.734723475976806848E-16 ) ) ;
#862 = CARTESIAN_POINT ( 'NONE',  ( 0.6749999999999994893, 0.1999999999999999833, -0.8999999999999983569 ) ) ;
#863 = SURFACE_STYLE_USAGE ( .BOTH. , #1848 ) ;
#864 = EDGE_CURVE ( 'NONE', #3450, #3609, #2033, .T. ) ;
#865 = CARTESIAN_POINT ( 'NONE',  ( 5.204170427930394782E-17, 0.05000000000000000278, -0.2999999999999984901 ) ) ;
#866 = CIRCLE ( 'NONE', #3933, 0.1251538907493651431 ) ;
#867 = VERTEX_POINT ( 'NONE', #384 ) ;
#868 = CARTESIAN_POINT ( 'NONE',  ( 0.6749999999999993783, 0.2000000000000000111, -0.2999999999999983791 ) ) ;
#869 = EDGE_CURVE ( 'NONE', #2633, #4264, #73, .T. ) ;
#870 = CARTESIAN_POINT ( 'NONE',  ( 0.1999999999999999278, 2.239607805437113797, 0.9999999999999988898 ) ) ;
#871 = VECTOR ( 'NONE', #925, 1000.000000000000000 ) ;
#872 = VECTOR ( 'NONE', #3928, 1000.000000000000000 ) ;
#873 = CARTESIAN_POINT ( 'NONE',  ( -0.1999999999999997335, 0.2000000000000000944, -0.8000000000000022649 ) ) ;
#874 = DIRECTION ( 'NONE',  ( -0.000000000000000000, -1.000000000000000000, 0.000000000000000000 ) ) ;
#875 = VECTOR ( 'NONE', #1043, 1000.000000000000000 ) ;
#876 = EDGE_LOOP ( 'NONE', ( #351, #4224, #1781, #2830 ) ) ;
#877 = VERTEX_POINT ( 'NONE', #730 ) ;
#878 = AXIS2_PLACEMENT_3D ( 'NONE', #731, #2992, #361 ) ;
#879 = DIRECTION ( 'NONE',  ( 1.000000000000000000, -0.000000000000000000, -1.561251128379127765E-15 ) ) ;
#880 = STYLED_ITEM ( 'NONE', ( #2531 ), #134 ) ;
#881 = VERTEX_POINT ( 'NONE', #2732 ) ;
#882 = ORIENTED_EDGE ( 'NONE', *, *, #2855, .T. ) ;
#883 = CARTESIAN_POINT ( 'NONE',  ( -0.4249999999999996558, 0.1999999999999999833, 0.3000000000000011546 ) ) ;
#884 = DIRECTION ( 'NONE',  ( 0.000000000000000000, -1.000000000000000000, 0.000000000000000000 ) ) ;
#885 = MECHANICAL_DESIGN_GEOMETRIC_PRESENTATION_REPRESENTATION (  '', ( #2205 ), #3323 ) ;
#886 =( LENGTH_UNIT ( ) NAMED_UNIT ( * ) SI_UNIT ( .MILLI., .METRE. ) );
#887 = DIRECTION ( 'NONE',  ( 0.000000000000000000, -1.000000000000000000, 0.000000000000000000 ) ) ;
#888 = ORIENTED_EDGE ( 'NONE', *, *, #1957, .F. ) ;
#889 = ADVANCED_FACE ( 'NONE', ( #2311 ), #2290, .F. ) ;
#890 = LINE ( 'NONE', #1937, #3005 ) ;
#891 = ORIENTED_EDGE ( 'NONE', *, *, #2618, .F. ) ;
#892 =( NAMED_UNIT ( * ) SI_UNIT ( $, .STERADIAN. ) SOLID_ANGLE_UNIT ( ) );
#893 = DIRECTION ( 'NONE',  ( 1.734723475976806848E-16, 0.000000000000000000, -1.000000000000000000 ) ) ;
#894 = DIRECTION ( 'NONE',  ( -1.000000000000000000, 0.000000000000000000, -1.734723475976806848E-16 ) ) ;
#895 = EDGE_CURVE ( 'NONE', #1451, #17, #3428, .T. ) ;
#896 = PLANE ( 'NONE',  #1821 ) ;
#897 = LINE ( 'NONE', #2837, #3319 ) ;
#898 = CARTESIAN_POINT ( 'NONE',  ( 0.4249999999999991562, 0.2000000000000000111, 1.100000000000001199 ) ) ;
#899 = ORIENTED_EDGE ( 'NONE', *, *, #1775, .T. ) ;
#900 = DIRECTION ( 'NONE',  ( -1.734723475976806848E-16, 0.000000000000000000, 1.000000000000000000 ) ) ;
#901 = ORIENTED_EDGE ( 'NONE', *, *, #975, .T. ) ;
#902 = ORIENTED_EDGE ( 'NONE', *, *, #3695, .F. ) ;
#903 = LINE ( 'NONE', #883, #1065 ) ;
#904 = CARTESIAN_POINT ( 'NONE',  ( -0.4249999999999994338, 0.2000000000000000111, -0.8999999999999990230 ) ) ;
#905 =( NAMED_UNIT ( * ) PLANE_ANGLE_UNIT ( ) SI_UNIT ( $, .RADIAN. ) );
#906 = EDGE_CURVE ( 'NONE', #2625, #3524, #2141, .T. ) ;
#907 = VERTEX_POINT ( 'NONE', #424 ) ;
#908 = CARTESIAN_POINT ( 'NONE',  ( 0.4249999999999993783, 0.1999999999999999833, -0.09999999999999878431 ) ) ;
#909 = VERTEX_POINT ( 'NONE', #1163 ) ;
#910 = DIRECTION ( 'NONE',  ( -1.000000000000000000, 0.000000000000000000, -1.908195823574487804E-15 ) ) ;
#911 = ADVANCED_FACE ( 'NONE', ( #835 ), #3102, .T. ) ;
#912 = LINE ( 'NONE', #3557, #3869 ) ;
#913 = VECTOR ( 'NONE', #686, 1000.000000000000000 ) ;
#914 = CARTESIAN_POINT ( 'NONE',  ( -0.6749999999999994893, 0.2000000000000000111, 0.5000000000000014433 ) ) ;
#915 = VECTOR ( 'NONE', #2295, 1000.000000000000000 ) ;
#916 = VECTOR ( 'NONE', #1891, 1000.000000000000000 ) ;
#917 = DIRECTION ( 'NONE',  ( -1.734723475976807094E-16, 0.000000000000000000, 1.000000000000000000 ) ) ;
#918 = DIRECTION ( 'NONE',  ( -1.000000000000000000, 0.000000000000000000, 1.561251128379127963E-15 ) ) ;
#919 = CARTESIAN_POINT ( 'NONE',  ( -0.6749999999999993783, 0.2000000000000000111, 0.3000000000000015432 ) ) ;
#920 = EDGE_CURVE ( 'NONE', #604, #2775, #3081, .T. ) ;
#921 = STYLED_ITEM ( 'NONE', ( #188 ), #3059 ) ;
#922 = ORIENTED_EDGE ( 'NONE', *, *, #3202, .T. ) ;
#923 = PLANE ( 'NONE',  #4267 ) ;
#924 = VECTOR ( 'NONE', #929, 1000.000000000000000 ) ;
#925 = DIRECTION ( 'NONE',  ( 1.000000000000000000, 0.000000000000000000, 1.734723475976806848E-16 ) ) ;
#926 = EDGE_CURVE ( 'NONE', #3152, #2115, #2159, .T. ) ;
#927 = ORIENTED_EDGE ( 'NONE', *, *, #3530, .F. ) ;
#928 = ORIENTED_EDGE ( 'NONE', *, *, #1058, .F. ) ;
#929 = DIRECTION ( 'NONE',  ( 1.000000000000000000, -0.000000000000000000, -1.561251128379127765E-15 ) ) ;
#930 = DIRECTION ( 'NONE',  ( 1.000000000000000000, -0.000000000000000000, -1.561251128379127765E-15 ) ) ;
#931 =( NAMED_UNIT ( * ) PLANE_ANGLE_UNIT ( ) SI_UNIT ( $, .RADIAN. ) );
#932 = EDGE_LOOP ( 'NONE', ( #2365, #2161, #80, #580 ) ) ;
#933 = LINE ( 'NONE', #3725, #2239 ) ;
#934 = ORIENTED_EDGE ( 'NONE', *, *, #869, .T. ) ;
#935 = CARTESIAN_POINT ( 'NONE',  ( 1.717376241217038432E-15, 0.05000000000000000278, -0.8999999999999996891 ) ) ;
#936 = CARTESIAN_POINT ( 'NONE',  ( 0.6749999999999996003, 0.5201562118716424044, -1.099999999999998312 ) ) ;
#937 = DIRECTION ( 'NONE',  ( -0.000000000000000000, -1.000000000000000000, 0.000000000000000000 ) ) ;
#938 =( GEOMETRIC_REPRESENTATION_CONTEXT ( 3 ) GLOBAL_UNCERTAINTY_ASSIGNED_CONTEXT ( ( #704 ) ) GLOBAL_UNIT_ASSIGNED_CONTEXT ( ( #886, #905, #1554 ) ) REPRESENTATION_CONTEXT ( 'NONE', 'WORKASPACE' ) );
#939 = EDGE_CURVE ( 'NONE', #3342, #3568, #139, .T. ) ;
#940 = VECTOR ( 'NONE', #3408, 1000.000000000000000 ) ;
#941 = CARTESIAN_POINT ( 'NONE',  ( 0.4249999999999994338, 0.1999999999999999833, -0.2999999999999984346 ) ) ;
#942 = DIRECTION ( 'NONE',  ( 0.000000000000000000, 1.000000000000000000, 0.000000000000000000 ) ) ;
#943 = VECTOR ( 'NONE', #1545, 1000.000000000000000 ) ;
#944 = ORIENTED_EDGE ( 'NONE', *, *, #4249, .T. ) ;
#945 = EDGE_CURVE ( 'NONE', #2287, #3277, #794, .T. ) ;
#946 = CARTESIAN_POINT ( 'NONE',  ( -0.3817239400953550410, 0.6999999999999999556, -0.9846742545641591349 ) ) ;
#947 = DIRECTION ( 'NONE',  ( -1.000000000000000000, 0.000000000000000000, -1.734723475976806848E-16 ) ) ;
#948 = ORIENTED_EDGE ( 'NONE', *, *, #4013, .T. ) ;
#949 = ORIENTED_EDGE ( 'NONE', *, *, #2454, .T. ) ;
#950 = EDGE_CURVE ( 'NONE', #2356, #2436, #3492, .T. ) ;
#951 = DIRECTION ( 'NONE',  ( -1.734723475976806848E-16, 0.000000000000000000, 1.000000000000000000 ) ) ;
#952 = DIRECTION ( 'NONE',  ( -1.000000000000000000, 0.000000000000000000, -1.734723475976806848E-16 ) ) ;
#953 =( LENGTH_UNIT ( ) NAMED_UNIT ( * ) SI_UNIT ( .MILLI., .METRE. ) );
#954 = COLOUR_RGB ( '',0.7921568627450980005, 0.8196078431372548767, 0.9333333333333333481 ) ;
#955 = ORIENTED_EDGE ( 'NONE', *, *, #1878, .T. ) ;
#956 = VECTOR ( 'NONE', #2922, 1000.000000000000000 ) ;
#957 = LINE ( 'NONE', #2281, #717 ) ;
#958 = PLANE ( 'NONE',  #2335 ) ;
#959 = DIRECTION ( 'NONE',  ( 1.000000000000000000, 0.000000000000000000, 1.734723475976806848E-16 ) ) ;
#960 = ORIENTED_EDGE ( 'NONE', *, *, #3955, .F. ) ;
#961 = LINE ( 'NONE', #2554, #366 ) ;
#962 = DIRECTION ( 'NONE',  ( 1.908195823574487804E-15, 0.000000000000000000, -1.000000000000000000 ) ) ;
#963 = LINE ( 'NONE', #1702, #1565 ) ;
#964 = EDGE_CURVE ( 'NONE', #1487, #2688, #1357, .T. ) ;
#965 = UNCERTAINTY_MEASURE_WITH_UNIT (LENGTH_MEASURE( 1.000000000000000082E-05 ), #1863, 'distance_accuracy_value', 'NONE');
#966 = ORIENTED_EDGE ( 'NONE', *, *, #2915, .F. ) ;
#967 = LINE ( 'NONE', #3957, #2515 ) ;
#968 = PLANE ( 'NONE',  #457 ) ;
#969 = CARTESIAN_POINT ( 'NONE',  ( -2.081668171172168513E-16, 0.2000000000000000111, 1.200000000000000178 ) ) ;
#970 = ORIENTED_EDGE ( 'NONE', *, *, #234, .T. ) ;
#971 = ORIENTED_EDGE ( 'NONE', *, *, #3712, .F. ) ;
#972 = DIRECTION ( 'NONE',  ( -1.000000000000000000, 0.000000000000000000, -1.734723475976806848E-16 ) ) ;
#973 = DIRECTION ( 'NONE',  ( -1.000000000000000000, 0.000000000000000000, 1.561251128379127765E-15 ) ) ;
#974 = CARTESIAN_POINT ( 'NONE',  ( 1.214306433183762501E-16, 0.05000000000000000278, -0.6999999999999986233 ) ) ;
#975 = EDGE_CURVE ( 'NONE', #4117, #1844, #1747, .T. ) ;
#976 = ORIENTED_EDGE ( 'NONE', *, *, #1023, .T. ) ;
#977 = CARTESIAN_POINT ( 'NONE',  ( -0.6749999999999994893, 0.5201562118716424044, 0.9000000000000013545 ) ) ;
#978 = PRESENTATION_STYLE_ASSIGNMENT (( #2001 ) ) ;
#979 = ADVANCED_FACE ( 'NONE', ( #755 ), #1078, .T. ) ;
#980 = EDGE_LOOP ( 'NONE', ( #2274, #4310, #803, #1290 ) ) ;
#981 = LINE ( 'NONE', #2048, #2519 ) ;
#982 = LINE ( 'NONE', #683, #4077 ) ;
#983 = VECTOR ( 'NONE', #3775, 1000.000000000000000 ) ;
#984 = ORIENTED_EDGE ( 'NONE', *, *, #677, .T. ) ;
#985 = DIRECTION ( 'NONE',  ( -0.000000000000000000, -1.000000000000000000, 0.000000000000000000 ) ) ;
#986 = DIRECTION ( 'NONE',  ( 0.000000000000000000, -1.000000000000000000, 0.000000000000000000 ) ) ;
#987 = VECTOR ( 'NONE', #4049, 1000.000000000000000 ) ;
#988 = CARTESIAN_POINT ( 'NONE',  ( 8.239936510889835671E-16, 0.05000000000000012768, -1.000000000000001110 ) ) ;
#989 = AXIS2_PLACEMENT_3D ( 'NONE', #3238, #2869, #2911 ) ;
#990 = ORIENTED_EDGE ( 'NONE', *, *, #4067, .F. ) ;
#991 = ORIENTED_EDGE ( 'NONE', *, *, #3479, .F. ) ;
#992 =( GEOMETRIC_REPRESENTATION_CONTEXT ( 3 ) GLOBAL_UNCERTAINTY_ASSIGNED_CONTEXT ( ( #2624 ) ) GLOBAL_UNIT_ASSIGNED_CONTEXT ( ( #1873, #548, #2551 ) ) REPRESENTATION_CONTEXT ( 'NONE', 'WORKASPACE' ) );
#993 = MECHANICAL_DESIGN_GEOMETRIC_PRESENTATION_REPRESENTATION (  '', ( #1203 ), #787 ) ;
#994 = ADVANCED_FACE ( 'NONE', ( #771 ), #2094, .F. ) ;
#995 = CARTESIAN_POINT ( 'NONE',  ( -0.4249999999999997113, 0.5201562118716424044, 0.5000000000000014433 ) ) ;
#996 = CARTESIAN_POINT ( 'NONE',  ( -0.4249999999999995448, 0.2000000000000000111, -0.2999999999999985456 ) ) ;
#997 = FACE_OUTER_BOUND ( 'NONE', #773, .T. ) ;
#998 = ORIENTED_EDGE ( 'NONE', *, *, #1625, .F. ) ;
#999 = EDGE_CURVE ( 'NONE', #147, #3396, #488, .T. ) ;
#1000 = CARTESIAN_POINT ( 'NONE',  ( -0.6749999999999993783, 0.000000000000000000, 0.1000000000000014350 ) ) ;
#1001 = ORIENTED_EDGE ( 'NONE', *, *, #3424, .T. ) ;
#1002 = EDGE_CURVE ( 'NONE', #847, #40, #4105, .T. ) ;
#1003 = DIRECTION ( 'NONE',  ( 1.000000000000000000, 0.000000000000000000, 1.908195823574487804E-15 ) ) ;
#1004 = CARTESIAN_POINT ( 'NONE',  ( -0.6749999999999994893, 0.5201562118716424044, 0.5000000000000014433 ) ) ;
#1005 = SURFACE_STYLE_USAGE ( .BOTH. , #379 ) ;
#1006 = PLANE ( 'NONE',  #1087 ) ;
#1007 = PRESENTATION_LAYER_ASSIGNMENT (  '', '', ( #733 ) ) ;
#1008 = ORIENTED_EDGE ( 'NONE', *, *, #2389, .T. ) ;
#1009 = FACE_OUTER_BOUND ( 'NONE', #2561, .T. ) ;
#1010 = CARTESIAN_POINT ( 'NONE',  ( 0.6749999999999991562, 0.05000000000000000278, 1.250000000000000444 ) ) ;
#1011 = VECTOR ( 'NONE', #1333, 1000.000000000000000 ) ;
#1012 = ORIENTED_EDGE ( 'NONE', *, *, #4152, .T. ) ;
#1013 = ORIENTED_EDGE ( 'NONE', *, *, #99, .F. ) ;
#1014 = VECTOR ( 'NONE', #1269, 1000.000000000000000 ) ;
#1015 = LINE ( 'NONE', #1381, #2309 ) ;
#1016 = PLANE ( 'NONE',  #3493 ) ;
#1017 = DIRECTION ( 'NONE',  ( 1.000000000000000000, 0.000000000000000000, 1.734723475976806848E-16 ) ) ;
#1018 = EDGE_CURVE ( 'NONE', #1147, #1938, #1457, .T. ) ;
#1019 =( GEOMETRIC_REPRESENTATION_CONTEXT ( 3 ) GLOBAL_UNCERTAINTY_ASSIGNED_CONTEXT ( ( #357 ) ) GLOBAL_UNIT_ASSIGNED_CONTEXT ( ( #1449, #805, #1386 ) ) REPRESENTATION_CONTEXT ( 'NONE', 'WORKASPACE' ) );
#1020 = ORIENTED_EDGE ( 'NONE', *, *, #791, .T. ) ;
#1021 = CARTESIAN_POINT ( 'NONE',  ( 0.4249999999999993783, 0.2000000000000000111, -0.09999999999999878431 ) ) ;
#1022 = DIRECTION ( 'NONE',  ( 0.000000000000000000, -1.000000000000000000, 0.000000000000000000 ) ) ;
#1023 = EDGE_CURVE ( 'NONE', #3168, #2046, #469, .T. ) ;
#1024 = VECTOR ( 'NONE', #3270, 1000.000000000000000 ) ;
#1025 = ORIENTED_EDGE ( 'NONE', *, *, #2455, .F. ) ;
#1026 = PLANE ( 'NONE',  #2900 ) ;
#1027 = FACE_OUTER_BOUND ( 'NONE', #1557, .T. ) ;
#1028 = CARTESIAN_POINT ( 'NONE',  ( 0.6749999999999991562, 0.5201562118716424044, 1.100000000000001865 ) ) ;
#1029 = CARTESIAN_POINT ( 'NONE',  ( -0.2000000000000000389, 2.239607805437113797, 0.9999999999999988898 ) ) ;
#1030 = PLANE ( 'NONE',  #3911 ) ;
#1031 = ADVANCED_FACE ( 'NONE', ( #1794 ), #3124, .T. ) ;
#1032 = VERTEX_POINT ( 'NONE', #1139 ) ;
#1033 = CARTESIAN_POINT ( 'NONE',  ( -0.4249999999999994893, 0.2000000000000000111, -0.6999999999999987343 ) ) ;
#1034 = CARTESIAN_POINT ( 'NONE',  ( -0.5068778308447200454, 0.8000000000000000444, -0.9846742545641591349 ) ) ;
#1035 = DIRECTION ( 'NONE',  ( 1.000000000000000000, 0.000000000000000000, 1.734723475976806848E-16 ) ) ;
#1036 = ORIENTED_EDGE ( 'NONE', *, *, #3637, .T. ) ;
#1037 = ORIENTED_EDGE ( 'NONE', *, *, #2000, .T. ) ;
#1038 = LINE ( 'NONE', #2362, #1611 ) ;
#1039 = LINE ( 'NONE', #4111, #2096 ) ;
#1040 = CARTESIAN_POINT ( 'NONE',  ( 0.4249999999999992673, 0.2000000000000000111, 0.7000000000000012879 ) ) ;
#1041 = ORIENTED_EDGE ( 'NONE', *, *, #1314, .F. ) ;
#1042 = EDGE_CURVE ( 'NONE', #1276, #3049, #2469, .T. ) ;
#1043 = DIRECTION ( 'NONE',  ( -0.000000000000000000, -1.000000000000000000, 0.000000000000000000 ) ) ;
#1044 = ORIENTED_EDGE ( 'NONE', *, *, #926, .F. ) ;
#1045 = FACE_OUTER_BOUND ( 'NONE', #276, .T. ) ;
#1046 = CARTESIAN_POINT ( 'NONE',  ( -0.6750000000000013767, 0.7999999999999999334, 1.250000000000000000 ) ) ;
#1047 = DIRECTION ( 'NONE',  ( -1.000000000000000000, 0.000000000000000000, 1.561251128379127963E-15 ) ) ;
#1048 = CARTESIAN_POINT ( 'NONE',  ( 0.2000000000000002609, 2.239607805437113797, -1.000000000000001110 ) ) ;
#1049 = UNCERTAINTY_MEASURE_WITH_UNIT (LENGTH_MEASURE( 1.000000000000000082E-05 ), #206, 'distance_accuracy_value', 'NONE');
#1050 = ORIENTED_EDGE ( 'NONE', *, *, #3048, .F. ) ;
#1051 = EDGE_CURVE ( 'NONE', #1710, #793, #3582, .T. ) ;
#1052 = FACE_OUTER_BOUND ( 'NONE', #2447, .T. ) ;
#1053 = DIRECTION ( 'NONE',  ( 0.000000000000000000, -1.000000000000000000, 0.000000000000000000 ) ) ;
#1054 = DIRECTION ( 'NONE',  ( -1.000000000000000000, 0.000000000000000000, -1.734723475976806848E-16 ) ) ;
#1055 = PRESENTATION_LAYER_ASSIGNMENT (  '', '', ( #2791 ) ) ;
#1056 = ORIENTED_EDGE ( 'NONE', *, *, #2132, .T. ) ;
#1057 = EDGE_LOOP ( 'NONE', ( #754, #1251, #2714, #2527 ) ) ;
#1058 = EDGE_CURVE ( 'NONE', #3368, #2680, #3271, .T. ) ;
#1059 = DIRECTION ( 'NONE',  ( -1.734723475976806848E-16, 0.000000000000000000, 1.000000000000000000 ) ) ;
#1060 = VECTOR ( 'NONE', #261, 1000.000000000000000 ) ;
#1061 = CARTESIAN_POINT ( 'NONE',  ( -0.6750000000000013767, 0.05000000000000000278, 1.250000000000000000 ) ) ;
#1062 = AXIS2_PLACEMENT_3D ( 'NONE', #2462, #1155, #3817 ) ;
#1063 = LINE ( 'NONE', #62, #2050 ) ;
#1064 = VECTOR ( 'NONE', #682, 1000.000000000000000 ) ;
#1065 = VECTOR ( 'NONE', #4245, 1000.000000000000000 ) ;
#1066 = ORIENTED_EDGE ( 'NONE', *, *, #554, .T. ) ;
#1067 = DIRECTION ( 'NONE',  ( -1.000000000000000000, 0.000000000000000000, 1.561251128379127765E-15 ) ) ;
#1068 = VECTOR ( 'NONE', #3482, 1000.000000000000000 ) ;
#1069 = SURFACE_STYLE_USAGE ( .BOTH. , #2045 ) ;
#1070 = ORIENTED_EDGE ( 'NONE', *, *, #2999, .T. ) ;
#1071 = LINE ( 'NONE', #1700, #1432 ) ;
#1072 = CARTESIAN_POINT ( 'NONE',  ( 0.4249999999999993783, 0.05000000000000000278, 7.372574772901419058E-17 ) ) ;
#1073 = DIRECTION ( 'NONE',  ( -1.000000000000000000, 0.000000000000000000, -1.734723475976807094E-16 ) ) ;
#1074 = CARTESIAN_POINT ( 'NONE',  ( -0.6750000000000013767, 0.05000000000000000278, 1.250000000000000000 ) ) ;
#1075 = EDGE_CURVE ( 'NONE', #3411, #4202, #1902, .T. ) ;
#1076 = ORIENTED_EDGE ( 'NONE', *, *, #2193, .F. ) ;
#1077 = ORIENTED_EDGE ( 'NONE', *, *, #234, .F. ) ;
#1078 = PLANE ( 'NONE',  #3796 ) ;
#1079 = CARTESIAN_POINT ( 'NONE',  ( -0.4249999999999994893, 0.2000000000000000111, -0.6999999999999987343 ) ) ;
#1080 = EDGE_CURVE ( 'NONE', #3318, #1420, #2545, .T. ) ;
#1081 = EDGE_LOOP ( 'NONE', ( #1380, #2729, #3802, #3902, #492 ) ) ;
#1082 = LINE ( 'NONE', #3412, #4129 ) ;
#1083 = DIRECTION ( 'NONE',  ( -1.734723475976807094E-16, 0.000000000000000000, 1.000000000000000000 ) ) ;
#1084 = AXIS2_PLACEMENT_3D ( 'NONE', #2780, #3131, #2825 ) ;
#1085 = DIRECTION ( 'NONE',  ( -1.734723475976806848E-16, 0.000000000000000000, 1.000000000000000000 ) ) ;
#1086 = EDGE_CURVE ( 'NONE', #3605, #576, #1945, .T. ) ;
#1087 = AXIS2_PLACEMENT_3D ( 'NONE', #50, #1633, #26 ) ;
#1088 = ORIENTED_EDGE ( 'NONE', *, *, #345, .T. ) ;
#1089 = DIRECTION ( 'NONE',  ( 1.734723475976806848E-16, 0.000000000000000000, -1.000000000000000000 ) ) ;
#1090 = COLOUR_RGB ( '',0.7921568627450980005, 0.8196078431372548767, 0.9333333333333333481 ) ;
#1091 = ORIENTED_EDGE ( 'NONE', *, *, #3057, .F. ) ;
#1092 = CARTESIAN_POINT ( 'NONE',  ( -0.4249999999999998224, 0.000000000000000000, 1.100000000000001199 ) ) ;
#1093 = DIRECTION ( 'NONE',  ( -1.734723475976806848E-16, 0.000000000000000000, 1.000000000000000000 ) ) ;
#1094 = CARTESIAN_POINT ( 'NONE',  ( -0.6750000000000013767, 4.441214529035074854, 1.250000000000000000 ) ) ;
#1095 = LINE ( 'NONE', #465, #2583 ) ;
#1096 = ORIENTED_EDGE ( 'NONE', *, *, #706, .F. ) ;
#1097 = PRESENTATION_LAYER_ASSIGNMENT (  '', '', ( #2205 ) ) ;
#1098 = ORIENTED_EDGE ( 'NONE', *, *, #728, .F. ) ;
#1099 = DIRECTION ( 'NONE',  ( -1.561251128379127963E-15, 0.000000000000000000, -1.000000000000000000 ) ) ;
#1100 = CARTESIAN_POINT ( 'NONE',  ( -0.4249999999999996558, 0.1999999999999999833, 0.3000000000000011546 ) ) ;
#1101 = VERTEX_POINT ( 'NONE', #1250 ) ;
#1102 = EDGE_LOOP ( 'NONE', ( #1883, #1298, #161, #3078, #306, #3656, #272, #4088, #558, #3736, #3485, #164, #559, #408, #3373, #2083, #63, #1613, #1189, #3367, #3823, #2591, #323, #3508, #2569, #1706, #1025, #4179 ) ) ;
#1103 = CARTESIAN_POINT ( 'NONE',  ( 0.000000000000000000, 0.2000000000000000111, 0.000000000000000000 ) ) ;
#1104 = LINE ( 'NONE', #1122, #1198 ) ;
#1105 = EDGE_CURVE ( 'NONE', #401, #563, #2881, .T. ) ;
#1106 = DIRECTION ( 'NONE',  ( 0.000000000000000000, -1.000000000000000000, 0.000000000000000000 ) ) ;
#1107 = ORIENTED_EDGE ( 'NONE', *, *, #2107, .F. ) ;
#1108 = CARTESIAN_POINT ( 'NONE',  ( 0.4249999999999993228, 0.5201562118716424044, 0.3000000000000012657 ) ) ;
#1109 = SURFACE_STYLE_USAGE ( .BOTH. , #499 ) ;
#1110 = EDGE_CURVE ( 'NONE', #1505, #1211, #573, .T. ) ;
#1111 = CARTESIAN_POINT ( 'NONE',  ( -0.2000000000000000389, 2.239607805437113797, 0.9999999999999988898 ) ) ;
#1112 = ORIENTED_EDGE ( 'NONE', *, *, #3424, .F. ) ;
#1113 = DIRECTION ( 'NONE',  ( 1.000000000000000000, 0.000000000000000000, 1.734723475976806848E-16 ) ) ;
#1114 = EDGE_CURVE ( 'NONE', #1991, #1324, #1568, .T. ) ;
#1115 = LINE ( 'NONE', #4100, #1271 ) ;
#1116 = CARTESIAN_POINT ( 'NONE',  ( 0.6749999999999994893, 0.5201562118716424044, -0.6999999999999985123 ) ) ;
#1117 = FACE_OUTER_BOUND ( 'NONE', #1624, .T. ) ;
#1118 = CARTESIAN_POINT ( 'NONE',  ( 0.4249999999999991562, 0.2000000000000000111, 1.100000000000001199 ) ) ;
#1119 = CARTESIAN_POINT ( 'NONE',  ( 0.4249999999999991562, 0.1999999999999999833, 1.100000000000001199 ) ) ;
#1120 = ORIENTED_EDGE ( 'NONE', *, *, #3751, .T. ) ;
#1121 = DIRECTION ( 'NONE',  ( 1.000000000000000000, 0.000000000000000000, 1.734723475976806848E-16 ) ) ;
#1122 = CARTESIAN_POINT ( 'NONE',  ( -0.4249999999999998224, 0.1999999999999999833, 1.100000000000001199 ) ) ;
#1123 = PLANE ( 'NONE',  #2477 ) ;
#1124 = ORIENTED_EDGE ( 'NONE', *, *, #4170, .T. ) ;
#1125 = ADVANCED_FACE ( 'NONE', ( #4216 ), #620, .T. ) ;
#1126 = ORIENTED_EDGE ( 'NONE', *, *, #4311, .T. ) ;
#1127 = AXIS2_PLACEMENT_3D ( 'NONE', #2921, #2901, #1921 ) ;
#1128 = DIRECTION ( 'NONE',  ( -1.000000000000000000, 0.000000000000000000, 1.561251128379127765E-15 ) ) ;
#1129 = VECTOR ( 'NONE', #2328, 1000.000000000000000 ) ;
#1130 = VECTOR ( 'NONE', #2236, 1000.000000000000000 ) ;
#1131 = ORIENTED_EDGE ( 'NONE', *, *, #2634, .F. ) ;
#1132 = ADVANCED_FACE ( 'NONE', ( #4257 ), #2576, .T. ) ;
#1133 = PLANE ( 'NONE',  #1062 ) ;
#1134 = CARTESIAN_POINT ( 'NONE',  ( 0.4249999999999993783, 0.05000000000000000278, 7.372574772901419058E-17 ) ) ;
#1135 = LINE ( 'NONE', #90, #599 ) ;
#1136 = CARTESIAN_POINT ( 'NONE',  ( 0.4249999999999992117, 0.1999999999999999833, 0.9000000000000015765 ) ) ;
#1137 = EDGE_CURVE ( 'NONE', #1387, #3779, #3561, .T. ) ;
#1138 = LINE ( 'NONE', #4104, #2836 ) ;
#1139 = CARTESIAN_POINT ( 'NONE',  ( -0.4249999999999994893, 0.000000000000000000, -0.4999999999999990563 ) ) ;
#1140 = CARTESIAN_POINT ( 'NONE',  ( 0.4249999999999992673, 0.000000000000000000, 0.7000000000000012879 ) ) ;
#1141 = ORIENTED_EDGE ( 'NONE', *, *, #3013, .F. ) ;
#1142 = ORIENTED_EDGE ( 'NONE', *, *, #4219, .F. ) ;
#1143 = CARTESIAN_POINT ( 'NONE',  ( 0.4249999999999995448, 0.1999999999999999833, -0.8999999999999988010 ) ) ;
#1144 = LINE ( 'NONE', #2476, #2234 ) ;
#1145 = DIRECTION ( 'NONE',  ( -0.000000000000000000, -1.000000000000000000, 0.000000000000000000 ) ) ;
#1146 = ORIENTED_EDGE ( 'NONE', *, *, #1320, .F. ) ;
#1147 = VERTEX_POINT ( 'NONE', #898 ) ;
#1148 = AXIS2_PLACEMENT_3D ( 'NONE', #513, #4083, #1503 ) ;
#1149 = LINE ( 'NONE', #3439, #2520 ) ;
#1150 = LINE ( 'NONE', #1172, #781 ) ;
#1151 = SURFACE_STYLE_FILL_AREA ( #4137 ) ;
#1152 = CARTESIAN_POINT ( 'NONE',  ( -0.4249999999999996558, 0.2000000000000000111, 0.3000000000000011546 ) ) ;
#1153 = VECTOR ( 'NONE', #3533, 1000.000000000000000 ) ;
#1154 = ORIENTED_EDGE ( 'NONE', *, *, #1957, .T. ) ;
#1155 = DIRECTION ( 'NONE',  ( 0.000000000000000000, -1.000000000000000000, 0.000000000000000000 ) ) ;
#1156 = VECTOR ( 'NONE', #68, 1000.000000000000000 ) ;
#1157 = CARTESIAN_POINT ( 'NONE',  ( -0.6749999999999992673, 0.1999999999999999833, -0.4999999999999986122 ) ) ;
#1158 = DIRECTION ( 'NONE',  ( 1.734723475976806848E-16, 0.000000000000000000, -1.000000000000000000 ) ) ;
#1159 = CARTESIAN_POINT ( 'NONE',  ( -2.081668171172168513E-16, 0.000000000000000000, 1.200000000000000178 ) ) ;
#1160 = VECTOR ( 'NONE', #523, 1000.000000000000000 ) ;
#1161 = ORIENTED_EDGE ( 'NONE', *, *, #601, .T. ) ;
#1162 = AXIS2_PLACEMENT_3D ( 'NONE', #4056, #2722, #2704 ) ;
#1163 = CARTESIAN_POINT ( 'NONE',  ( 0.6749999999999992673, 0.000000000000000000, 0.9000000000000015765 ) ) ;
#1164 = EDGE_CURVE ( 'NONE', #497, #2534, #4191, .T. ) ;
#1165 = ORIENTED_EDGE ( 'NONE', *, *, #2200, .T. ) ;
#1166 = STYLED_ITEM ( 'NONE', ( #290 ), #199 ) ;
#1167 = ORIENTED_EDGE ( 'NONE', *, *, #345, .F. ) ;
#1168 = DIRECTION ( 'NONE',  ( -0.000000000000000000, -1.000000000000000000, 0.000000000000000000 ) ) ;
#1169 = DIRECTION ( 'NONE',  ( -1.000000000000000000, 0.000000000000000000, -1.908195823574487804E-15 ) ) ;
#1170 = ORIENTED_EDGE ( 'NONE', *, *, #2719, .F. ) ;
#1171 = ORIENTED_EDGE ( 'NONE', *, *, #282, .F. ) ;
#1172 = CARTESIAN_POINT ( 'NONE',  ( -0.6749999999999992673, 0.2000000000000000111, -0.4999999999999986122 ) ) ;
#1173 = FACE_OUTER_BOUND ( 'NONE', #1617, .T. ) ;
#1174 = CARTESIAN_POINT ( 'NONE',  ( 0.6749999999999993783, 0.2000000000000000111, 0.3000000000000017653 ) ) ;
#1175 = VERTEX_POINT ( 'NONE', #2838 ) ;
#1176 = EDGE_CURVE ( 'NONE', #3596, #107, #3515, .T. ) ;
#1177 = DIRECTION ( 'NONE',  ( -1.000000000000000000, 0.000000000000000000, -1.734723475976806848E-16 ) ) ;
#1178 = CARTESIAN_POINT ( 'NONE',  ( 0.6749999999999994893, 0.000000000000000000, -0.8999999999999983569 ) ) ;
#1179 = CARTESIAN_POINT ( 'NONE',  ( -0.4249999999999997113, 0.2000000000000000111, 0.7000000000000010658 ) ) ;
#1180 = ADVANCED_FACE ( 'NONE', ( #2511 ), #3909, .F. ) ;
#1181 = CARTESIAN_POINT ( 'NONE',  ( -0.4249999999999997113, 0.000000000000000000, 0.7000000000000010658 ) ) ;
#1182 = CARTESIAN_POINT ( 'NONE',  ( 0.4249999999999992673, 0.000000000000000000, 0.7000000000000012879 ) ) ;
#1183 = EDGE_LOOP ( 'NONE', ( #3167, #1936, #2770, #998 ) ) ;
#1184 = ORIENTED_EDGE ( 'NONE', *, *, #545, .T. ) ;
#1185 = EDGE_CURVE ( 'NONE', #847, #2850, #202, .T. ) ;
#1186 = PLANE ( 'NONE',  #1339 ) ;
#1187 = DIRECTION ( 'NONE',  ( 1.734723475976806848E-16, 0.000000000000000000, -1.000000000000000000 ) ) ;
#1188 = VERTEX_POINT ( 'NONE', #1522 ) ;
#1189 = ORIENTED_EDGE ( 'NONE', *, *, #3316, .F. ) ;
#1190 = ADVANCED_FACE ( 'NONE', ( #3862 ), #4240, .F. ) ;
#1191 = DIRECTION ( 'NONE',  ( 0.000000000000000000, -1.000000000000000000, 0.000000000000000000 ) ) ;
#1192 =( NAMED_UNIT ( * ) PLANE_ANGLE_UNIT ( ) SI_UNIT ( $, .RADIAN. ) );
#1193 = DIRECTION ( 'NONE',  ( 0.000000000000000000, 1.000000000000000000, 0.000000000000000000 ) ) ;
#1194 = AXIS2_PLACEMENT_3D ( 'NONE', #2027, #3360, #2114 ) ;
#1195 = ORIENTED_EDGE ( 'NONE', *, *, #2562, .F. ) ;
#1196 = LINE ( 'NONE', #3858, #368 ) ;
#1197 = FILL_AREA_STYLE_COLOUR ( '', #1894 ) ;
#1198 = VECTOR ( 'NONE', #2778, 1000.000000000000000 ) ;
#1199 = VECTOR ( 'NONE', #2230, 1000.000000000000000 ) ;
#1200 = DIRECTION ( 'NONE',  ( 0.000000000000000000, -1.000000000000000000, 0.000000000000000000 ) ) ;
#1201 = LINE ( 'NONE', #2530, #514 ) ;
#1202 = VECTOR ( 'NONE', #749, 1000.000000000000000 ) ;
#1203 = STYLED_ITEM ( 'NONE', ( #3208 ), #3046 ) ;
#1204 = SURFACE_STYLE_USAGE ( .BOTH. , #1858 ) ;
#1205 = CARTESIAN_POINT ( 'NONE',  ( -0.4249999999999997669, 0.5201562118716424044, 0.9000000000000013545 ) ) ;
#1206 = EDGE_CURVE ( 'NONE', #2109, #3, #3205, .T. ) ;
#1207 = ORIENTED_EDGE ( 'NONE', *, *, #4283, .F. ) ;
#1208 = ORIENTED_EDGE ( 'NONE', *, *, #1796, .F. ) ;
#1209 = CARTESIAN_POINT ( 'NONE',  ( -0.4249999999999993783, 0.2000000000000000111, -1.099999999999998535 ) ) ;
#1210 = EDGE_CURVE ( 'NONE', #2909, #1642, #963, .T. ) ;
#1211 = VERTEX_POINT ( 'NONE', #3032 ) ;
#1212 = ORIENTED_EDGE ( 'NONE', *, *, #4093, .F. ) ;
#1213 = CARTESIAN_POINT ( 'NONE',  ( -0.4249999999999998224, 0.5201562118716424044, 1.100000000000001199 ) ) ;
#1214 = DIRECTION ( 'NONE',  ( 1.000000000000000000, 0.000000000000000000, 1.734723475976806848E-16 ) ) ;
#1215 = FACE_OUTER_BOUND ( 'NONE', #3188, .T. ) ;
#1216 = EDGE_CURVE ( 'NONE', #209, #58, #1656, .T. ) ;
#1217 = VECTOR ( 'NONE', #2062, 1000.000000000000000 ) ;
#1218 = ORIENTED_EDGE ( 'NONE', *, *, #3935, .T. ) ;
#1219 = CARTESIAN_POINT ( 'NONE',  ( -0.4249999999999994893, 0.1999999999999999833, -0.4999999999999990563 ) ) ;
#1220 = EDGE_LOOP ( 'NONE', ( #3399, #3728, #2280, #1305 ) ) ;
#1221 = PLANE ( 'NONE',  #4155 ) ;
#1222 = AXIS2_PLACEMENT_3D ( 'NONE', #3670, #4024, #1312 ) ;
#1223 = PLANE ( 'NONE',  #2384 ) ;
#1224 = AXIS2_PLACEMENT_3D ( 'NONE', #2643, #1984, #3315 ) ;
#1225 = LINE ( 'NONE', #1607, #4121 ) ;
#1226 = DIRECTION ( 'NONE',  ( 1.734723475976807094E-16, 0.000000000000000000, -1.000000000000000000 ) ) ;
#1227 = CARTESIAN_POINT ( 'NONE',  ( -0.4249999999999996003, 0.2000000000000000111, 0.1000000000000014905 ) ) ;
#1228 = VECTOR ( 'NONE', #2942, 1000.000000000000000 ) ;
#1229 = EDGE_LOOP ( 'NONE', ( #1146, #4153, #3011, #3894 ) ) ;
#1230 = EDGE_CURVE ( 'NONE', #97, #2251, #1288, .T. ) ;
#1231 = EDGE_CURVE ( 'NONE', #1431, #2513, #3686, .T. ) ;
#1232 = FACE_OUTER_BOUND ( 'NONE', #437, .T. ) ;
#1233 = AXIS2_PLACEMENT_3D ( 'NONE', #4016, #962, #335 ) ;
#1234 = ORIENTED_EDGE ( 'NONE', *, *, #732, .F. ) ;
#1235 = ORIENTED_EDGE ( 'NONE', *, *, #3630, .T. ) ;
#1236 = EDGE_CURVE ( 'NONE', #293, #1175, #4321, .T. ) ;
#1237 = DIRECTION ( 'NONE',  ( 0.000000000000000000, -1.000000000000000000, 0.000000000000000000 ) ) ;
#1238 = LINE ( 'NONE', #170, #1060 ) ;
#1239 = DIRECTION ( 'NONE',  ( 0.000000000000000000, 1.000000000000000000, 0.000000000000000000 ) ) ;
#1240 = ORIENTED_EDGE ( 'NONE', *, *, #2855, .F. ) ;
#1241 = EDGE_CURVE ( 'NONE', #1211, #3646, #2026, .T. ) ;
#1242 = LINE ( 'NONE', #216, #2796 ) ;
#1243 = ORIENTED_EDGE ( 'NONE', *, *, #2010, .F. ) ;
#1244 = CARTESIAN_POINT ( 'NONE',  ( -0.4249999999999997669, 0.2000000000000000111, 0.9000000000000013545 ) ) ;
#1245 = CARTESIAN_POINT ( 'NONE',  ( -0.4249999999999998224, 0.5201562118716424044, 1.100000000000001199 ) ) ;
#1246 = CARTESIAN_POINT ( 'NONE',  ( -0.4249999999999997113, 0.2000000000000000111, 0.5000000000000014433 ) ) ;
#1247 = EDGE_CURVE ( 'NONE', #1736, #1599, #982, .T. ) ;
#1248 = CARTESIAN_POINT ( 'NONE',  ( -0.4249999999999997113, 0.04999999999999999584, 0.7000000000000010658 ) ) ;
#1249 = LINE ( 'NONE', #4171, #3464 ) ;
#1250 = CARTESIAN_POINT ( 'NONE',  ( -0.6750000000000013767, 0.05000000000000000278, 0.9000000000000013545 ) ) ;
#1251 = ORIENTED_EDGE ( 'NONE', *, *, #2605, .F. ) ;
#1252 = FILL_AREA_STYLE ('',( #4260 ) ) ;
#1253 = DIRECTION ( 'NONE',  ( -1.000000000000000000, 0.000000000000000000, -1.734723475976806848E-16 ) ) ;
#1254 = ORIENTED_EDGE ( 'NONE', *, *, #999, .T. ) ;
#1255 = ORIENTED_EDGE ( 'NONE', *, *, #2677, .F. ) ;
#1256 = CARTESIAN_POINT ( 'NONE',  ( -0.6749999999999993783, 0.5201562118716424044, -0.09999999999999853451 ) ) ;
#1257 = FACE_OUTER_BOUND ( 'NONE', #1731, .T. ) ;
#1258 = EDGE_CURVE ( 'NONE', #3568, #287, #726, .T. ) ;
#1259 = ORIENTED_EDGE ( 'NONE', *, *, #2427, .F. ) ;
#1260 = DIRECTION ( 'NONE',  ( -0.000000000000000000, -1.000000000000000000, 0.000000000000000000 ) ) ;
#1261 = EDGE_LOOP ( 'NONE', ( #1657, #2699, #3462, #970 ) ) ;
#1262 = CARTESIAN_POINT ( 'NONE',  ( 0.1999999999999999278, 0.2000000000000000944, 0.9999999999999988898 ) ) ;
#1263 = FACE_OUTER_BOUND ( 'NONE', #1593, .T. ) ;
#1264 = ADVANCED_FACE ( 'NONE', ( #2987 ), #3971, .F. ) ;
#1265 = VECTOR ( 'NONE', #36, 1000.000000000000000 ) ;
#1266 = VECTOR ( 'NONE', #3657, 1000.000000000000000 ) ;
#1267 = DIRECTION ( 'NONE',  ( -1.000000000000000000, 0.000000000000000000, -1.734723475976806848E-16 ) ) ;
#1268 = LINE ( 'NONE', #1181, #2065 ) ;
#1269 = DIRECTION ( 'NONE',  ( 1.000000000000000000, 0.000000000000000000, 1.908195823574487804E-15 ) ) ;
#1270 = ADVANCED_FACE ( 'NONE', ( #2622 ), #2663, .F. ) ;
#1271 = VECTOR ( 'NONE', #2463, 1000.000000000000000 ) ;
#1272 =( GEOMETRIC_REPRESENTATION_CONTEXT ( 3 ) GLOBAL_UNCERTAINTY_ASSIGNED_CONTEXT ( ( #1049 ) ) GLOBAL_UNIT_ASSIGNED_CONTEXT ( ( #206, #1591, #1880 ) ) REPRESENTATION_CONTEXT ( 'NONE', 'WORKASPACE' ) );
#1273 = ORIENTED_EDGE ( 'NONE', *, *, #1486, .F. ) ;
#1274 = VECTOR ( 'NONE', #790, 1000.000000000000000 ) ;
#1275 = CARTESIAN_POINT ( 'NONE',  ( -0.6749999999999993783, 0.2000000000000000111, -0.09999999999999853451 ) ) ;
#1276 = VERTEX_POINT ( 'NONE', #2049 ) ;
#1277 = ORIENTED_EDGE ( 'NONE', *, *, #1176, .T. ) ;
#1278 = PLANE ( 'NONE',  #645 ) ;
#1279 = CARTESIAN_POINT ( 'NONE',  ( 0.4249999999999993783, 0.000000000000000000, -0.09999999999999878431 ) ) ;
#1280 = ORIENTED_EDGE ( 'NONE', *, *, #577, .F. ) ;
#1281 = CARTESIAN_POINT ( 'NONE',  ( -0.6749999999999993783, 0.04999999999999999584, -0.09999999999999853451 ) ) ;
#1282 = ORIENTED_EDGE ( 'NONE', *, *, #3179, .T. ) ;
#1283 = FILL_AREA_STYLE_COLOUR ( '', #2406 ) ;
#1284 = CARTESIAN_POINT ( 'NONE',  ( -0.4249999999999994893, 0.5201562118716424044, -0.6999999999999987343 ) ) ;
#1285 = ORIENTED_EDGE ( 'NONE', *, *, #857, .F. ) ;
#1286 = AXIS2_PLACEMENT_3D ( 'NONE', #1811, #4127, #3144 ) ;
#1287 = DIRECTION ( 'NONE',  ( -0.000000000000000000, -1.000000000000000000, 0.000000000000000000 ) ) ;
#1288 = LINE ( 'NONE', #3294, #2687 ) ;
#1289 = VECTOR ( 'NONE', #2267, 1000.000000000000000 ) ;
#1290 = ORIENTED_EDGE ( 'NONE', *, *, #2028, .T. ) ;
#1291 = EDGE_CURVE ( 'NONE', #2182, #1959, #2286, .T. ) ;
#1292 = CARTESIAN_POINT ( 'NONE',  ( -0.4249999999999997113, 0.1999999999999999833, 0.7000000000000010658 ) ) ;
#1293 = VECTOR ( 'NONE', #2849, 1000.000000000000000 ) ;
#1294 = CARTESIAN_POINT ( 'NONE',  ( -0.6749999999999994893, 0.5201562118716424044, 0.7000000000000015099 ) ) ;
#1295 = CARTESIAN_POINT ( 'NONE',  ( -0.4249999999999993783, 0.1999999999999999833, -1.099999999999998535 ) ) ;
#1296 = ORIENTED_EDGE ( 'NONE', *, *, #1504, .T. ) ;
#1297 = AXIS2_PLACEMENT_3D ( 'NONE', #4106, #2445, #795 ) ;
#1298 = ORIENTED_EDGE ( 'NONE', *, *, #926, .T. ) ;
#1299 = ADVANCED_FACE ( 'NONE', ( #3994 ), #1006, .F. ) ;
#1300 = FACE_OUTER_BOUND ( 'NONE', #3354, .T. ) ;
#1301 = DIRECTION ( 'NONE',  ( -1.000000000000000000, 0.000000000000000000, -1.908195823574487804E-15 ) ) ;
#1302 = CLOSED_SHELL ( 'NONE', ( #653, #4006, #3361, #889, #1359, #1472 ) ) ;
#1303 = ORIENTED_EDGE ( 'NONE', *, *, #3057, .T. ) ;
#1304 = DIRECTION ( 'NONE',  ( -1.734723475976806848E-16, 0.000000000000000000, 1.000000000000000000 ) ) ;
#1305 = ORIENTED_EDGE ( 'NONE', *, *, #2737, .F. ) ;
#1306 = CARTESIAN_POINT ( 'NONE',  ( -0.4249999999999998224, 0.5201562118716424044, 1.100000000000001199 ) ) ;
#1307 = FACE_OUTER_BOUND ( 'NONE', #2412, .T. ) ;
#1308 = PLANE ( 'NONE',  #1224 ) ;
#1309 = ADVANCED_FACE ( 'NONE', ( #3359 ), #3008, .F. ) ;
#1310 = UNCERTAINTY_MEASURE_WITH_UNIT (LENGTH_MEASURE( 1.000000000000000082E-05 ), #2376, 'distance_accuracy_value', 'NONE');
#1311 = EDGE_LOOP ( 'NONE', ( #769, #3741, #137, #1773 ) ) ;
#1312 = DIRECTION ( 'NONE',  ( -1.000000000000000000, 0.000000000000000000, -1.908195823574487804E-15 ) ) ;
#1313 = CARTESIAN_POINT ( 'NONE',  ( -0.4249999999999994893, 0.2000000000000000111, -0.4999999999999990563 ) ) ;
#1314 = EDGE_CURVE ( 'NONE', #1903, #3337, #2308, .T. ) ;
#1315 = ORIENTED_EDGE ( 'NONE', *, *, #2920, .T. ) ;
#1316 = VERTEX_POINT ( 'NONE', #3622 ) ;
#1317 = DIRECTION ( 'NONE',  ( 0.000000000000000000, 0.000000000000000000, -1.000000000000000000 ) ) ;
#1318 = CARTESIAN_POINT ( 'NONE',  ( -0.4249999999999993783, 0.2000000000000000111, -1.099999999999998535 ) ) ;
#1319 = CARTESIAN_POINT ( 'NONE',  ( 0.000000000000000000, 0.2000000000000000111, 0.000000000000000000 ) ) ;
#1320 = EDGE_CURVE ( 'NONE', #3824, #881, #3664, .T. ) ;
#1321 = VERTEX_POINT ( 'NONE', #4304 ) ;
#1322 = CARTESIAN_POINT ( 'NONE',  ( 0.2000000000000002609, 0.2000000000000000944, -1.000000000000000666 ) ) ;
#1323 = DIRECTION ( 'NONE',  ( -0.000000000000000000, -1.000000000000000000, 0.000000000000000000 ) ) ;
#1324 = VERTEX_POINT ( 'NONE', #2686 ) ;
#1325 = LINE ( 'NONE', #1763, #1570 ) ;
#1326 = LINE ( 'NONE', #3292, #643 ) ;
#1327 = DIRECTION ( 'NONE',  ( 1.734723475976806848E-16, 0.000000000000000000, -1.000000000000000000 ) ) ;
#1328 = DIRECTION ( 'NONE',  ( 0.000000000000000000, -1.000000000000000000, 0.000000000000000000 ) ) ;
#1329 = VECTOR ( 'NONE', #4004, 1000.000000000000000 ) ;
#1330 = VERTEX_POINT ( 'NONE', #4017 ) ;
#1331 = FACE_OUTER_BOUND ( 'NONE', #2617, .T. ) ;
#1332 = ADVANCED_FACE ( 'NONE', ( #3382 ), #1308, .F. ) ;
#1333 = DIRECTION ( 'NONE',  ( 1.734723475976807094E-16, 0.000000000000000000, -1.000000000000000000 ) ) ;
#1334 = VECTOR ( 'NONE', #2238, 1000.000000000000000 ) ;
#1335 = DIRECTION ( 'NONE',  ( 1.000000000000000000, 0.000000000000000000, 1.734723475976806848E-16 ) ) ;
#1336 = CIRCLE ( 'NONE', #507, 0.1251538907493651431 ) ;
#1337 = ORIENTED_EDGE ( 'NONE', *, *, #2314, .F. ) ;
#1338 = ORIENTED_EDGE ( 'NONE', *, *, #3654, .T. ) ;
#1339 = AXIS2_PLACEMENT_3D ( 'NONE', #3231, #2578, #2861 ) ;
#1340 = CARTESIAN_POINT ( 'NONE',  ( 0.4249999999999996003, 0.000000000000000000, -1.099999999999998535 ) ) ;
#1341 = CARTESIAN_POINT ( 'NONE',  ( 0.4249999999999993228, 0.04999999999999999584, 0.3000000000000012657 ) ) ;
#1342 = PLANE ( 'NONE',  #1841 ) ;
#1343 = EDGE_CURVE ( 'NONE', #1991, #1101, #750, .T. ) ;
#1344 = ORIENTED_EDGE ( 'NONE', *, *, #869, .F. ) ;
#1345 = ADVANCED_FACE ( 'NONE', ( #2491 ), #2394, .F. ) ;
#1346 = APPLICATION_PROTOCOL_DEFINITION ( 'draft international standard', 'automotive_design', 1998, #456 ) ;
#1347 = ORIENTED_EDGE ( 'NONE', *, *, #277, .F. ) ;
#1348 = FACE_OUTER_BOUND ( 'NONE', #2539, .T. ) ;
#1349 = DIRECTION ( 'NONE',  ( 0.000000000000000000, -1.000000000000000000, 0.000000000000000000 ) ) ;
#1350 = DIRECTION ( 'NONE',  ( 1.734723475976806848E-16, 0.000000000000000000, -1.000000000000000000 ) ) ;
#1351 = DIRECTION ( 'NONE',  ( 1.000000000000000000, 0.000000000000000000, 1.734723475976806848E-16 ) ) ;
#1352 = UNCERTAINTY_MEASURE_WITH_UNIT (LENGTH_MEASURE( 1.000000000000000082E-05 ), #3644, 'distance_accuracy_value', 'NONE');
#1353 = ORIENTED_EDGE ( 'NONE', *, *, #706, .T. ) ;
#1354 = DIRECTION ( 'NONE',  ( -0.000000000000000000, -1.000000000000000000, 0.000000000000000000 ) ) ;
#1355 = PLANE ( 'NONE',  #106 ) ;
#1356 = LINE ( 'NONE', #1010, #1992 ) ;
#1357 = CIRCLE ( 'NONE', #1148, 0.1251538907493651431 ) ;
#1358 = ORIENTED_EDGE ( 'NONE', *, *, #3849, .T. ) ;
#1359 = ADVANCED_FACE ( 'NONE', ( #833 ), #2136, .F. ) ;
#1360 = VERTEX_POINT ( 'NONE', #3470 ) ;
#1361 = VECTOR ( 'NONE', #3201, 1000.000000000000000 ) ;
#1362 = FACE_OUTER_BOUND ( 'NONE', #855, .T. ) ;
#1363 = PLANE ( 'NONE',  #3634 ) ;
#1364 = DIRECTION ( 'NONE',  ( -0.000000000000000000, -1.000000000000000000, 0.000000000000000000 ) ) ;
#1365 =( GEOMETRIC_REPRESENTATION_CONTEXT ( 3 ) GLOBAL_UNCERTAINTY_ASSIGNED_CONTEXT ( ( #1704 ) ) GLOBAL_UNIT_ASSIGNED_CONTEXT ( ( #1670, #20, #2701 ) ) REPRESENTATION_CONTEXT ( 'NONE', 'WORKASPACE' ) );
#1366 = VERTEX_POINT ( 'NONE', #1454 ) ;
#1367 = PLANE ( 'NONE',  #371 ) ;
#1368 = VECTOR ( 'NONE', #1054, 1000.000000000000000 ) ;
#1369 = ORIENTED_EDGE ( 'NONE', *, *, #149, .T. ) ;
#1370 = EDGE_CURVE ( 'NONE', #877, #1819, #3753, .T. ) ;
#1371 = DIRECTION ( 'NONE',  ( 1.734723475976807094E-16, 0.000000000000000000, -1.000000000000000000 ) ) ;
#1372 = DIRECTION ( 'NONE',  ( -1.734723475976806848E-16, 0.000000000000000000, 1.000000000000000000 ) ) ;
#1373 = DIRECTION ( 'NONE',  ( -1.734723475976806848E-16, 0.000000000000000000, 1.000000000000000000 ) ) ;
#1374 = PLANE ( 'NONE',  #2025 ) ;
#1375 = EDGE_CURVE ( 'NONE', #27, #1211, #441, .T. ) ;
#1376 = ORIENTED_EDGE ( 'NONE', *, *, #1164, .F. ) ;
#1377 = PLANE ( 'NONE',  #1222 ) ;
#1378 = PLANE ( 'NONE',  #2623 ) ;
#1379 = VERTEX_POINT ( 'NONE', #158 ) ;
#1380 = ORIENTED_EDGE ( 'NONE', *, *, #2730, .T. ) ;
#1381 = CARTESIAN_POINT ( 'NONE',  ( -0.4249999999999994893, 0.2000000000000000111, -0.4999999999999990563 ) ) ;
#1382 = DIRECTION ( 'NONE',  ( -0.000000000000000000, -1.000000000000000000, 0.000000000000000000 ) ) ;
#1383 = DIRECTION ( 'NONE',  ( 1.000000000000000000, 0.000000000000000000, 1.734723475976806848E-16 ) ) ;
#1384 = ORIENTED_EDGE ( 'NONE', *, *, #3207, .F. ) ;
#1385 = EDGE_CURVE ( 'NONE', #2015, #266, #3794, .T. ) ;
#1386 =( NAMED_UNIT ( * ) SI_UNIT ( $, .STERADIAN. ) SOLID_ANGLE_UNIT ( ) );
#1387 = VERTEX_POINT ( 'NONE', #4079 ) ;
#1388 = FACE_OUTER_BOUND ( 'NONE', #3879, .T. ) ;
#1389 = DIRECTION ( 'NONE',  ( 0.000000000000000000, -1.000000000000000000, 0.000000000000000000 ) ) ;
#1390 = LINE ( 'NONE', #2157, #3591 ) ;
#1391 = EDGE_CURVE ( 'NONE', #2022, #837, #4101, .T. ) ;
#1392 = DIRECTION ( 'NONE',  ( 0.000000000000000000, 0.000000000000000000, 1.000000000000000000 ) ) ;
#1393 = ORIENTED_EDGE ( 'NONE', *, *, #1542, .T. ) ;
#1394 = ORIENTED_EDGE ( 'NONE', *, *, #4152, .F. ) ;
#1395 = DIRECTION ( 'NONE',  ( -1.000000000000000000, 0.000000000000000000, -1.734723475976806848E-16 ) ) ;
#1396 = EDGE_CURVE ( 'NONE', #1728, #2995, #1390, .T. ) ;
#1397 = CARTESIAN_POINT ( 'NONE',  ( -0.6749999999999992673, 0.04999999999999999584, -0.8999999999999985789 ) ) ;
#1398 = ORIENTED_EDGE ( 'NONE', *, *, #745, .F. ) ;
#1399 = CARTESIAN_POINT ( 'NONE',  ( -0.4249999999999997113, 0.000000000000000000, 0.7000000000000010658 ) ) ;
#1400 = VECTOR ( 'NONE', #1349, 1000.000000000000000 ) ;
#1401 = DIRECTION ( 'NONE',  ( -1.734723475976806848E-16, 0.000000000000000000, 1.000000000000000000 ) ) ;
#1402 = VECTOR ( 'NONE', #848, 1000.000000000000000 ) ;
#1403 = DIRECTION ( 'NONE',  ( 1.000000000000000000, 0.000000000000000000, 1.734723475976806848E-16 ) ) ;
#1404 = VECTOR ( 'NONE', #1893, 1000.000000000000000 ) ;
#1405 = VECTOR ( 'NONE', #2341, 1000.000000000000000 ) ;
#1406 = VERTEX_POINT ( 'NONE', #485 ) ;
#1407 = DIRECTION ( 'NONE',  ( -1.734723475976806848E-16, 0.000000000000000000, 1.000000000000000000 ) ) ;
#1408 = FACE_OUTER_BOUND ( 'NONE', #3584, .T. ) ;
#1409 = ORIENTED_EDGE ( 'NONE', *, *, #3612, .F. ) ;
#1410 = CARTESIAN_POINT ( 'NONE',  ( -0.4249999999999997113, 0.5201562118716424044, 0.5000000000000014433 ) ) ;
#1411 = DIRECTION ( 'NONE',  ( 1.734723475976806848E-16, 0.000000000000000000, -1.000000000000000000 ) ) ;
#1412 = DIRECTION ( 'NONE',  ( -0.000000000000000000, -1.000000000000000000, 0.000000000000000000 ) ) ;
#1413 = DIRECTION ( 'NONE',  ( 0.000000000000000000, -1.000000000000000000, 0.000000000000000000 ) ) ;
#1414 = EDGE_CURVE ( 'NONE', #1366, #646, #2191, .T. ) ;
#1415 = EDGE_LOOP ( 'NONE', ( #2105, #1997, #1751, #4251 ) ) ;
#1416 = ORIENTED_EDGE ( 'NONE', *, *, #1769, .F. ) ;
#1417 = DIRECTION ( 'NONE',  ( 1.000000000000000000, 0.000000000000000000, 1.734723475976806848E-16 ) ) ;
#1418 = LINE ( 'NONE', #2425, #187 ) ;
#1419 = VECTOR ( 'NONE', #2913, 1000.000000000000000 ) ;
#1420 = VERTEX_POINT ( 'NONE', #3774 ) ;
#1421 = EDGE_LOOP ( 'NONE', ( #4107, #1879, #1254, #4173 ) ) ;
#1422 = ADVANCED_FACE ( 'NONE', ( #1766 ), #1726, .F. ) ;
#1423 = DIRECTION ( 'NONE',  ( -1.734723475976807094E-16, 0.000000000000000000, 1.000000000000000000 ) ) ;
#1424 = CARTESIAN_POINT ( 'NONE',  ( 0.6749999999999994893, 0.2000000000000000111, -0.4999999999999983902 ) ) ;
#1425 = VECTOR ( 'NONE', #879, 1000.000000000000000 ) ;
#1426 = PLANE ( 'NONE',  #1084 ) ;
#1427 = VECTOR ( 'NONE', #1200, 1000.000000000000000 ) ;
#1428 = VERTEX_POINT ( 'NONE', #1808 ) ;
#1429 = EDGE_CURVE ( 'NONE', #2897, #2473, #3446, .T. ) ;
#1430 = DIRECTION ( 'NONE',  ( -1.734723475976806848E-16, 0.000000000000000000, 1.000000000000000000 ) ) ;
#1431 = VERTEX_POINT ( 'NONE', #133 ) ;
#1432 = VECTOR ( 'NONE', #3991, 1000.000000000000000 ) ;
#1433 = DIRECTION ( 'NONE',  ( 0.000000000000000000, 1.000000000000000000, 0.000000000000000000 ) ) ;
#1434 = CARTESIAN_POINT ( 'NONE',  ( -0.2000000000000000389, 2.239607805437113797, 0.9999999999999988898 ) ) ;
#1435 = DIRECTION ( 'NONE',  ( 1.000000000000000000, 0.000000000000000000, 1.734723475976806848E-16 ) ) ;
#1436 = DIRECTION ( 'NONE',  ( -0.000000000000000000, -1.000000000000000000, 0.000000000000000000 ) ) ;
#1437 =( GEOMETRIC_REPRESENTATION_CONTEXT ( 3 ) GLOBAL_UNCERTAINTY_ASSIGNED_CONTEXT ( ( #1352 ) ) GLOBAL_UNIT_ASSIGNED_CONTEXT ( ( #3644, #3931, #3685 ) ) REPRESENTATION_CONTEXT ( 'NONE', 'WORKASPACE' ) );
#1438 = EDGE_LOOP ( 'NONE', ( #1805, #3407, #3003, #3718 ) ) ;
#1439 = CARTESIAN_POINT ( 'NONE',  ( -0.4249999999999996003, 0.2000000000000000111, 0.1000000000000014905 ) ) ;
#1440 = PLANE ( 'NONE',  #1297 ) ;
#1441 = EDGE_CURVE ( 'NONE', #536, #287, #1135, .T. ) ;
#1442 = ORIENTED_EDGE ( 'NONE', *, *, #1210, .F. ) ;
#1443 = SURFACE_STYLE_FILL_AREA ( #123 ) ;
#1444 = DIRECTION ( 'NONE',  ( 1.734723475976806848E-16, 0.000000000000000000, -1.000000000000000000 ) ) ;
#1445 = DIRECTION ( 'NONE',  ( 1.000000000000000000, 0.000000000000000000, 1.734723475976806848E-16 ) ) ;
#1446 = EDGE_CURVE ( 'NONE', #3688, #2775, #3140, .T. ) ;
#1447 = ORIENTED_EDGE ( 'NONE', *, *, #1231, .F. ) ;
#1448 = PRESENTATION_STYLE_ASSIGNMENT (( #2484 ) ) ;
#1449 =( LENGTH_UNIT ( ) NAMED_UNIT ( * ) SI_UNIT ( .MILLI., .METRE. ) );
#1450 = ADVANCED_FACE ( 'NONE', ( #2746 ), #2089, .T. ) ;
#1451 = VERTEX_POINT ( 'NONE', #2440 ) ;
#1452 = LINE ( 'NONE', #3509, #3283 ) ;
#1453 = DIRECTION ( 'NONE',  ( 1.908195823574487804E-15, 0.000000000000000000, -1.000000000000000000 ) ) ;
#1454 = CARTESIAN_POINT ( 'NONE',  ( -0.2565700493459898701, 0.6999999999999999556, -0.9846742545641591349 ) ) ;
#1455 = DIRECTION ( 'NONE',  ( -0.000000000000000000, -1.000000000000000000, 0.000000000000000000 ) ) ;
#1456 = ORIENTED_EDGE ( 'NONE', *, *, #2016, .T. ) ;
#1457 = LINE ( 'NONE', #1118, #737 ) ;
#1458 = CARTESIAN_POINT ( 'NONE',  ( -0.4249999999999996003, 0.2000000000000000111, -0.09999999999999892308 ) ) ;
#1459 = ORIENTED_EDGE ( 'NONE', *, *, #688, .T. ) ;
#1460 = ORIENTED_EDGE ( 'NONE', *, *, #3617, .T. ) ;
#1461 = CARTESIAN_POINT ( 'NONE',  ( -0.4249999999999994893, 0.000000000000000000, -0.4999999999999990563 ) ) ;
#1462 = CARTESIAN_POINT ( 'NONE',  ( 0.1999999999999999278, 0.2000000000000000944, 0.9999999999999988898 ) ) ;
#1463 = VECTOR ( 'NONE', #3733, 1000.000000000000000 ) ;
#1464 = ORIENTED_EDGE ( 'NONE', *, *, #1492, .F. ) ;
#1465 = VERTEX_POINT ( 'NONE', #789 ) ;
#1466 = VECTOR ( 'NONE', #2024, 1000.000000000000000 ) ;
#1467 = VECTOR ( 'NONE', #3746, 1000.000000000000000 ) ;
#1468 = CARTESIAN_POINT ( 'NONE',  ( 0.6749999999999993783, 0.000000000000000000, 0.1000000000000016848 ) ) ;
#1469 = MECHANICAL_DESIGN_GEOMETRIC_PRESENTATION_REPRESENTATION (  '', ( #4266 ), #3429 ) ;
#1470 = MECHANICAL_DESIGN_GEOMETRIC_PRESENTATION_REPRESENTATION (  '', ( #921 ), #1272 ) ;
#1471 = ORIENTED_EDGE ( 'NONE', *, *, #3776, .F. ) ;
#1472 = ADVANCED_FACE ( 'NONE', ( #464 ), #1789, .F. ) ;
#1473 = DIRECTION ( 'NONE',  ( 0.000000000000000000, 0.000000000000000000, 1.000000000000000000 ) ) ;
#1474 = STYLED_ITEM ( 'NONE', ( #2357 ), #3142 ) ;
#1475 = CARTESIAN_POINT ( 'NONE',  ( -0.4249999999999994893, 0.2000000000000000111, -0.4999999999999990563 ) ) ;
#1476 = DIRECTION ( 'NONE',  ( -1.000000000000000000, 0.000000000000000000, -1.734723475976807094E-16 ) ) ;
#1477 = CARTESIAN_POINT ( 'NONE',  ( -0.2565700493459898701, 0.8000000000000000444, -0.9846742545641591349 ) ) ;
#1478 = EDGE_LOOP ( 'NONE', ( #698, #3180, #2282, #626 ) ) ;
#1479 = EDGE_LOOP ( 'NONE', ( #3384, #2951, #3438, #1813 ) ) ;
#1480 = CARTESIAN_POINT ( 'NONE',  ( -3.469446951953613696E-16, 0.2000000000000000111, 2.000000000000000000 ) ) ;
#1481 = EDGE_LOOP ( 'NONE', ( #1653, #3122, #3455, #299 ) ) ;
#1482 = VERTEX_POINT ( 'NONE', #2595 ) ;
#1483 = FACE_OUTER_BOUND ( 'NONE', #654, .T. ) ;
#1484 = LINE ( 'NONE', #2430, #4217 ) ;
#1485 = VECTOR ( 'NONE', #1214, 1000.000000000000000 ) ;
#1486 = EDGE_CURVE ( 'NONE', #3390, #3646, #3162, .T. ) ;
#1487 = VERTEX_POINT ( 'NONE', #2571 ) ;
#1488 = ORIENTED_EDGE ( 'NONE', *, *, #1391, .F. ) ;
#1489 = VECTOR ( 'NONE', #4199, 999.9999999999998863 ) ;
#1490 = PLANE ( 'NONE',  #2946 ) ;
#1491 = DIRECTION ( 'NONE',  ( -0.000000000000000000, -1.000000000000000000, 0.000000000000000000 ) ) ;
#1492 = EDGE_CURVE ( 'NONE', #3779, #258, #4211, .T. ) ;
#1493 = AXIS2_PLACEMENT_3D ( 'NONE', #2706, #4282, #315 ) ;
#1494 = ORIENTED_EDGE ( 'NONE', *, *, #1206, .F. ) ;
#1495 = CARTESIAN_POINT ( 'NONE',  ( 0.6749999999999993783, 0.5201562118716424044, -0.09999999999999829858 ) ) ;
#1496 = STYLED_ITEM ( 'NONE', ( #3416 ), #1686 ) ;
#1497 = CARTESIAN_POINT ( 'NONE',  ( 0.6749999999999991562, 0.5201562118716424044, 1.100000000000001865 ) ) ;
#1498 = LINE ( 'NONE', #4168, #3310 ) ;
#1499 = CARTESIAN_POINT ( 'NONE',  ( 0.000000000000000000, 0.2000000000000000111, 0.000000000000000000 ) ) ;
#1500 = ADVANCED_FACE ( 'NONE', ( #1562 ), #549, .F. ) ;
#1501 = VECTOR ( 'NONE', #1661, 1000.000000000000000 ) ;
#1502 = CARTESIAN_POINT ( 'NONE',  ( 0.4249999999999991562, 0.04999999999999999584, 1.100000000000001199 ) ) ;
#1503 = DIRECTION ( 'NONE',  ( -1.000000000000000000, 0.000000000000000000, 0.000000000000000000 ) ) ;
#1504 = EDGE_CURVE ( 'NONE', #909, #2538, #3904, .T. ) ;
#1505 = VERTEX_POINT ( 'NONE', #3223 ) ;
#1506 = STYLED_ITEM ( 'NONE', ( #3790 ), #227 ) ;
#1507 = ORIENTED_EDGE ( 'NONE', *, *, #4118, .F. ) ;
#1508 = SURFACE_SIDE_STYLE ('',( #2535 ) ) ;
#1509 = FACE_BOUND ( 'NONE', #1636, .T. ) ;
#1510 = VERTEX_POINT ( 'NONE', #177 ) ;
#1511 = EDGE_LOOP ( 'NONE', ( #535, #1471, #1088, #3939 ) ) ;
#1512 = PLANE ( 'NONE',  #506 ) ;
#1513 = LINE ( 'NONE', #214, #1988 ) ;
#1514 = ORIENTED_EDGE ( 'NONE', *, *, #1802, .T. ) ;
#1515 = CARTESIAN_POINT ( 'NONE',  ( 0.6749999999999991562, 0.000000000000000000, 1.100000000000001865 ) ) ;
#1516 = EDGE_CURVE ( 'NONE', #1482, #1890, #1498, .T. ) ;
#1517 = CARTESIAN_POINT ( 'NONE',  ( 0.4249999999999994893, 0.1999999999999999833, -0.6999999999999985123 ) ) ;
#1518 = DIRECTION ( 'NONE',  ( 1.734723475976806848E-16, 0.000000000000000000, -1.000000000000000000 ) ) ;
#1519 = DIRECTION ( 'NONE',  ( 1.000000000000000000, 0.000000000000000000, 1.734723475976806848E-16 ) ) ;
#1520 = EDGE_CURVE ( 'NONE', #3524, #2436, #1855, .T. ) ;
#1521 = CARTESIAN_POINT ( 'NONE',  ( -0.4249999999999996558, 0.04999999999999999584, 0.3000000000000011546 ) ) ;
#1522 = CARTESIAN_POINT ( 'NONE',  ( 8.239936510889835671E-16, 0.05000000000000000278, -1.000000000000001110 ) ) ;
#1523 = ORIENTED_EDGE ( 'NONE', *, *, #2618, .T. ) ;
#1524 = ORIENTED_EDGE ( 'NONE', *, *, #4072, .T. ) ;
#1525 = EDGE_CURVE ( 'NONE', #3723, #909, #2919, .T. ) ;
#1526 = CARTESIAN_POINT ( 'NONE',  ( -0.4249999999999993783, 0.5201562118716424044, -1.099999999999998535 ) ) ;
#1527 = EDGE_LOOP ( 'NONE', ( #4244, #2792, #2736, #2874 ) ) ;
#1528 = VERTEX_POINT ( 'NONE', #1585 ) ;
#1529 = DIRECTION ( 'NONE',  ( 1.000000000000000000, 0.000000000000000000, 1.734723475976806848E-16 ) ) ;
#1530 = PLANE ( 'NONE',  #3983 ) ;
#1531 = CARTESIAN_POINT ( 'NONE',  ( 0.4249999999999994893, 0.2000000000000000111, -0.4999999999999988343 ) ) ;
#1532 = DIRECTION ( 'NONE',  ( 0.000000000000000000, -1.000000000000000000, 0.000000000000000000 ) ) ;
#1533 = AXIS2_PLACEMENT_3D ( 'NONE', #3248, #268, #959 ) ;
#1534 = ORIENTED_EDGE ( 'NONE', *, *, #2634, .T. ) ;
#1535 = CARTESIAN_POINT ( 'NONE',  ( -3.469446951953613696E-16, 0.2000000000000000111, 2.000000000000000000 ) ) ;
#1536 = ORIENTED_EDGE ( 'NONE', *, *, #3093, .F. ) ;
#1537 = APPLICATION_PROTOCOL_DEFINITION ( 'draft international standard', 'automotive_design', 1998, #4103 ) ;
#1538 = VECTOR ( 'NONE', #3953, 1000.000000000000000 ) ;
#1539 = AXIS2_PLACEMENT_3D ( 'NONE', #1021, #2346, #2984 ) ;
#1540 = CARTESIAN_POINT ( 'NONE',  ( 0.6749999999999991562, 0.2000000000000000111, 1.100000000000001865 ) ) ;
#1541 = EDGE_CURVE ( 'NONE', #1406, #1528, #912, .T. ) ;
#1542 = EDGE_CURVE ( 'NONE', #3756, #1736, #3859, .T. ) ;
#1543 = CARTESIAN_POINT ( 'NONE',  ( -0.4249999999999995448, 0.000000000000000000, -0.2999999999999985456 ) ) ;
#1544 = DIRECTION ( 'NONE',  ( -1.000000000000000000, 0.000000000000000000, -1.908195823574487804E-15 ) ) ;
#1545 = DIRECTION ( 'NONE',  ( 1.734723475976807094E-16, 0.000000000000000000, -1.000000000000000000 ) ) ;
#1546 = EDGE_CURVE ( 'NONE', #3912, #1959, #4236, .T. ) ;
#1547 = VERTEX_POINT ( 'NONE', #1179 ) ;
#1548 = LINE ( 'NONE', #2604, #1425 ) ;
#1549 = EDGE_CURVE ( 'NONE', #444, #406, #4253, .T. ) ;
#1550 = ORIENTED_EDGE ( 'NONE', *, *, #1375, .F. ) ;
#1551 = VERTEX_POINT ( 'NONE', #2177 ) ;
#1552 = CARTESIAN_POINT ( 'NONE',  ( -0.6749999999999994893, 0.2000000000000000111, 0.7000000000000015099 ) ) ;
#1553 = DIRECTION ( 'NONE',  ( 1.000000000000000000, -0.000000000000000000, -1.561251128379127765E-15 ) ) ;
#1554 =( NAMED_UNIT ( * ) SI_UNIT ( $, .STERADIAN. ) SOLID_ANGLE_UNIT ( ) );
#1555 = DIRECTION ( 'NONE',  ( 1.000000000000000000, 0.000000000000000000, 1.734723475976806848E-16 ) ) ;
#1556 = EDGE_CURVE ( 'NONE', #2015, #1428, #2834, .T. ) ;
#1557 = EDGE_LOOP ( 'NONE', ( #802, #899, #1680, #191 ) ) ;
#1558 = LINE ( 'NONE', #2896, #2728 ) ;
#1559 = ORIENTED_EDGE ( 'NONE', *, *, #2113, .T. ) ;
#1560 = LINE ( 'NONE', #1244, #786 ) ;
#1561 = PRODUCT_DEFINITION_SHAPE ( 'NONE', 'NONE',  #255 ) ;
#1562 = FACE_OUTER_BOUND ( 'NONE', #3230, .T. ) ;
#1563 = AXIS2_PLACEMENT_3D ( 'NONE', #3626, #1989, #2668 ) ;
#1564 = CARTESIAN_POINT ( 'NONE',  ( 1.095044194210359676E-15, 0.000000000000000000, -1.000000000000001110 ) ) ;
#1565 = VECTOR ( 'NONE', #1373, 1000.000000000000000 ) ;
#1566 = PLANE ( 'NONE',  #2373 ) ;
#1567 = PLANE ( 'NONE',  #3951 ) ;
#1568 = LINE ( 'NONE', #1859, #462 ) ;
#1569 = VERTEX_POINT ( 'NONE', #2218 ) ;
#1570 = VECTOR ( 'NONE', #3729, 1000.000000000000000 ) ;
#1571 = FACE_OUTER_BOUND ( 'NONE', #3518, .T. ) ;
#1572 = EDGE_CURVE ( 'NONE', #2978, #147, #242, .T. ) ;
#1573 = DIRECTION ( 'NONE',  ( 1.734723475976806848E-16, 0.000000000000000000, -1.000000000000000000 ) ) ;
#1574 = VECTOR ( 'NONE', #3861, 1000.000000000000000 ) ;
#1575 = ORIENTED_EDGE ( 'NONE', *, *, #526, .F. ) ;
#1576 = ORIENTED_EDGE ( 'NONE', *, *, #531, .F. ) ;
#1577 = PLANE ( 'NONE',  #3984 ) ;
#1578 = DIRECTION ( 'NONE',  ( 0.000000000000000000, -1.000000000000000000, 0.000000000000000000 ) ) ;
#1579 = CARTESIAN_POINT ( 'NONE',  ( -0.6749999999999992673, 0.2000000000000000111, -0.8999999999999985789 ) ) ;
#1580 = EDGE_CURVE ( 'NONE', #1938, #4195, #2508, .T. ) ;
#1581 = VERTEX_POINT ( 'NONE', #3836 ) ;
#1582 = CARTESIAN_POINT ( 'NONE',  ( -0.6750000000000013767, 4.441214529035074854, 1.250000000000000000 ) ) ;
#1583 = ORIENTED_EDGE ( 'NONE', *, *, #460, .F. ) ;
#1584 = ADVANCED_FACE ( 'NONE', ( #267 ), #1221, .T. ) ;
#1585 = CARTESIAN_POINT ( 'NONE',  ( 0.6749999999999991562, 0.7999999999999999334, -1.249999999999999556 ) ) ;
#1586 = DIRECTION ( 'NONE',  ( 0.000000000000000000, -1.000000000000000000, 0.000000000000000000 ) ) ;
#1587 = FACE_OUTER_BOUND ( 'NONE', #4154, .T. ) ;
#1588 = CARTESIAN_POINT ( 'NONE',  ( -0.4249999999999993783, 0.000000000000000000, -1.099999999999998535 ) ) ;
#1589 = CARTESIAN_POINT ( 'NONE',  ( -0.4249999999999994338, 0.2000000000000000111, -0.8999999999999990230 ) ) ;
#1590 = ORIENTED_EDGE ( 'NONE', *, *, #1051, .F. ) ;
#1591 =( NAMED_UNIT ( * ) PLANE_ANGLE_UNIT ( ) SI_UNIT ( $, .RADIAN. ) );
#1592 = LINE ( 'NONE', #1949, #871 ) ;
#1593 = EDGE_LOOP ( 'NONE', ( #3039, #1171, #1161, #1338 ) ) ;
#1594 = EDGE_LOOP ( 'NONE', ( #1792, #3192, #1851, #1752 ) ) ;
#1595 = LINE ( 'NONE', #1256, #3703 ) ;
#1596 = CARTESIAN_POINT ( 'NONE',  ( -0.4249999999999994338, 0.000000000000000000, -0.8999999999999990230 ) ) ;
#1597 = VERTEX_POINT ( 'NONE', #2552 ) ;
#1598 = DIRECTION ( 'NONE',  ( 1.000000000000000000, 0.000000000000000000, 1.734723475976806848E-16 ) ) ;
#1599 = VERTEX_POINT ( 'NONE', #2899 ) ;
#1600 = SURFACE_STYLE_USAGE ( .BOTH. , #3351 ) ;
#1601 = VECTOR ( 'NONE', #3618, 1000.000000000000000 ) ;
#1602 = CARTESIAN_POINT ( 'NONE',  ( 0.4249999999999992673, 0.5201562118716424044, 0.7000000000000012879 ) ) ;
#1603 = VERTEX_POINT ( 'NONE', #3885 ) ;
#1604 = EDGE_CURVE ( 'NONE', #3756, #3257, #198, .T. ) ;
#1605 = VECTOR ( 'NONE', #3674, 1000.000000000000000 ) ;
#1606 = VECTOR ( 'NONE', #2547, 1000.000000000000000 ) ;
#1607 = CARTESIAN_POINT ( 'NONE',  ( 0.4249999999999994893, 0.1999999999999999833, -0.6999999999999985123 ) ) ;
#1608 = MANIFOLD_SOLID_BREP ( 'LPattern3[4]', #2493 ) ;
#1609 = LINE ( 'NONE', #1655, #1024 ) ;
#1610 = CARTESIAN_POINT ( 'NONE',  ( 0.4249999999999995448, 0.000000000000000000, -0.8999999999999988010 ) ) ;
#1611 = VECTOR ( 'NONE', #409, 1000.000000000000000 ) ;
#1612 = EDGE_CURVE ( 'NONE', #3961, #4159, #2679, .T. ) ;
#1613 = ORIENTED_EDGE ( 'NONE', *, *, #3840, .T. ) ;
#1614 = SURFACE_STYLE_USAGE ( .BOTH. , #28 ) ;
#1615 =( GEOMETRIC_REPRESENTATION_CONTEXT ( 3 ) GLOBAL_UNCERTAINTY_ASSIGNED_CONTEXT ( ( #1310 ) ) GLOBAL_UNIT_ASSIGNED_CONTEXT ( ( #2376, #135, #420 ) ) REPRESENTATION_CONTEXT ( 'NONE', 'WORKASPACE' ) );
#1616 = DIRECTION ( 'NONE',  ( 0.000000000000000000, -1.000000000000000000, 0.000000000000000000 ) ) ;
#1617 = EDGE_LOOP ( 'NONE', ( #98, #1803, #3749, #3385 ) ) ;
#1618 = VERTEX_POINT ( 'NONE', #2323 ) ;
#1619 = CARTESIAN_POINT ( 'NONE',  ( -0.4249999999999994338, 0.5201562118716424044, -0.8999999999999990230 ) ) ;
#1620 = CARTESIAN_POINT ( 'NONE',  ( 0.6749999999999993783, 0.5201562118716424044, 0.3000000000000017653 ) ) ;
#1621 = CARTESIAN_POINT ( 'NONE',  ( -0.4249999999999997669, 0.1999999999999999833, 0.9000000000000013545 ) ) ;
#1622 = ORIENTED_EDGE ( 'NONE', *, *, #1391, .T. ) ;
#1623 = CARTESIAN_POINT ( 'NONE',  ( -0.4249999999999995448, 0.04999999999999999584, -0.2999999999999985456 ) ) ;
#1624 = EDGE_LOOP ( 'NONE', ( #2887, #3784, #1096, #2803 ) ) ;
#1625 = EDGE_CURVE ( 'NONE', #3477, #2209, #1697, .T. ) ;
#1626 = DIRECTION ( 'NONE',  ( -1.000000000000000000, 0.000000000000000000, -1.908195823574487804E-15 ) ) ;
#1627 = AXIS2_PLACEMENT_3D ( 'NONE', #518, #824, #189 ) ;
#1628 = VERTEX_POINT ( 'NONE', #3309 ) ;
#1629 = VECTOR ( 'NONE', #1187, 1000.000000000000000 ) ;
#1630 = CARTESIAN_POINT ( 'NONE',  ( -0.4249999999999996003, 0.2000000000000000111, -0.09999999999999892308 ) ) ;
#1631 = MANIFOLD_SOLID_BREP ( 'Chamfer1', #819 ) ;
#1632 = CARTESIAN_POINT ( 'NONE',  ( 0.6749999999999993783, 0.2000000000000000111, -0.09999999999999829858 ) ) ;
#1633 = DIRECTION ( 'NONE',  ( 0.000000000000000000, -1.000000000000000000, 0.000000000000000000 ) ) ;
#1634 = EDGE_CURVE ( 'NONE', #3168, #2468, #4034, .T. ) ;
#1635 = AXIS2_PLACEMENT_3D ( 'NONE', #3539, #553, #1877 ) ;
#1636 = EDGE_LOOP ( 'NONE', ( #4031, #3433 ) ) ;
#1637 = FILL_AREA_STYLE ('',( #2032 ) ) ;
#1638 = VECTOR ( 'NONE', #3680, 1000.000000000000000 ) ;
#1639 = CARTESIAN_POINT ( 'NONE',  ( -0.3817239400953550410, 0.6999999999999999556, -0.9846742545641591349 ) ) ;
#1640 = EDGE_CURVE ( 'NONE', #3962, #233, #3989, .T. ) ;
#1641 = DIRECTION ( 'NONE',  ( 1.000000000000000000, 0.000000000000000000, 1.734723475976806848E-16 ) ) ;
#1642 = VERTEX_POINT ( 'NONE', #4278 ) ;
#1643 = VECTOR ( 'NONE', #817, 1000.000000000000000 ) ;
#1644 = ORIENTED_EDGE ( 'NONE', *, *, #2200, .F. ) ;
#1645 = CARTESIAN_POINT ( 'NONE',  ( -0.4249999999999994893, 0.04999999999999999584, -0.4999999999999990563 ) ) ;
#1646 = DIRECTION ( 'NONE',  ( -1.000000000000000000, 0.000000000000000000, -1.908195823574487804E-15 ) ) ;
#1647 = DIRECTION ( 'NONE',  ( -1.734723475976807094E-16, 0.000000000000000000, 1.000000000000000000 ) ) ;
#1648 = VECTOR ( 'NONE', #2245, 1000.000000000000000 ) ;
#1649 = ORIENTED_EDGE ( 'NONE', *, *, #2132, .F. ) ;
#1650 = COLOUR_RGB ( '',0.7921568627450980005, 0.8196078431372548767, 0.9333333333333333481 ) ;
#1651 = CARTESIAN_POINT ( 'NONE',  ( 0.000000000000000000, 0.000000000000000000, 0.000000000000000000 ) ) ;
#1652 =( LENGTH_UNIT ( ) NAMED_UNIT ( * ) SI_UNIT ( .MILLI., .METRE. ) );
#1653 = ORIENTED_EDGE ( 'NONE', *, *, #2402, .F. ) ;
#1654 = LINE ( 'NONE', #1306, #3639 ) ;
#1655 = CARTESIAN_POINT ( 'NONE',  ( -0.4249999999999997113, 0.000000000000000000, 0.5000000000000014433 ) ) ;
#1656 = LINE ( 'NONE', #1610, #530 ) ;
#1657 = ORIENTED_EDGE ( 'NONE', *, *, #1075, .F. ) ;
#1658 = ADVANCED_FACE ( 'NONE', ( #3968 ), #958, .F. ) ;
#1659 = PLANE ( 'NONE',  #292 ) ;
#1660 = FACE_OUTER_BOUND ( 'NONE', #3503, .T. ) ;
#1661 = DIRECTION ( 'NONE',  ( 0.000000000000000000, -1.000000000000000000, 0.000000000000000000 ) ) ;
#1662 = ORIENTED_EDGE ( 'NONE', *, *, #1698, .T. ) ;
#1663 = ORIENTED_EDGE ( 'NONE', *, *, #2730, .F. ) ;
#1664 = ADVANCED_FACE ( 'NONE', ( #3288 ), #2640, .F. ) ;
#1665 = PLANE ( 'NONE',  #3707 ) ;
#1666 = DIRECTION ( 'NONE',  ( -1.561251128379127765E-15, 0.000000000000000000, -1.000000000000000000 ) ) ;
#1667 = FACE_OUTER_BOUND ( 'NONE', #1481, .T. ) ;
#1668 = ORIENTED_EDGE ( 'NONE', *, *, #3475, .T. ) ;
#1669 = LINE ( 'NONE', #3001, #1822 ) ;
#1670 =( LENGTH_UNIT ( ) NAMED_UNIT ( * ) SI_UNIT ( .MILLI., .METRE. ) );
#1671 = VERTEX_POINT ( 'NONE', #2655 ) ;
#1672 = DIRECTION ( 'NONE',  ( 1.000000000000000000, 0.000000000000000000, 1.734723475976806848E-16 ) ) ;
#1673 = DIRECTION ( 'NONE',  ( -1.000000000000000000, 0.000000000000000000, -1.734723475976806848E-16 ) ) ;
#1674 = MANIFOLD_SOLID_BREP ( 'LPattern3[6]', #3252 ) ;
#1675 = DIRECTION ( 'NONE',  ( 0.000000000000000000, -1.000000000000000000, 0.000000000000000000 ) ) ;
#1676 = CARTESIAN_POINT ( 'NONE',  ( 0.000000000000000000, 0.2000000000000000111, 0.000000000000000000 ) ) ;
#1677 = ADVANCED_FACE ( 'NONE', ( #2459 ), #678, .T. ) ;
#1678 = ADVANCED_FACE ( 'NONE', ( #1408 ), #4096, .F. ) ;
#1679 = VECTOR ( 'NONE', #628, 1000.000000000000000 ) ;
#1680 = ORIENTED_EDGE ( 'NONE', *, *, #1080, .T. ) ;
#1681 = DIRECTION ( 'NONE',  ( -1.000000000000000000, 0.000000000000000000, -1.734723475976806848E-16 ) ) ;
#1682 = LINE ( 'NONE', #2691, #669 ) ;
#1683 = LINE ( 'NONE', #3038, #1368 ) ;
#1684 = AXIS2_PLACEMENT_3D ( 'NONE', #3334, #1672, #23 ) ;
#1685 = ADVANCED_FACE ( 'NONE', ( #2084 ), #782, .F. ) ;
#1686 = MANIFOLD_SOLID_BREP ( 'LPattern3[10]', #2903 ) ;
#1687 = ORIENTED_EDGE ( 'NONE', *, *, #3982, .T. ) ;
#1688 = VERTEX_POINT ( 'NONE', #434 ) ;
#1689 = VECTOR ( 'NONE', #2996, 1000.000000000000000 ) ;
#1690 = CARTESIAN_POINT ( 'NONE',  ( -0.4249999999999996003, 0.05000000000000000278, -7.372574772901422756E-17 ) ) ;
#1691 = CARTESIAN_POINT ( 'NONE',  ( 0.6749999999999993783, 0.1999999999999999833, -0.09999999999999829858 ) ) ;
#1692 = PLANE ( 'NONE',  #2119 ) ;
#1693 = EDGE_CURVE ( 'NONE', #1829, #3472, #414, .T. ) ;
#1694 = ORIENTED_EDGE ( 'NONE', *, *, #2042, .F. ) ;
#1695 = DIRECTION ( 'NONE',  ( -1.561251128379127765E-15, 0.000000000000000000, -1.000000000000000000 ) ) ;
#1696 = DIRECTION ( 'NONE',  ( -1.000000000000000000, 0.000000000000000000, -1.734723475976806848E-16 ) ) ;
#1697 = LINE ( 'NONE', #3600, #396 ) ;
#1698 = EDGE_CURVE ( 'NONE', #807, #2182, #3726, .T. ) ;
#1699 = EDGE_LOOP ( 'NONE', ( #1488, #705, #1282, #598 ) ) ;
#1700 = CARTESIAN_POINT ( 'NONE',  ( 0.4249999999999992673, 0.2000000000000000111, 0.7000000000000012879 ) ) ;
#1701 = LINE ( 'NONE', #1004, #1129 ) ;
#1702 = CARTESIAN_POINT ( 'NONE',  ( -0.6749999999999996003, 0.000000000000000000, 1.100000000000001421 ) ) ;
#1703 = CARTESIAN_POINT ( 'NONE',  ( 0.1999999999999999278, 2.239607805437113797, 0.9999999999999988898 ) ) ;
#1704 = UNCERTAINTY_MEASURE_WITH_UNIT (LENGTH_MEASURE( 1.000000000000000082E-05 ), #1670, 'distance_accuracy_value', 'NONE');
#1705 = VECTOR ( 'NONE', #1801, 1000.000000000000000 ) ;
#1706 = ORIENTED_EDGE ( 'NONE', *, *, #1236, .T. ) ;
#1707 = DIRECTION ( 'NONE',  ( 1.000000000000000000, 0.000000000000000000, 1.734723475976806848E-16 ) ) ;
#1708 = CARTESIAN_POINT ( 'NONE',  ( 0.4249999999999994893, 0.2000000000000000111, -0.6999999999999985123 ) ) ;
#1709 = VECTOR ( 'NONE', #2372, 1000.000000000000000 ) ;
#1710 = VERTEX_POINT ( 'NONE', #743 ) ;
#1711 = ORIENTED_EDGE ( 'NONE', *, *, #3099, .F. ) ;
#1712 = ADVANCED_FACE ( 'NONE', ( #1738 ), #2742, .F. ) ;
#1713 = PRESENTATION_LAYER_ASSIGNMENT (  '', '', ( #2486 ) ) ;
#1714 = CARTESIAN_POINT ( 'NONE',  ( -0.6749999999999993783, 0.2000000000000000111, 0.1000000000000014350 ) ) ;
#1715 = CARTESIAN_POINT ( 'NONE',  ( -0.4249999999999994893, 0.2000000000000000111, -0.4999999999999990563 ) ) ;
#1716 = DIRECTION ( 'NONE',  ( -1.000000000000000000, 0.000000000000000000, -1.734723475976806848E-16 ) ) ;
#1717 = VECTOR ( 'NONE', #893, 1000.000000000000000 ) ;
#1718 = ORIENTED_EDGE ( 'NONE', *, *, #3013, .T. ) ;
#1719 = PRODUCT_RELATED_PRODUCT_CATEGORY ( 'part', '', ( #286 ) ) ;
#1720 = CARTESIAN_POINT ( 'NONE',  ( -0.4249999999999997113, 0.000000000000000000, 0.7000000000000010658 ) ) ;
#1721 = PRESENTATION_LAYER_ASSIGNMENT (  '', '', ( #1166 ) ) ;
#1722 = ORIENTED_EDGE ( 'NONE', *, *, #3099, .T. ) ;
#1723 = EDGE_CURVE ( 'NONE', #1547, #3850, #2435, .T. ) ;
#1724 = CARTESIAN_POINT ( 'NONE',  ( -0.6749999999999993783, 0.000000000000000000, 0.3000000000000015432 ) ) ;
#1725 = CARTESIAN_POINT ( 'NONE',  ( -0.4249999999999997113, 0.2000000000000000111, 0.7000000000000010658 ) ) ;
#1726 = PLANE ( 'NONE',  #1780 ) ;
#1727 = EDGE_LOOP ( 'NONE', ( #3588, #1091, #2731, #4081 ) ) ;
#1728 = VERTEX_POINT ( 'NONE', #3507 ) ;
#1729 = CARTESIAN_POINT ( 'NONE',  ( 0.4249999999999994893, 0.04999999999999999584, -0.4999999999999988343 ) ) ;
#1730 = PLANE ( 'NONE',  #4298 ) ;
#1731 = EDGE_LOOP ( 'NONE', ( #59, #2181, #841, #1746 ) ) ;
#1732 = ORIENTED_EDGE ( 'NONE', *, *, #791, .F. ) ;
#1733 = CARTESIAN_POINT ( 'NONE',  ( -0.6749999999999993783, 0.1999999999999999833, 0.3000000000000015432 ) ) ;
#1734 = CARTESIAN_POINT ( 'NONE',  ( 1.214306433183762501E-16, 0.05000000000000000278, -0.6999999999999986233 ) ) ;
#1735 = DIRECTION ( 'NONE',  ( -1.000000000000000000, 0.000000000000000000, -1.908195823574487804E-15 ) ) ;
#1736 = VERTEX_POINT ( 'NONE', #829 ) ;
#1737 = FACE_OUTER_BOUND ( 'NONE', #3275, .T. ) ;
#1738 = FACE_OUTER_BOUND ( 'NONE', #4149, .T. ) ;
#1739 = ORIENTED_EDGE ( 'NONE', *, *, #3202, .F. ) ;
#1740 = LINE ( 'NONE', #3355, #3317 ) ;
#1741 = DIRECTION ( 'NONE',  ( 1.908195823574487804E-15, 0.000000000000000000, -1.000000000000000000 ) ) ;
#1742 = CARTESIAN_POINT ( 'NONE',  ( -0.6750000000000013767, 0.05000000000000000278, -1.250000000000000444 ) ) ;
#1743 = CARTESIAN_POINT ( 'NONE',  ( 0.4249999999999994893, 0.000000000000000000, -0.4999999999999988343 ) ) ;
#1744 = ADVANCED_FACE ( 'NONE', ( #3877 ), #4138, .T. ) ;
#1745 = EDGE_LOOP ( 'NONE', ( #1550, #1208, #2607, #1842, #4265, #2139, #1416, #2858, #860, #2257, #2822, #3133, #4164, #2126, #665, #45, #349, #2068, #3865, #3496, #2648, #1785, #3598, #3052, #1590, #2964, #2481, #1041, #1409, #3236, #1739, #3554, #2647, #1044, #3529, #1583, #1798, #3544, #136, #376, #2149, #3427, #2512, #763, #4285, #1770, #2228, #1107, #2749, #427, #4126, #3454 ) ) ;
#1746 = ORIENTED_EDGE ( 'NONE', *, *, #1640, .T. ) ;
#1747 = LINE ( 'NONE', #2116, #940 ) ;
#1748 = DIRECTION ( 'NONE',  ( 0.000000000000000000, 1.000000000000000000, 0.000000000000000000 ) ) ;
#1749 = EDGE_CURVE ( 'NONE', #2755, #4086, #1513, .T. ) ;
#1750 = AXIS2_PLACEMENT_3D ( 'NONE', #1602, #2241, #1626 ) ;
#1751 = ORIENTED_EDGE ( 'NONE', *, *, #356, .F. ) ;
#1752 = ORIENTED_EDGE ( 'NONE', *, *, #305, .F. ) ;
#1753 = CARTESIAN_POINT ( 'NONE',  ( -0.4249999999999995448, 0.000000000000000000, -0.2999999999999985456 ) ) ;
#1754 = VECTOR ( 'NONE', #1646, 1000.000000000000000 ) ;
#1755 = CARTESIAN_POINT ( 'NONE',  ( 0.6749999999999992673, 0.1999999999999999833, 0.9000000000000015765 ) ) ;
#1756 = VECTOR ( 'NONE', #1089, 1000.000000000000000 ) ;
#1757 = LINE ( 'NONE', #3089, #3655 ) ;
#1758 = VECTOR ( 'NONE', #3772, 1000.000000000000000 ) ;
#1759 = AXIS2_PLACEMENT_3D ( 'NONE', #1815, #775, #760 ) ;
#1760 = EDGE_LOOP ( 'NONE', ( #2206, #482, #927, #1240 ) ) ;
#1761 = FILL_AREA_STYLE_COLOUR ( '', #1090 ) ;
#1762 = ORIENTED_EDGE ( 'NONE', *, *, #229, .T. ) ;
#1763 = CARTESIAN_POINT ( 'NONE',  ( -0.4249999999999994893, 0.1999999999999999833, -0.4999999999999990563 ) ) ;
#1764 = EDGE_CURVE ( 'NONE', #3017, #2168, #2872, .T. ) ;
#1765 = FACE_OUTER_BOUND ( 'NONE', #1311, .T. ) ;
#1766 = FACE_OUTER_BOUND ( 'NONE', #1421, .T. ) ;
#1767 = LINE ( 'NONE', #3098, #1274 ) ;
#1768 = VERTEX_POINT ( 'NONE', #1152 ) ;
#1769 = EDGE_CURVE ( 'NONE', #4159, #2461, #500, .T. ) ;
#1770 = ORIENTED_EDGE ( 'NONE', *, *, #2543, .F. ) ;
#1771 = DIRECTION ( 'NONE',  ( -1.734723475976806848E-16, 0.000000000000000000, 1.000000000000000000 ) ) ;
#1772 = DIRECTION ( 'NONE',  ( -0.000000000000000000, -1.000000000000000000, 0.000000000000000000 ) ) ;
#1773 = ORIENTED_EDGE ( 'NONE', *, *, #1258, .F. ) ;
#1774 = EDGE_LOOP ( 'NONE', ( #2806, #3966, #1285, #2846 ) ) ;
#1775 = EDGE_CURVE ( 'NONE', #1487, #3318, #2485, .T. ) ;
#1776 = CARTESIAN_POINT ( 'NONE',  ( -0.6749999999999992673, 0.2000000000000000111, -0.6999999999999987343 ) ) ;
#1777 = CARTESIAN_POINT ( 'NONE',  ( -0.4249999999999994893, 0.1999999999999999833, -0.4999999999999990563 ) ) ;
#1778 = CIRCLE ( 'NONE', #2540, 0.1251538907493651431 ) ;
#1779 = CARTESIAN_POINT ( 'NONE',  ( -0.6749999999999992673, 0.2000000000000000111, -0.6999999999999987343 ) ) ;
#1780 = AXIS2_PLACEMENT_3D ( 'NONE', #1094, #3732, #4059 ) ;
#1781 = ORIENTED_EDGE ( 'NONE', *, *, #1018, .F. ) ;
#1782 = LINE ( 'NONE', #2848, #3535 ) ;
#1783 =( NAMED_UNIT ( * ) SI_UNIT ( $, .STERADIAN. ) SOLID_ANGLE_UNIT ( ) );
#1784 = VECTOR ( 'NONE', #4011, 1000.000000000000000 ) ;
#1785 = ORIENTED_EDGE ( 'NONE', *, *, #2866, .F. ) ;
#1786 = VECTOR ( 'NONE', #2752, 1000.000000000000000 ) ;
#1787 = CARTESIAN_POINT ( 'NONE',  ( -0.4249999999999997113, 0.1999999999999999833, 0.5000000000000014433 ) ) ;
#1788 = CARTESIAN_POINT ( 'NONE',  ( 0.6749999999999993783, 0.000000000000000000, -0.09999999999999829858 ) ) ;
#1789 = PLANE ( 'NONE',  #2331 ) ;
#1790 = DIRECTION ( 'NONE',  ( 1.000000000000000000, 0.000000000000000000, 1.734723475976806848E-16 ) ) ;
#1791 = AXIS2_PLACEMENT_3D ( 'NONE', #1028, #105, #1430 ) ;
#1792 = ORIENTED_EDGE ( 'NONE', *, *, #1693, .F. ) ;
#1793 = DIRECTION ( 'NONE',  ( 1.000000000000000000, -0.000000000000000000, -1.561251128379127765E-15 ) ) ;
#1794 = FACE_OUTER_BOUND ( 'NONE', #458, .T. ) ;
#1795 = DIRECTION ( 'NONE',  ( -1.734723475976806848E-16, 0.000000000000000000, 1.000000000000000000 ) ) ;
#1796 = EDGE_CURVE ( 'NONE', #40, #27, #3814, .T. ) ;
#1797 = ORIENTED_EDGE ( 'NONE', *, *, #732, .T. ) ;
#1798 = ORIENTED_EDGE ( 'NONE', *, *, #840, .F. ) ;
#1799 = PLANE ( 'NONE',  #1759 ) ;
#1800 = CARTESIAN_POINT ( 'NONE',  ( -1.387778780781445429E-16, 0.000000000000000000, 0.8000000000000000444 ) ) ;
#1801 = DIRECTION ( 'NONE',  ( 0.000000000000000000, 0.000000000000000000, -1.000000000000000000 ) ) ;
#1802 = EDGE_CURVE ( 'NONE', #1890, #2115, #562, .T. ) ;
#1803 = ORIENTED_EDGE ( 'NONE', *, *, #99, .T. ) ;
#1804 = ORIENTED_EDGE ( 'NONE', *, *, #3830, .F. ) ;
#1805 = ORIENTED_EDGE ( 'NONE', *, *, #3630, .F. ) ;
#1806 = FACE_OUTER_BOUND ( 'NONE', #621, .T. ) ;
#1807 = LINE ( 'NONE', #766, #159 ) ;
#1808 = CARTESIAN_POINT ( 'NONE',  ( -0.6749999999999992673, 0.000000000000000000, -0.8999999999999985789 ) ) ;
#1809 = ORIENTED_EDGE ( 'NONE', *, *, #3457, .T. ) ;
#1810 = ADVANCED_FACE ( 'NONE', ( #3217 ), #3157, .T. ) ;
#1811 = CARTESIAN_POINT ( 'NONE',  ( 0.000000000000000000, 0.000000000000000000, 0.000000000000000000 ) ) ;
#1812 = LINE ( 'NONE', #3083, #2339 ) ;
#1813 = ORIENTED_EDGE ( 'NONE', *, *, #1105, .T. ) ;
#1814 = ORIENTED_EDGE ( 'NONE', *, *, #2816, .T. ) ;
#1815 = CARTESIAN_POINT ( 'NONE',  ( -0.4249999999999996558, 0.2000000000000000111, 0.3000000000000011546 ) ) ;
#1816 = EDGE_CURVE ( 'NONE', #1951, #2909, #3299, .T. ) ;
#1817 = CARTESIAN_POINT ( 'NONE',  ( 0.4249999999999996003, 0.1999999999999999833, -1.099999999999998535 ) ) ;
#1818 = VECTOR ( 'NONE', #3860, 1000.000000000000000 ) ;
#1819 = VERTEX_POINT ( 'NONE', #4183 ) ;
#1820 = EDGE_LOOP ( 'NONE', ( #403, #1464, #3947, #2841 ) ) ;
#1821 = AXIS2_PLACEMENT_3D ( 'NONE', #2221, #222, #3559 ) ;
#1822 = VECTOR ( 'NONE', #18, 1000.000000000000000 ) ;
#1823 = CARTESIAN_POINT ( 'NONE',  ( -0.4249999999999998224, 0.2000000000000000111, 1.100000000000001199 ) ) ;
#1824 = DIRECTION ( 'NONE',  ( -1.734723475976807094E-16, 0.000000000000000000, 1.000000000000000000 ) ) ;
#1825 = EDGE_CURVE ( 'NONE', #723, #1551, #3959, .T. ) ;
#1826 = DIRECTION ( 'NONE',  ( -1.734723475976806848E-16, 0.000000000000000000, 1.000000000000000000 ) ) ;
#1827 = VECTOR ( 'NONE', #4037, 1000.000000000000000 ) ;
#1828 = AXIS2_PLACEMENT_3D ( 'NONE', #252, #2925, #2907 ) ;
#1829 = VERTEX_POINT ( 'NONE', #1295 ) ;
#1830 = DIRECTION ( 'NONE',  ( -1.000000000000000000, 0.000000000000000000, -1.734723475976806848E-16 ) ) ;
#1831 = ADVANCED_FACE ( 'NONE', ( #2505 ), #2630, .F. ) ;
#1832 = FACE_OUTER_BOUND ( 'NONE', #546, .T. ) ;
#1833 = CARTESIAN_POINT ( 'NONE',  ( 0.6749999999999993783, 0.2000000000000000111, -0.09999999999999829858 ) ) ;
#1834 = FACE_OUTER_BOUND ( 'NONE', #1760, .T. ) ;
#1835 = DIRECTION ( 'NONE',  ( 1.734723475976806848E-16, 0.000000000000000000, -1.000000000000000000 ) ) ;
#1836 = CARTESIAN_POINT ( 'NONE',  ( 0.6749999999999991562, 0.05000000000000000278, 1.250000000000000444 ) ) ;
#1837 = VERTEX_POINT ( 'NONE', #320 ) ;
#1838 = ORIENTED_EDGE ( 'NONE', *, *, #4020, .F. ) ;
#1839 = FACE_OUTER_BOUND ( 'NONE', #4055, .T. ) ;
#1840 = LINE ( 'NONE', #3171, #1629 ) ;
#1841 = AXIS2_PLACEMENT_3D ( 'NONE', #348, #3394, #1735 ) ;
#1842 = ORIENTED_EDGE ( 'NONE', *, *, #3820, .F. ) ;
#1843 = EDGE_CURVE ( 'NONE', #298, #1642, #2291, .T. ) ;
#1844 = VERTEX_POINT ( 'NONE', #3833 ) ;
#1845 = VECTOR ( 'NONE', #2772, 1000.000000000000000 ) ;
#1846 = DIRECTION ( 'NONE',  ( 1.000000000000000000, 0.000000000000000000, 1.734723475976806848E-16 ) ) ;
#1847 = CARTESIAN_POINT ( 'NONE',  ( 0.4249999999999992673, 0.04999999999999999584, 0.5000000000000016653 ) ) ;
#1848 = SURFACE_SIDE_STYLE ('',( #522 ) ) ;
#1849 = CARTESIAN_POINT ( 'NONE',  ( -0.2565700493459898701, 0.6999999999999999556, -0.9846742545641591349 ) ) ;
#1850 = VECTOR ( 'NONE', #419, 1000.000000000000000 ) ;
#1851 = ORIENTED_EDGE ( 'NONE', *, *, #1385, .F. ) ;
#1852 = EDGE_CURVE ( 'NONE', #2022, #3871, #3627, .T. ) ;
#1853 = LINE ( 'NONE', #2851, #2452 ) ;
#1854 = AXIS2_PLACEMENT_3D ( 'NONE', #2523, #844, #1641 ) ;
#1855 = LINE ( 'NONE', #1833, #3801 ) ;
#1856 = VECTOR ( 'NONE', #1795, 1000.000000000000000 ) ;
#1857 = ADVANCED_FACE ( 'NONE', ( #1215 ), #1972, .F. ) ;
#1858 = SURFACE_SIDE_STYLE ('',( #2179 ) ) ;
#1859 = CARTESIAN_POINT ( 'NONE',  ( -0.6749999999999996003, 0.2000000000000000111, 1.100000000000001421 ) ) ;
#1860 = ORIENTED_EDGE ( 'NONE', *, *, #864, .T. ) ;
#1861 = STYLED_ITEM ( 'NONE', ( #2189 ), #250 ) ;
#1862 = EDGE_LOOP ( 'NONE', ( #2641, #2818, #1013, #685 ) ) ;
#1863 =( LENGTH_UNIT ( ) NAMED_UNIT ( * ) SI_UNIT ( .MILLI., .METRE. ) );
#1864 = PLANE ( 'NONE',  #3166 ) ;
#1865 = ORIENTED_EDGE ( 'NONE', *, *, #745, .T. ) ;
#1866 = ORIENTED_EDGE ( 'NONE', *, *, #1206, .T. ) ;
#1867 = CARTESIAN_POINT ( 'NONE',  ( -0.6749999999999993783, 0.1999999999999999833, -0.09999999999999853451 ) ) ;
#1868 = CARTESIAN_POINT ( 'NONE',  ( 0.6749999999999993783, 0.2000000000000000111, -0.09999999999999829858 ) ) ;
#1869 = DIRECTION ( 'NONE',  ( 0.000000000000000000, -1.000000000000000000, 0.000000000000000000 ) ) ;
#1870 = FACE_OUTER_BOUND ( 'NONE', #1102, .T. ) ;
#1871 = ORIENTED_EDGE ( 'NONE', *, *, #3747, .F. ) ;
#1872 = PLANE ( 'NONE',  #3635 ) ;
#1873 =( LENGTH_UNIT ( ) NAMED_UNIT ( * ) SI_UNIT ( .MILLI., .METRE. ) );
#1874 = DIRECTION ( 'NONE',  ( 0.000000000000000000, 0.000000000000000000, -1.000000000000000000 ) ) ;
#1875 = LINE ( 'NONE', #1630, #3352 ) ;
#1876 = LINE ( 'NONE', #182, #1648 ) ;
#1877 = DIRECTION ( 'NONE',  ( 1.734723475976806848E-16, 0.000000000000000000, -1.000000000000000000 ) ) ;
#1878 = EDGE_CURVE ( 'NONE', #3158, #3368, #2172, .T. ) ;
#1879 = ORIENTED_EDGE ( 'NONE', *, *, #2353, .T. ) ;
#1880 =( NAMED_UNIT ( * ) SI_UNIT ( $, .STERADIAN. ) SOLID_ANGLE_UNIT ( ) );
#1881 = FACE_OUTER_BOUND ( 'NONE', #2093, .T. ) ;
#1882 = ADVANCED_FACE ( 'NONE', ( #1870 ), #3196, .F. ) ;
#1883 = ORIENTED_EDGE ( 'NONE', *, *, #4085, .T. ) ;
#1884 = ORIENTED_EDGE ( 'NONE', *, *, #630, .T. ) ;
#1885 = DIRECTION ( 'NONE',  ( -1.734723475976806848E-16, 0.000000000000000000, 1.000000000000000000 ) ) ;
#1886 = LINE ( 'NONE', #236, #3279 ) ;
#1887 = DIRECTION ( 'NONE',  ( -1.561251128379127963E-15, 0.000000000000000000, -1.000000000000000000 ) ) ;
#1888 = DIRECTION ( 'NONE',  ( 1.000000000000000000, 0.000000000000000000, 1.734723475976806848E-16 ) ) ;
#1889 = CIRCLE ( 'NONE', #2795, 0.1251538907493651431 ) ;
#1890 = VERTEX_POINT ( 'NONE', #1990 ) ;
#1891 = DIRECTION ( 'NONE',  ( 1.734723475976807094E-16, 0.000000000000000000, -1.000000000000000000 ) ) ;
#1892 = ORIENTED_EDGE ( 'NONE', *, *, #416, .T. ) ;
#1893 = DIRECTION ( 'NONE',  ( 1.000000000000000000, 0.000000000000000000, 1.734723475976806848E-16 ) ) ;
#1894 = COLOUR_RGB ( '',0.7921568627450980005, 0.8196078431372548767, 0.9333333333333333481 ) ;
#1895 = AXIS2_PLACEMENT_3D ( 'NONE', #3531, #808, #3468 ) ;
#1896 = CARTESIAN_POINT ( 'NONE',  ( 0.6749999999999992673, 0.000000000000000000, 0.7000000000000017319 ) ) ;
#1897 = CARTESIAN_POINT ( 'NONE',  ( 0.6749999999999992673, 0.5201562118716424044, 0.7000000000000017319 ) ) ;
#1898 = AXIS2_PLACEMENT_3D ( 'NONE', #3435, #838, #3497 ) ;
#1899 = ADVANCED_FACE ( 'NONE', ( #3975 ), #1730, .T. ) ;
#1900 = CARTESIAN_POINT ( 'NONE',  ( -0.4249999999999995448, 0.2000000000000000111, -0.2999999999999985456 ) ) ;
#1901 = LINE ( 'NONE', #201, #4087 ) ;
#1902 = LINE ( 'NONE', #3253, #2894 ) ;
#1903 = VERTEX_POINT ( 'NONE', #2733 ) ;
#1904 = EDGE_CURVE ( 'NONE', #877, #3101, #6, .T. ) ;
#1905 = DIRECTION ( 'NONE',  ( -1.000000000000000000, 0.000000000000000000, -1.908195823574487804E-15 ) ) ;
#1906 = CARTESIAN_POINT ( 'NONE',  ( -0.4249999999999997669, 0.2000000000000000111, 0.9000000000000013545 ) ) ;
#1907 = ORIENTED_EDGE ( 'NONE', *, *, #3867, .T. ) ;
#1908 = ORIENTED_EDGE ( 'NONE', *, *, #1230, .T. ) ;
#1909 = ADVANCED_FACE ( 'NONE', ( #385 ), #3738, .T. ) ;
#1910 = LINE ( 'NONE', #1619, #3988 ) ;
#1911 = CARTESIAN_POINT ( 'NONE',  ( -0.4249999999999994893, 0.5201562118716424044, -0.4999999999999990563 ) ) ;
#1912 = CARTESIAN_POINT ( 'NONE',  ( -0.4249999999999994338, 0.1999999999999999833, -0.8999999999999990230 ) ) ;
#1913 = ORIENTED_EDGE ( 'NONE', *, *, #2383, .T. ) ;
#1914 = DIRECTION ( 'NONE',  ( 0.000000000000000000, -1.000000000000000000, 0.000000000000000000 ) ) ;
#1915 = ORIENTED_EDGE ( 'NONE', *, *, #2526, .T. ) ;
#1916 = CARTESIAN_POINT ( 'NONE',  ( 1.908195823574484846E-16, 0.05000000000000000278, -1.099999999999998535 ) ) ;
#1917 = CARTESIAN_POINT ( 'NONE',  ( -0.6749999999999992673, 0.5201562118716424044, -0.8999999999999985789 ) ) ;
#1918 = AXIS2_PLACEMENT_3D ( 'NONE', #1480, #162, #117 ) ;
#1919 = CYLINDRICAL_SURFACE ( 'NONE', #4189, 0.1251538907493651431 ) ;
#1920 = VECTOR ( 'NONE', #3604, 1000.000000000000000 ) ;
#1921 = DIRECTION ( 'NONE',  ( 1.000000000000000000, 0.000000000000000000, 1.734723475976806848E-16 ) ) ;
#1922 = CARTESIAN_POINT ( 'NONE',  ( 0.6749999999999993783, 0.1999999999999999833, -0.09999999999999829858 ) ) ;
#1923 = DIRECTION ( 'NONE',  ( -1.000000000000000000, 0.000000000000000000, -1.908195823574487804E-15 ) ) ;
#1924 = EDGE_CURVE ( 'NONE', #3128, #1276, #1683, .T. ) ;
#1925 = EDGE_LOOP ( 'NONE', ( #1687, #487, #757, #3717 ) ) ;
#1926 = FILL_AREA_STYLE_COLOUR ( '', #160 ) ;
#1927 = LINE ( 'NONE', #254, #3863 ) ;
#1928 = EDGE_CURVE ( 'NONE', #1599, #1188, #4025, .T. ) ;
#1929 = AXIS2_PLACEMENT_3D ( 'NONE', #3156, #171, #1128 ) ;
#1930 = ORIENTED_EDGE ( 'NONE', *, *, #3689, .T. ) ;
#1931 = ORIENTED_EDGE ( 'NONE', *, *, #1723, .F. ) ;
#1932 = DIRECTION ( 'NONE',  ( -0.7071067811865506814, -0.000000000000000000, 0.7071067811865443531 ) ) ;
#1933 = FACE_OUTER_BOUND ( 'NONE', #3999, .T. ) ;
#1934 = PLANE ( 'NONE',  #31 ) ;
#1935 = EDGE_CURVE ( 'NONE', #2115, #3605, #2646, .T. ) ;
#1936 = ORIENTED_EDGE ( 'NONE', *, *, #1114, .F. ) ;
#1937 = CARTESIAN_POINT ( 'NONE',  ( 0.4249999999999993783, 0.2000000000000000111, 0.1000000000000016293 ) ) ;
#1938 = VERTEX_POINT ( 'NONE', #57 ) ;
#1939 = PRESENTATION_STYLE_ASSIGNMENT (( #4210 ) ) ;
#1940 = CARTESIAN_POINT ( 'NONE',  ( 0.6749999999999993783, 0.000000000000000000, 0.3000000000000017653 ) ) ;
#1941 = FACE_OUTER_BOUND ( 'NONE', #103, .T. ) ;
#1942 = ORIENTED_EDGE ( 'NONE', *, *, #2320, .F. ) ;
#1943 = PLANE ( 'NONE',  #1127 ) ;
#1944 = LINE ( 'NONE', #4320, #472 ) ;
#1945 = LINE ( 'NONE', #271, #391 ) ;
#1946 = EDGE_LOOP ( 'NONE', ( #413, #2558, #3573, #3467 ) ) ;
#1947 = EDGE_CURVE ( 'NONE', #1510, #130, #2312, .T. ) ;
#1948 = CARTESIAN_POINT ( 'NONE',  ( -0.4249999999999994893, 0.1999999999999999833, -0.6999999999999987343 ) ) ;
#1949 = CARTESIAN_POINT ( 'NONE',  ( -0.4249999999999997113, 0.1999999999999999833, 0.5000000000000014433 ) ) ;
#1950 = ORIENTED_EDGE ( 'NONE', *, *, #2416, .T. ) ;
#1951 = VERTEX_POINT ( 'NONE', #689 ) ;
#1952 = EDGE_CURVE ( 'NONE', #444, #3411, #2669, .T. ) ;
#1953 = LINE ( 'NONE', #2956, #2868 ) ;
#1954 = PLANE ( 'NONE',  #3915 ) ;
#1955 = CARTESIAN_POINT ( 'NONE',  ( 0.000000000000000000, 0.2000000000000000111, 0.000000000000000000 ) ) ;
#1956 = EDGE_LOOP ( 'NONE', ( #3235, #3759, #631, #3058 ) ) ;
#1957 = EDGE_CURVE ( 'NONE', #2235, #3596, #405, .T. ) ;
#1958 = DIRECTION ( 'NONE',  ( -1.000000000000000000, 0.000000000000000000, -1.908195823574487804E-15 ) ) ;
#1959 = VERTEX_POINT ( 'NONE', #1397 ) ;
#1960 = DIRECTION ( 'NONE',  ( -1.000000000000000000, 0.000000000000000000, -1.908195823574487804E-15 ) ) ;
#1961 = ORIENTED_EDGE ( 'NONE', *, *, #2594, .F. ) ;
#1962 = ADVANCED_FACE ( 'NONE', ( #2013 ), #1378, .F. ) ;
#1963 = VECTOR ( 'NONE', #1995, 1000.000000000000000 ) ;
#1964 = AXIS2_PLACEMENT_3D ( 'NONE', #2678, #1695, #1067 ) ;
#1965 = LINE ( 'NONE', #3055, #1466 ) ;
#1966 = DIRECTION ( 'NONE',  ( -1.734723475976807094E-16, 0.000000000000000000, 1.000000000000000000 ) ) ;
#1967 = VECTOR ( 'NONE', #910, 1000.000000000000000 ) ;
#1968 = VECTOR ( 'NONE', #4110, 1000.000000000000000 ) ;
#1969 = ORIENTED_EDGE ( 'NONE', *, *, #1947, .T. ) ;
#1970 = CARTESIAN_POINT ( 'NONE',  ( 0.6749999999999994893, 0.2000000000000000111, -0.6999999999999985123 ) ) ;
#1971 = LINE ( 'NONE', #3298, #2256 ) ;
#1972 = PLANE ( 'NONE',  #1854 ) ;
#1973 = ORIENTED_EDGE ( 'NONE', *, *, #2070, .F. ) ;
#1974 = VERTEX_POINT ( 'NONE', #2712 ) ;
#1975 = DIRECTION ( 'NONE',  ( 1.000000000000000000, 0.000000000000000000, 1.734723475976806848E-16 ) ) ;
#1976 = CARTESIAN_POINT ( 'NONE',  ( -0.6749999999999991562, 0.5201562118716424044, -1.099999999999998757 ) ) ;
#1977 = VERTEX_POINT ( 'NONE', #2692 ) ;
#1978 = FILL_AREA_STYLE_COLOUR ( '', #3523 ) ;
#1979 = EDGE_CURVE ( 'NONE', #1569, #604, #3715, .T. ) ;
#1980 = ORIENTED_EDGE ( 'NONE', *, *, #945, .T. ) ;
#1981 = VECTOR ( 'NONE', #3521, 1000.000000000000000 ) ;
#1982 = LINE ( 'NONE', #3313, #1064 ) ;
#1983 = CARTESIAN_POINT ( 'NONE',  ( -0.6750000000000013767, 0.05000000000000000278, 1.250000000000000000 ) ) ;
#1984 = DIRECTION ( 'NONE',  ( 1.000000000000000000, 0.000000000000000000, 1.734723475976806848E-16 ) ) ;
#1985 = ADVANCED_FACE ( 'NONE', ( #3409 ), #4065, .T. ) ;
#1986 = VECTOR ( 'NONE', #3577, 1000.000000000000000 ) ;
#1987 = ORIENTED_EDGE ( 'NONE', *, *, #906, .F. ) ;
#1988 = VECTOR ( 'NONE', #2213, 1000.000000000000000 ) ;
#1989 = DIRECTION ( 'NONE',  ( 1.000000000000000000, 0.000000000000000000, 1.734723475976806848E-16 ) ) ;
#1990 = CARTESIAN_POINT ( 'NONE',  ( 0.6749999999999993783, 0.2000000000000000111, 0.3000000000000017653 ) ) ;
#1991 = VERTEX_POINT ( 'NONE', #2360 ) ;
#1992 = VECTOR ( 'NONE', #3758, 1000.000000000000000 ) ;
#1993 = VERTEX_POINT ( 'NONE', #3692 ) ;
#1994 = CARTESIAN_POINT ( 'NONE',  ( 0.6749999999999991562, 0.05000000000000000278, -1.250000000000000000 ) ) ;
#1995 = DIRECTION ( 'NONE',  ( -0.000000000000000000, -1.000000000000000000, 0.000000000000000000 ) ) ;
#1996 = DIRECTION ( 'NONE',  ( 1.734723475976806848E-16, 0.000000000000000000, -1.000000000000000000 ) ) ;
#1997 = ORIENTED_EDGE ( 'NONE', *, *, #596, .F. ) ;
#1998 = DIRECTION ( 'NONE',  ( 0.000000000000000000, -1.000000000000000000, 0.000000000000000000 ) ) ;
#1999 = EDGE_CURVE ( 'NONE', #4117, #2548, #3998, .T. ) ;
#2000 = EDGE_CURVE ( 'NONE', #1768, #847, #709, .T. ) ;
#2001 = SURFACE_STYLE_USAGE ( .BOTH. , #3024 ) ;
#2002 = ORIENTED_EDGE ( 'NONE', *, *, #1904, .F. ) ;
#2003 = PLANE ( 'NONE',  #1684 ) ;
#2004 = EDGE_CURVE ( 'NONE', #1360, #1710, #1356, .T. ) ;
#2005 = DIRECTION ( 'NONE',  ( -1.000000000000000000, 0.000000000000000000, 1.561251128379127963E-15 ) ) ;
#2006 = FACE_OUTER_BOUND ( 'NONE', #2495, .T. ) ;
#2007 = DIRECTION ( 'NONE',  ( -0.000000000000000000, -1.000000000000000000, 0.000000000000000000 ) ) ;
#2008 = UNCERTAINTY_MEASURE_WITH_UNIT (LENGTH_MEASURE( 1.000000000000000082E-05 ), #3603, 'distance_accuracy_value', 'NONE');
#2009 = ORIENTED_EDGE ( 'NONE', *, *, #3234, .F. ) ;
#2010 = EDGE_CURVE ( 'NONE', #2284, #1360, #3125, .T. ) ;
#2011 = DIRECTION ( 'NONE',  ( -1.000000000000000000, 0.000000000000000000, 1.561251128379127765E-15 ) ) ;
#2012 = DIRECTION ( 'NONE',  ( -1.000000000000000000, 0.000000000000000000, -1.908195823574487804E-15 ) ) ;
#2013 = FACE_OUTER_BOUND ( 'NONE', #3332, .T. ) ;
#2014 = ORIENTED_EDGE ( 'NONE', *, *, #4254, .T. ) ;
#2015 = VERTEX_POINT ( 'NONE', #2142 ) ;
#2016 = EDGE_CURVE ( 'NONE', #881, #3495, #1812, .T. ) ;
#2017 = LINE ( 'NONE', #4028, #2873 ) ;
#2018 = FACE_OUTER_BOUND ( 'NONE', #1415, .T. ) ;
#2019 = CARTESIAN_POINT ( 'NONE',  ( 0.6749999999999996003, 0.000000000000000000, -1.099999999999998312 ) ) ;
#2020 = EDGE_LOOP ( 'NONE', ( #525, #3189, #1459, #3808 ) ) ;
#2021 = CARTESIAN_POINT ( 'NONE',  ( 0.4249999999999994893, 0.5201562118716424044, -0.6999999999999985123 ) ) ;
#2022 = VERTEX_POINT ( 'NONE', #2794 ) ;
#2023 = CARTESIAN_POINT ( 'NONE',  ( 0.2000000000000000944, 0.05000000000000000278, 3.469446951953615421E-17 ) ) ;
#2024 = DIRECTION ( 'NONE',  ( 1.000000000000000000, 0.000000000000000000, 1.734723475976806848E-16 ) ) ;
#2025 = AXIS2_PLACEMENT_3D ( 'NONE', #443, #4018, #1790 ) ;
#2026 = LINE ( 'NONE', #661, #2963 ) ;
#2027 = CARTESIAN_POINT ( 'NONE',  ( -2.775557561562890858E-16, 0.2000000000000000111, 1.600000000000000089 ) ) ;
#2028 = EDGE_CURVE ( 'NONE', #1321, #1387, #2774, .T. ) ;
#2029 = VECTOR ( 'NONE', #326, 1000.000000000000000 ) ;
#2030 = VECTOR ( 'NONE', #1407, 1000.000000000000000 ) ;
#2031 = ORIENTED_EDGE ( 'NONE', *, *, #194, .F. ) ;
#2032 = FILL_AREA_STYLE_COLOUR ( '', #2380 ) ;
#2033 = LINE ( 'NONE', #3365, #1011 ) ;
#2034 = VECTOR ( 'NONE', #2393, 1000.000000000000000 ) ;
#2035 = DIRECTION ( 'NONE',  ( -1.561251128379127963E-15, 0.000000000000000000, -1.000000000000000000 ) ) ;
#2036 = ADVANCED_FACE ( 'NONE', ( #772 ), #140, .T. ) ;
#2037 = ORIENTED_EDGE ( 'NONE', *, *, #2279, .F. ) ;
#2038 = VECTOR ( 'NONE', #985, 1000.000000000000000 ) ;
#2039 = CARTESIAN_POINT ( 'NONE',  ( -0.6749999999999994893, 0.000000000000000000, 0.9000000000000013545 ) ) ;
#2040 = LINE ( 'NONE', #1734, #156 ) ;
#2041 = LINE ( 'NONE', #4005, #37 ) ;
#2042 = EDGE_CURVE ( 'NONE', #2721, #3857, #4084, .T. ) ;
#2043 = VERTEX_POINT ( 'NONE', #96 ) ;
#2044 = CARTESIAN_POINT ( 'NONE',  ( -0.4249999999999996003, 0.05000000000000000278, -7.372574772901422756E-17 ) ) ;
#2045 = SURFACE_SIDE_STYLE ('',( #2067 ) ) ;
#2046 = VERTEX_POINT ( 'NONE', #1100 ) ;
#2047 = CARTESIAN_POINT ( 'NONE',  ( 0.4249999999999993228, 0.000000000000000000, 0.3000000000000012657 ) ) ;
#2048 = CARTESIAN_POINT ( 'NONE',  ( 1.734723475976808820E-16, 0.05000000000000000278, -1.000000000000001110 ) ) ;
#2049 = CARTESIAN_POINT ( 'NONE',  ( 0.4249999999999994893, 0.2000000000000000111, -0.6999999999999985123 ) ) ;
#2050 = VECTOR ( 'NONE', #1716, 1000.000000000000000 ) ;
#2051 = LINE ( 'NONE', #3754, #983 ) ;
#2052 = VECTOR ( 'NONE', #2793, 1000.000000000000000 ) ;
#2053 = ORIENTED_EDGE ( 'NONE', *, *, #459, .F. ) ;
#2054 = VERTEX_POINT ( 'NONE', #3474 ) ;
#2055 = DIRECTION ( 'NONE',  ( 0.000000000000000000, 0.000000000000000000, 1.000000000000000000 ) ) ;
#2056 = DIRECTION ( 'NONE',  ( -1.000000000000000000, 0.000000000000000000, 1.561251128379127963E-15 ) ) ;
#2057 = VECTOR ( 'NONE', #1047, 1000.000000000000000 ) ;
#2058 = ORIENTED_EDGE ( 'NONE', *, *, #421, .F. ) ;
#2059 = ORIENTED_EDGE ( 'NONE', *, *, #1999, .F. ) ;
#2060 = PLANE ( 'NONE',  #3431 ) ;
#2061 = PLANE ( 'NONE',  #2100 ) ;
#2062 = DIRECTION ( 'NONE',  ( -1.000000000000000000, 0.000000000000000000, -1.734723475976806848E-16 ) ) ;
#2063 = ORIENTED_EDGE ( 'NONE', *, *, #4118, .T. ) ;
#2064 = FACE_OUTER_BOUND ( 'NONE', #1220, .T. ) ;
#2065 = VECTOR ( 'NONE', #1226, 1000.000000000000000 ) ;
#2066 = ADVANCED_FACE ( 'NONE', ( #3430 ), #3781, .T. ) ;
#2067 = SURFACE_STYLE_FILL_AREA ( #3701 ) ;
#2068 = ORIENTED_EDGE ( 'NONE', *, *, #3840, .F. ) ;
#2069 = DIRECTION ( 'NONE',  ( 0.000000000000000000, 1.000000000000000000, 0.000000000000000000 ) ) ;
#2070 = EDGE_CURVE ( 'NONE', #3755, #4130, #1418, .T. ) ;
#2071 = CARTESIAN_POINT ( 'NONE',  ( -0.6750000000000013767, 0.05000000000000000278, -0.2999999999999987121 ) ) ;
#2072 = DIRECTION ( 'NONE',  ( -1.000000000000000000, 0.000000000000000000, 0.000000000000000000 ) ) ;
#2073 = LINE ( 'NONE', #1048, #502 ) ;
#2074 = VERTEX_POINT ( 'NONE', #3103 ) ;
#2075 = ORIENTED_EDGE ( 'NONE', *, *, #3950, .T. ) ;
#2076 = CARTESIAN_POINT ( 'NONE',  ( -0.4249999999999997113, 0.1999999999999999833, 0.7000000000000010658 ) ) ;
#2077 = CARTESIAN_POINT ( 'NONE',  ( 0.4249999999999992117, 0.5201562118716424044, 0.9000000000000015765 ) ) ;
#2078 = ORIENTED_EDGE ( 'NONE', *, *, #596, .T. ) ;
#2079 = LINE ( 'NONE', #1143, #1968 ) ;
#2080 = CARTESIAN_POINT ( 'NONE',  ( -0.2565700493459898701, 0.8000000000000000444, -0.9846742545641591349 ) ) ;
#2081 = LINE ( 'NONE', #327, #524 ) ;
#2082 = ADVANCED_FACE ( 'NONE', ( #118 ), #1440, .F. ) ;
#2083 = ORIENTED_EDGE ( 'NONE', *, *, #2550, .T. ) ;
#2084 = FACE_OUTER_BOUND ( 'NONE', #2382, .T. ) ;
#2085 = ORIENTED_EDGE ( 'NONE', *, *, #1110, .T. ) ;
#2086 = EDGE_CURVE ( 'NONE', #1837, #1993, #3452, .T. ) ;
#2087 = PLANE ( 'NONE',  #4229 ) ;
#2088 = LINE ( 'NONE', #2813, #2378 ) ;
#2089 = PLANE ( 'NONE',  #3241 ) ;
#2090 = CARTESIAN_POINT ( 'NONE',  ( -0.4249999999999996003, 0.1999999999999999833, 0.1000000000000014905 ) ) ;
#2091 = EDGE_CURVE ( 'NONE', #130, #2970, #48, .T. ) ;
#2092 = VERTEX_POINT ( 'NONE', #3028 ) ;
#2093 = EDGE_LOOP ( 'NONE', ( #3972, #329, #1804, #4174 ) ) ;
#2094 = PLANE ( 'NONE',  #1918 ) ;
#2095 = DIRECTION ( 'NONE',  ( -1.000000000000000000, 0.000000000000000000, -1.734723475976806848E-16 ) ) ;
#2096 = VECTOR ( 'NONE', #3019, 1000.000000000000000 ) ;
#2097 = ORIENTED_EDGE ( 'NONE', *, *, #2347, .T. ) ;
#2098 = EDGE_LOOP ( 'NONE', ( #1141, #2938, #3769, #4318 ) ) ;
#2099 = LINE ( 'NONE', #2428, #3357 ) ;
#2100 = AXIS2_PLACEMENT_3D ( 'NONE', #2408, #410, #2696 ) ;
#2101 = DIRECTION ( 'NONE',  ( 0.000000000000000000, 0.000000000000000000, 1.000000000000000000 ) ) ;
#2102 = AXIS2_PLACEMENT_3D ( 'NONE', #2832, #1113, #2194 ) ;
#2103 = CARTESIAN_POINT ( 'NONE',  ( -0.4249999999999994893, 0.04999999999999999584, -0.6999999999999987343 ) ) ;
#2104 = AXIS2_PLACEMENT_3D ( 'NONE', #1475, #4078, #1093 ) ;
#2105 = ORIENTED_EDGE ( 'NONE', *, *, #1504, .F. ) ;
#2106 =( NAMED_UNIT ( * ) SI_UNIT ( $, .STERADIAN. ) SOLID_ANGLE_UNIT ( ) );
#2107 = EDGE_CURVE ( 'NONE', #4086, #1101, #3682, .T. ) ;
#2108 = FILL_AREA_STYLE ('',( #129 ) ) ;
#2109 = VERTEX_POINT ( 'NONE', #2392 ) ;
#2110 = CARTESIAN_POINT ( 'NONE',  ( 0.4249999999999992117, 0.04999999999999999584, 0.9000000000000015765 ) ) ;
#2111 = FACE_OUTER_BOUND ( 'NONE', #1261, .T. ) ;
#2112 = CARTESIAN_POINT ( 'NONE',  ( 4.683753385137390988E-16, 0.05000000000000000278, 0.3000000000000004885 ) ) ;
#2113 = EDGE_CURVE ( 'NONE', #2204, #1597, #1740, .T. ) ;
#2114 = DIRECTION ( 'NONE',  ( 1.000000000000000000, 0.000000000000000000, 1.734723475976806848E-16 ) ) ;
#2115 = VERTEX_POINT ( 'NONE', #438 ) ;
#2116 = CARTESIAN_POINT ( 'NONE',  ( -0.6749999999999992673, 0.1999999999999999833, -0.4999999999999986122 ) ) ;
#2117 = ADVANCED_FACE ( 'NONE', ( #377 ), #2682, .F. ) ;
#2118 = DIRECTION ( 'NONE',  ( -1.000000000000000000, 0.000000000000000000, -1.734723475976806848E-16 ) ) ;
#2119 = AXIS2_PLACEMENT_3D ( 'NONE', #1040, #2982, #2675 ) ;
#2120 = ORIENTED_EDGE ( 'NONE', *, *, #194, .T. ) ;
#2121 = ORIENTED_EDGE ( 'NONE', *, *, #1825, .F. ) ;
#2122 = DIRECTION ( 'NONE',  ( -1.000000000000000000, 0.000000000000000000, -1.734723475976806848E-16 ) ) ;
#2123 = CARTESIAN_POINT ( 'NONE',  ( 0.4249999999999994893, 0.2000000000000000111, -0.4999999999999988343 ) ) ;
#2124 = AXIS2_PLACEMENT_3D ( 'NONE', #2514, #4112, #2453 ) ;
#2125 = DIRECTION ( 'NONE',  ( 1.000000000000000000, 0.000000000000000000, 1.734723475976806848E-16 ) ) ;
#2126 = ORIENTED_EDGE ( 'NONE', *, *, #2672, .F. ) ;
#2127 = AXIS2_PLACEMENT_3D ( 'NONE', #854, #3890, #2203 ) ;
#2128 = VERTEX_POINT ( 'NONE', #4014 ) ;
#2129 = FILL_AREA_STYLE_COLOUR ( '', #954 ) ;
#2130 = COLOUR_RGB ( '',0.7921568627450980005, 0.8196078431372548767, 0.9333333333333333481 ) ;
#2131 = ORIENTED_EDGE ( 'NONE', *, *, #1018, .T. ) ;
#2132 = EDGE_CURVE ( 'NONE', #3636, #2275, #1071, .T. ) ;
#2133 = AXIS2_PLACEMENT_3D ( 'NONE', #489, #1748, #2118 ) ;
#2134 = PLANE ( 'NONE',  #84 ) ;
#2135 = CARTESIAN_POINT ( 'NONE',  ( -0.4249999999999998224, 0.1999999999999999833, 1.100000000000001199 ) ) ;
#2136 = PLANE ( 'NONE',  #3658 ) ;
#2137 = COLOUR_RGB ( '',0.7921568627450980005, 0.8196078431372548767, 0.9333333333333333481 ) ;
#2138 = ADVANCED_FACE ( 'NONE', ( #1045 ), #2369, .F. ) ;
#2139 = ORIENTED_EDGE ( 'NONE', *, *, #2805, .F. ) ;
#2140 = ORIENTED_EDGE ( 'NONE', *, *, #2000, .F. ) ;
#2141 = LINE ( 'NONE', #3798, #249 ) ;
#2142 = CARTESIAN_POINT ( 'NONE',  ( -0.6749999999999992673, 0.1999999999999999833, -0.8999999999999985789 ) ) ;
#2143 = ORIENTED_EDGE ( 'NONE', *, *, #1370, .F. ) ;
#2144 = ORIENTED_EDGE ( 'NONE', *, *, #2325, .T. ) ;
#2145 = EDGE_CURVE ( 'NONE', #3745, #4117, #1325, .T. ) ;
#2146 = DIRECTION ( 'NONE',  ( 1.734723475976807094E-16, 0.000000000000000000, -1.000000000000000000 ) ) ;
#2147 = PLANE ( 'NONE',  #1627 ) ;
#2148 = EDGE_LOOP ( 'NONE', ( #888, #3060, #2002, #540 ) ) ;
#2149 = ORIENTED_EDGE ( 'NONE', *, *, #34, .F. ) ;
#2150 = ADVANCED_FACE ( 'NONE', ( #3054 ), #2087, .F. ) ;
#2151 = CARTESIAN_POINT ( 'NONE',  ( 0.4249999999999993228, 0.5201562118716424044, 0.3000000000000012657 ) ) ;
#2152 = FACE_OUTER_BOUND ( 'NONE', #471, .T. ) ;
#2153 = CARTESIAN_POINT ( 'NONE',  ( -0.6749999999999992673, 0.2000000000000000111, -0.4999999999999986122 ) ) ;
#2154 = ORIENTED_EDGE ( 'NONE', *, *, #70, .T. ) ;
#2155 = CARTESIAN_POINT ( 'NONE',  ( 0.000000000000000000, 0.000000000000000000, 0.000000000000000000 ) ) ;
#2156 = DIRECTION ( 'NONE',  ( -1.734723475976806848E-16, 0.000000000000000000, 1.000000000000000000 ) ) ;
#2157 = CARTESIAN_POINT ( 'NONE',  ( -0.4249999999999995448, 0.5201562118716424044, -0.2999999999999985456 ) ) ;
#2158 = DIRECTION ( 'NONE',  ( -1.734723475976806848E-16, 0.000000000000000000, 1.000000000000000000 ) ) ;
#2159 = LINE ( 'NONE', #1836, #806 ) ;
#2160 = EDGE_CURVE ( 'NONE', #3415, #1951, #2326, .T. ) ;
#2161 = ORIENTED_EDGE ( 'NONE', *, *, #1258, .T. ) ;
#2162 = ORIENTED_EDGE ( 'NONE', *, *, #3291, .F. ) ;
#2163 = DIRECTION ( 'NONE',  ( 1.000000000000000000, -0.000000000000000000, 1.734723475976806848E-16 ) ) ;
#2164 = DIRECTION ( 'NONE',  ( 1.000000000000000000, 0.000000000000000000, 1.908195823574487804E-15 ) ) ;
#2165 = AXIS2_PLACEMENT_3D ( 'NONE', #1033, #2667, #3339 ) ;
#2166 = ADVANCED_FACE ( 'NONE', ( #352 ), #1026, .F. ) ;
#2167 = ORIENTED_EDGE ( 'NONE', *, *, #1042, .T. ) ;
#2168 = VERTEX_POINT ( 'NONE', #3401 ) ;
#2169 = VECTOR ( 'NONE', #2609, 1000.000000000000000 ) ;
#2170 = VECTOR ( 'NONE', #1958, 1000.000000000000000 ) ;
#2171 = DIRECTION ( 'NONE',  ( -0.000000000000000000, -1.000000000000000000, 0.000000000000000000 ) ) ;
#2172 = LINE ( 'NONE', #3527, #4295 ) ;
#2173 = ADVANCED_FACE ( 'NONE', ( #1388 ), #2418, .F. ) ;
#2174 = VECTOR ( 'NONE', #1975, 1000.000000000000000 ) ;
#2175 = ORIENTED_EDGE ( 'NONE', *, *, #3549, .F. ) ;
#2176 = LINE ( 'NONE', #131, #850 ) ;
#2177 = CARTESIAN_POINT ( 'NONE',  ( -0.4249999999999993783, 0.04999999999999999584, -1.099999999999998535 ) ) ;
#2178 = CARTESIAN_POINT ( 'NONE',  ( -0.6749999999999991562, 0.2000000000000000111, -1.099999999999998757 ) ) ;
#2179 = SURFACE_STYLE_FILL_AREA ( #532 ) ;
#2180 = CARTESIAN_POINT ( 'NONE',  ( 0.2000000000000002609, 0.000000000000000000, -1.000000000000001110 ) ) ;
#2181 = ORIENTED_EDGE ( 'NONE', *, *, #2091, .T. ) ;
#2182 = VERTEX_POINT ( 'NONE', #3419 ) ;
#2183 = SURFACE_STYLE_USAGE ( .BOTH. , #1508 ) ;
#2184 = LINE ( 'NONE', #2579, #1489 ) ;
#2185 = ORIENTED_EDGE ( 'NONE', *, *, #3530, .T. ) ;
#2186 = VECTOR ( 'NONE', #295, 1000.000000000000000 ) ;
#2187 = LINE ( 'NONE', #560, #4263 ) ;
#2188 = CARTESIAN_POINT ( 'NONE',  ( -0.4249999999999996003, 0.2000000000000000111, -0.09999999999999892308 ) ) ;
#2189 = PRESENTATION_STYLE_ASSIGNMENT (( #863 ) ) ;
#2190 = DIRECTION ( 'NONE',  ( -1.734723475976806848E-16, 0.000000000000000000, 1.000000000000000000 ) ) ;
#2191 = CIRCLE ( 'NONE', #810, 0.1251538907493651431 ) ;
#2192 = VERTEX_POINT ( 'NONE', #765 ) ;
#2193 = EDGE_CURVE ( 'NONE', #3410, #3962, #3095, .T. ) ;
#2194 = DIRECTION ( 'NONE',  ( 1.734723475976806848E-16, 0.000000000000000000, -1.000000000000000000 ) ) ;
#2195 = MECHANICAL_DESIGN_GEOMETRIC_PRESENTATION_REPRESENTATION (  '', ( #2690 ), #2264 ) ;
#2196 = SURFACE_SIDE_STYLE ('',( #614 ) ) ;
#2197 = DIRECTION ( 'NONE',  ( -1.000000000000000000, 0.000000000000000000, 1.561251128379127765E-15 ) ) ;
#2198 = FACE_OUTER_BOUND ( 'NONE', #3619, .T. ) ;
#2199 = VECTOR ( 'NONE', #2744, 1000.000000000000000 ) ;
#2200 = EDGE_CURVE ( 'NONE', #3257, #2417, #2659, .T. ) ;
#2201 = CARTESIAN_POINT ( 'NONE',  ( 0.4249999999999993783, 0.5201562118716424044, 0.1000000000000016293 ) ) ;
#2202 = VECTOR ( 'NONE', #853, 1000.000000000000000 ) ;
#2203 = DIRECTION ( 'NONE',  ( 1.734723475976806848E-16, 0.000000000000000000, -1.000000000000000000 ) ) ;
#2204 = VERTEX_POINT ( 'NONE', #1724 ) ;
#2205 = STYLED_ITEM ( 'NONE', ( #1448 ), #243 ) ;
#2206 = ORIENTED_EDGE ( 'NONE', *, *, #2347, .F. ) ;
#2207 = CARTESIAN_POINT ( 'NONE',  ( -0.6749999999999993783, 0.000000000000000000, -0.09999999999999853451 ) ) ;
#2208 = ORIENTED_EDGE ( 'NONE', *, *, #609, .F. ) ;
#2209 = VERTEX_POINT ( 'NONE', #3662 ) ;
#2210 = DIRECTION ( 'NONE',  ( 0.000000000000000000, -1.000000000000000000, 0.000000000000000000 ) ) ;
#2211 = CARTESIAN_POINT ( 'NONE',  ( -0.6749999999999993783, 0.2000000000000000111, 0.3000000000000015432 ) ) ;
#2212 = SURFACE_SIDE_STYLE ('',( #3876 ) ) ;
#2213 = DIRECTION ( 'NONE',  ( -0.000000000000000000, -1.000000000000000000, 0.000000000000000000 ) ) ;
#2214 = ADVANCED_FACE ( 'NONE', ( #681 ), #2003, .F. ) ;
#2215 = ORIENTED_EDGE ( 'NONE', *, *, #459, .T. ) ;
#2216 = CARTESIAN_POINT ( 'NONE',  ( -0.4249999999999994893, 0.000000000000000000, -0.6999999999999987343 ) ) ;
#2217 = EDGE_LOOP ( 'NONE', ( #4131, #976, #190, #3522 ) ) ;
#2218 = CARTESIAN_POINT ( 'NONE',  ( -0.4249999999999994893, 0.2000000000000000111, -0.6999999999999987343 ) ) ;
#2219 = LINE ( 'NONE', #1897, #1818 ) ;
#2220 = ADVANCED_FACE ( 'NONE', ( #1348 ), #3118, .F. ) ;
#2221 = CARTESIAN_POINT ( 'NONE',  ( 0.6749999999999994893, 0.5201562118716424044, -0.8999999999999983569 ) ) ;
#2222 = LINE ( 'NONE', #1922, #956 ) ;
#2223 = DIRECTION ( 'NONE',  ( 1.000000000000000000, 0.000000000000000000, 1.734723475976806848E-16 ) ) ;
#2224 = ADVANCED_FACE ( 'NONE', ( #1806 ), #2438, .F. ) ;
#2225 = ORIENTED_EDGE ( 'NONE', *, *, #433, .F. ) ;
#2226 = LINE ( 'NONE', #3936, #3218 ) ;
#2227 = DIRECTION ( 'NONE',  ( 0.000000000000000000, -1.000000000000000000, 0.000000000000000000 ) ) ;
#2228 = ORIENTED_EDGE ( 'NONE', *, *, #3982, .F. ) ;
#2229 = ORIENTED_EDGE ( 'NONE', *, *, #1546, .T. ) ;
#2230 = DIRECTION ( 'NONE',  ( 1.734723475976806848E-16, 0.000000000000000000, -1.000000000000000000 ) ) ;
#2231 = VECTOR ( 'NONE', #1586, 1000.000000000000000 ) ;
#2232 = DIRECTION ( 'NONE',  ( 1.000000000000000000, 0.000000000000000000, 1.734723475976806848E-16 ) ) ;
#2233 = FACE_OUTER_BOUND ( 'NONE', #1081, .T. ) ;
#2234 = VECTOR ( 'NONE', #1287, 1000.000000000000000 ) ;
#2235 = VERTEX_POINT ( 'NONE', #3443 ) ;
#2236 = DIRECTION ( 'NONE',  ( 0.000000000000000000, -1.000000000000000000, 0.000000000000000000 ) ) ;
#2237 = ORIENTED_EDGE ( 'NONE', *, *, #2920, .F. ) ;
#2238 = DIRECTION ( 'NONE',  ( 1.734723475976806848E-16, 0.000000000000000000, -1.000000000000000000 ) ) ;
#2239 = VECTOR ( 'NONE', #4009, 1000.000000000000000 ) ;
#2240 = CARTESIAN_POINT ( 'NONE',  ( -0.6749999999999992673, 0.2000000000000000111, -0.8999999999999985789 ) ) ;
#2241 = DIRECTION ( 'NONE',  ( 1.908195823574487804E-15, 0.000000000000000000, -1.000000000000000000 ) ) ;
#2242 = VECTOR ( 'NONE', #2673, 1000.000000000000000 ) ;
#2243 = ADVANCED_FACE ( 'NONE', ( #3771 ), #3182, .T. ) ;
#2244 = FACE_OUTER_BOUND ( 'NONE', #3211, .T. ) ;
#2245 = DIRECTION ( 'NONE',  ( 1.000000000000000000, -0.000000000000000000, -1.561251128379127765E-15 ) ) ;
#2246 = DIRECTION ( 'NONE',  ( -1.734723475976806848E-16, 0.000000000000000000, 1.000000000000000000 ) ) ;
#2247 = VERTEX_POINT ( 'NONE', #3835 ) ;
#2248 = ADVANCED_FACE ( 'NONE', ( #4165 ), #2134, .T. ) ;
#2249 = SURFACE_STYLE_FILL_AREA ( #1252 ) ;
#2250 = CARTESIAN_POINT ( 'NONE',  ( -0.4249999999999994893, 0.2000000000000000111, -0.6999999999999987343 ) ) ;
#2251 = VERTEX_POINT ( 'NONE', #2110 ) ;
#2252 = ORIENTED_EDGE ( 'NONE', *, *, #2289, .F. ) ;
#2253 = CARTESIAN_POINT ( 'NONE',  ( 0.2000000000000002609, 0.2000000000000000944, -1.000000000000001110 ) ) ;
#2254 = CARTESIAN_POINT ( 'NONE',  ( -3.469446951953613696E-16, 0.000000000000000000, 2.000000000000000000 ) ) ;
#2255 = PLANE ( 'NONE',  #3795 ) ;
#2256 = VECTOR ( 'NONE', #2055, 1000.000000000000000 ) ;
#2257 = ORIENTED_EDGE ( 'NONE', *, *, #920, .F. ) ;
#2258 = LINE ( 'NONE', #1582, #2935 ) ;
#2259 = ORIENTED_EDGE ( 'NONE', *, *, #47, .T. ) ;
#2260 = LINE ( 'NONE', #1916, #1404 ) ;
#2261 = CARTESIAN_POINT ( 'NONE',  ( -0.4249999999999996003, 0.5201562118716424044, 0.1000000000000014905 ) ) ;
#2262 = VECTOR ( 'NONE', #874, 1000.000000000000000 ) ;
#2263 = EDGE_CURVE ( 'NONE', #426, #209, #4099, .T. ) ;
#2264 =( GEOMETRIC_REPRESENTATION_CONTEXT ( 3 ) GLOBAL_UNCERTAINTY_ASSIGNED_CONTEXT ( ( #3010 ) ) GLOBAL_UNIT_ASSIGNED_CONTEXT ( ( #2720, #3051, #1783 ) ) REPRESENTATION_CONTEXT ( 'NONE', 'WORKASPACE' ) );
#2265 = LINE ( 'NONE', #143, #3773 ) ;
#2266 = DIRECTION ( 'NONE',  ( 0.000000000000000000, 1.000000000000000000, 0.000000000000000000 ) ) ;
#2267 = DIRECTION ( 'NONE',  ( 1.000000000000000000, 0.000000000000000000, 1.908195823574487804E-15 ) ) ;
#2268 = ADVANCED_FACE ( 'NONE', ( #461 ), #547, .F. ) ;
#2269 = ORIENTED_EDGE ( 'NONE', *, *, #1216, .T. ) ;
#2270 = VECTOR ( 'NONE', #3648, 1000.000000000000000 ) ;
#2271 = DIRECTION ( 'NONE',  ( 0.000000000000000000, 1.000000000000000000, 0.000000000000000000 ) ) ;
#2272 = DIRECTION ( 'NONE',  ( -1.734723475976806848E-16, 0.000000000000000000, 1.000000000000000000 ) ) ;
#2273 = ADVANCED_FACE ( 'NONE', ( #2786 ), #1872, .T. ) ;
#2274 = ORIENTED_EDGE ( 'NONE', *, *, #2454, .F. ) ;
#2275 = VERTEX_POINT ( 'NONE', #3160 ) ;
#2276 = DIRECTION ( 'NONE',  ( -1.000000000000000000, 0.000000000000000000, -1.734723475976806848E-16 ) ) ;
#2277 = PLANE ( 'NONE',  #2934 ) ;
#2278 = FACE_OUTER_BOUND ( 'NONE', #2955, .T. ) ;
#2279 = EDGE_CURVE ( 'NONE', #770, #1688, #1336, .T. ) ;
#2280 = ORIENTED_EDGE ( 'NONE', *, *, #4170, .F. ) ;
#2281 = CARTESIAN_POINT ( 'NONE',  ( 5.204170427930394782E-17, 0.05000000000000000278, -0.2999999999999984901 ) ) ;
#2282 = ORIENTED_EDGE ( 'NONE', *, *, #4020, .T. ) ;
#2283 = LINE ( 'NONE', #3905, #2371 ) ;
#2284 = VERTEX_POINT ( 'NONE', #868 ) ;
#2285 = DIRECTION ( 'NONE',  ( 1.000000000000000000, 0.000000000000000000, 1.734723475976806848E-16 ) ) ;
#2286 = LINE ( 'NONE', #4038, #2057 ) ;
#2287 = VERTEX_POINT ( 'NONE', #1787 ) ;
#2288 = SURFACE_STYLE_USAGE ( .BOTH. , #3364 ) ;
#2289 = EDGE_CURVE ( 'NONE', #2612, #3985, #2176, .T. ) ;
#2290 = PLANE ( 'NONE',  #1563 ) ;
#2291 = LINE ( 'NONE', #3855, #1293 ) ;
#2292 = ORIENTED_EDGE ( 'NONE', *, *, #3549, .T. ) ;
#2293 = ORIENTED_EDGE ( 'NONE', *, *, #3642, .T. ) ;
#2294 = CARTESIAN_POINT ( 'NONE',  ( 0.6749999999999993783, 0.000000000000000000, -0.2999999999999983791 ) ) ;
#2295 = DIRECTION ( 'NONE',  ( 0.000000000000000000, -1.000000000000000000, 0.000000000000000000 ) ) ;
#2296 =( NAMED_UNIT ( * ) SI_UNIT ( $, .STERADIAN. ) SOLID_ANGLE_UNIT ( ) );
#2297 = EDGE_CURVE ( 'NONE', #4130, #907, #1452, .T. ) ;
#2298 = ORIENTED_EDGE ( 'NONE', *, *, #920, .T. ) ;
#2299 = CARTESIAN_POINT ( 'NONE',  ( -0.4249999999999994893, 0.2000000000000000111, -0.4999999999999990563 ) ) ;
#2300 = ADVANCED_FACE ( 'NONE', ( #4119 ), #1133, .F. ) ;
#2301 = SURFACE_STYLE_FILL_AREA ( #3331 ) ;
#2302 = PRESENTATION_LAYER_ASSIGNMENT (  '', '', ( #1474 ) ) ;
#2303 = VERTEX_POINT ( 'NONE', #1515 ) ;
#2304 = VECTOR ( 'NONE', #884, 1000.000000000000000 ) ;
#2305 = AXIS2_PLACEMENT_3D ( 'NONE', #278, #2276, #1885 ) ;
#2306 = CARTESIAN_POINT ( 'NONE',  ( -0.4249999999999994893, 0.1999999999999999833, -0.6999999999999987343 ) ) ;
#2307 = CARTESIAN_POINT ( 'NONE',  ( -2.081668171172168513E-16, 0.000000000000000000, 1.200000000000000178 ) ) ;
#2308 = LINE ( 'NONE', #638, #1709 ) ;
#2309 = VECTOR ( 'NONE', #2715, 1000.000000000000000 ) ;
#2310 = ORIENTED_EDGE ( 'NONE', *, *, #3987, .T. ) ;
#2311 = FACE_OUTER_BOUND ( 'NONE', #980, .T. ) ;
#2312 = LINE ( 'NONE', #3322, #2270 ) ;
#2313 = EDGE_LOOP ( 'NONE', ( #2059, #901, #2713, #3828 ) ) ;
#2314 = EDGE_CURVE ( 'NONE', #2859, #4305, #1853, .T. ) ;
#2315 = ORIENTED_EDGE ( 'NONE', *, *, #407, .T. ) ;
#2316 = EDGE_CURVE ( 'NONE', #3628, #4233, #175, .T. ) ;
#2317 = DIRECTION ( 'NONE',  ( 0.000000000000000000, 1.000000000000000000, 0.000000000000000000 ) ) ;
#2318 = CARTESIAN_POINT ( 'NONE',  ( 0.6749999999999993783, 0.2000000000000000111, 0.1000000000000016848 ) ) ;
#2319 = CARTESIAN_POINT ( 'NONE',  ( -6.938893903907227145E-17, 0.2000000000000000111, 0.4000000000000000222 ) ) ;
#2320 = EDGE_CURVE ( 'NONE', #1451, #4264, #2528, .T. ) ;
#2321 = EDGE_LOOP ( 'NONE', ( #1131, #2185, #2886, #4241 ) ) ;
#2322 = LINE ( 'NONE', #3398, #3916 ) ;
#2323 = CARTESIAN_POINT ( 'NONE',  ( 0.6749999999999994893, 0.04999999999999999584, -0.6999999999999985123 ) ) ;
#2324 = ORIENTED_EDGE ( 'NONE', *, *, #305, .T. ) ;
#2325 = EDGE_CURVE ( 'NONE', #3300, #2538, #1196, .T. ) ;
#2326 = LINE ( 'NONE', #1092, #468 ) ;
#2327 = VECTOR ( 'NONE', #2358, 1000.000000000000000 ) ;
#2328 = DIRECTION ( 'NONE',  ( 0.000000000000000000, -1.000000000000000000, 0.000000000000000000 ) ) ;
#2329 = PLANE ( 'NONE',  #2698 ) ;
#2330 = DIRECTION ( 'NONE',  ( 0.000000000000000000, -1.000000000000000000, 0.000000000000000000 ) ) ;
#2331 = AXIS2_PLACEMENT_3D ( 'NONE', #2789, #4122, #3488 ) ;
#2332 = EDGE_CURVE ( 'NONE', #4296, #1628, #890, .T. ) ;
#2333 = EDGE_LOOP ( 'NONE', ( #2954, #256, #344, #902 ) ) ;
#2334 = CARTESIAN_POINT ( 'NONE',  ( -8.673617379884061357E-17, 0.05000000000000000278, 0.5000000000000015543 ) ) ;
#2335 = AXIS2_PLACEMENT_3D ( 'NONE', #3616, #309, #1960 ) ;
#2336 = CARTESIAN_POINT ( 'NONE',  ( 0.4249999999999991562, 0.5201562118716424044, 1.100000000000001199 ) ) ;
#2337 = CARTESIAN_POINT ( 'NONE',  ( 0.4249999999999995448, 0.2000000000000000111, -0.8999999999999988010 ) ) ;
#2338 = EDGE_LOOP ( 'NONE', ( #928, #1369, #1663, #3243 ) ) ;
#2339 = VECTOR ( 'NONE', #1772, 1000.000000000000000 ) ;
#2340 = ORIENTED_EDGE ( 'NONE', *, *, #3082, .T. ) ;
#2341 = DIRECTION ( 'NONE',  ( -0.000000000000000000, -1.000000000000000000, 0.000000000000000000 ) ) ;
#2342 = CARTESIAN_POINT ( 'NONE',  ( -0.6749999999999994893, 0.2000000000000000111, 0.7000000000000015099 ) ) ;
#2343 = LINE ( 'NONE', #3675, #245 ) ;
#2344 = VECTOR ( 'NONE', #1835, 1000.000000000000000 ) ;
#2345 = ORIENTED_EDGE ( 'NONE', *, *, #3432, .T. ) ;
#2346 = DIRECTION ( 'NONE',  ( 1.000000000000000000, -0.000000000000000000, 1.734723475976806848E-16 ) ) ;
#2347 = EDGE_CURVE ( 'NONE', #1728, #3789, #265, .T. ) ;
#2348 = ORIENTED_EDGE ( 'NONE', *, *, #570, .T. ) ;
#2349 = DIRECTION ( 'NONE',  ( 1.000000000000000000, 0.000000000000000000, 1.734723475976806848E-16 ) ) ;
#2350 = CYLINDRICAL_SURFACE ( 'NONE', #3149, 0.1251538907493651431 ) ;
#2351 = FILL_AREA_STYLE ('',( #2662 ) ) ;
#2352 = CARTESIAN_POINT ( 'NONE',  ( 0.000000000000000000, 0.2000000000000000111, 0.000000000000000000 ) ) ;
#2353 = EDGE_CURVE ( 'NONE', #3985, #147, #2258, .T. ) ;
#2354 = DIRECTION ( 'NONE',  ( -1.000000000000000000, 0.000000000000000000, -1.734723475976806848E-16 ) ) ;
#2355 = UNCERTAINTY_MEASURE_WITH_UNIT (LENGTH_MEASURE( 1.000000000000000082E-05 ), #953, 'distance_accuracy_value', 'NONE');
#2356 = VERTEX_POINT ( 'NONE', #612 ) ;
#2357 = PRESENTATION_STYLE_ASSIGNMENT (( #1614 ) ) ;
#2358 = DIRECTION ( 'NONE',  ( -1.000000000000000000, 0.000000000000000000, -1.908195823574487804E-15 ) ) ;
#2359 = EDGE_CURVE ( 'NONE', #2566, #2247, #586, .T. ) ;
#2360 = CARTESIAN_POINT ( 'NONE',  ( -0.6749999999999994893, 0.2000000000000000111, 0.9000000000000013545 ) ) ;
#2361 = EDGE_LOOP ( 'NONE', ( #1376, #232, #4075, #1384 ) ) ;
#2362 = CARTESIAN_POINT ( 'NONE',  ( -0.6749999999999991562, 0.2000000000000000111, -1.099999999999998757 ) ) ;
#2363 = PLANE ( 'NONE',  #849 ) ;
#2364 = FACE_OUTER_BOUND ( 'NONE', #1745, .T. ) ;
#2365 = ORIENTED_EDGE ( 'NONE', *, *, #3400, .F. ) ;
#2366 = CARTESIAN_POINT ( 'NONE',  ( 0.4249999999999992117, 0.000000000000000000, 0.9000000000000015765 ) ) ;
#2367 = CARTESIAN_POINT ( 'NONE',  ( -0.6749999999999994893, 0.5201562118716424044, 0.7000000000000015099 ) ) ;
#2368 = ORIENTED_EDGE ( 'NONE', *, *, #1231, .T. ) ;
#2369 = PLANE ( 'NONE',  #116 ) ;
#2370 = DIRECTION ( 'NONE',  ( 0.000000000000000000, -1.000000000000000000, 0.000000000000000000 ) ) ;
#2371 = VECTOR ( 'NONE', #937, 1000.000000000000000 ) ;
#2372 = DIRECTION ( 'NONE',  ( 1.734723475976806848E-16, 0.000000000000000000, -1.000000000000000000 ) ) ;
#2373 = AXIS2_PLACEMENT_3D ( 'NONE', #3130, #2620, #3930 ) ;
#2374 = AXIS2_PLACEMENT_3D ( 'NONE', #2766, #3486, #1177 ) ;
#2375 = ORIENTED_EDGE ( 'NONE', *, *, #1924, .T. ) ;
#2376 =( LENGTH_UNIT ( ) NAMED_UNIT ( * ) SI_UNIT ( .MILLI., .METRE. ) );
#2377 = DIRECTION ( 'NONE',  ( 0.000000000000000000, 1.000000000000000000, 0.000000000000000000 ) ) ;
#2378 = VECTOR ( 'NONE', #110, 1000.000000000000000 ) ;
#2379 = DIRECTION ( 'NONE',  ( -1.000000000000000000, 0.000000000000000000, -1.908195823574487804E-15 ) ) ;
#2380 = COLOUR_RGB ( '',0.2509803921568627416, 0.2509803921568627416, 0.2509803921568627416 ) ;
#2381 = EDGE_LOOP ( 'NONE', ( #2653, #491, #2345, #2917 ) ) ;
#2382 = EDGE_LOOP ( 'NONE', ( #1942, #842, #1913, #934 ) ) ;
#2383 = EDGE_CURVE ( 'NONE', #17, #2633, #1242, .T. ) ;
#2384 = AXIS2_PLACEMENT_3D ( 'NONE', #3489, #486, #894 ) ;
#2385 = CARTESIAN_POINT ( 'NONE',  ( 0.4249999999999994338, 0.2000000000000000111, -0.2999999999999984346 ) ) ;
#2386 = DIRECTION ( 'NONE',  ( 1.908195823574487804E-15, 0.000000000000000000, -1.000000000000000000 ) ) ;
#2387 = CARTESIAN_POINT ( 'NONE',  ( -0.4249999999999997669, 0.5201562118716424044, 0.9000000000000013545 ) ) ;
#2388 = ORIENTED_EDGE ( 'NONE', *, *, #2860, .F. ) ;
#2389 = EDGE_CURVE ( 'NONE', #3628, #2566, #3614, .T. ) ;
#2390 = CARTESIAN_POINT ( 'NONE',  ( 0.6749999999999991562, 0.05000000000000000278, -0.8999999999999983569 ) ) ;
#2391 = EDGE_LOOP ( 'NONE', ( #4046, #2710, #671, #4315 ) ) ;
#2392 = CARTESIAN_POINT ( 'NONE',  ( -0.4249999999999994338, 0.000000000000000000, -0.8999999999999990230 ) ) ;
#2393 = DIRECTION ( 'NONE',  ( 1.734723475976806848E-16, 0.000000000000000000, -1.000000000000000000 ) ) ;
#2394 = PLANE ( 'NONE',  #2615 ) ;
#2395 = VECTOR ( 'NONE', #1085, 1000.000000000000000 ) ;
#2396 = CARTESIAN_POINT ( 'NONE',  ( 0.6749999999999992673, 0.2000000000000000111, 0.9000000000000015765 ) ) ;
#2397 = VECTOR ( 'NONE', #183, 1000.000000000000000 ) ;
#2398 = ORIENTED_EDGE ( 'NONE', *, *, #1446, .T. ) ;
#2399 = ORIENTED_EDGE ( 'NONE', *, *, #2893, .T. ) ;
#2400 = CARTESIAN_POINT ( 'NONE',  ( -0.4249999999999997113, 0.2000000000000000111, 0.7000000000000010658 ) ) ;
#2401 = CARTESIAN_POINT ( 'NONE',  ( -0.4249999999999996558, 0.2000000000000000111, 0.3000000000000011546 ) ) ;
#2402 = EDGE_CURVE ( 'NONE', #2168, #3688, #3264, .T. ) ;
#2403 = VECTOR ( 'NONE', #2532, 1000.000000000000000 ) ;
#2404 = EDGE_LOOP ( 'NONE', ( #3476, #1008, #2735, #820 ) ) ;
#2405 = EDGE_LOOP ( 'NONE', ( #3791, #4209, #127, #322 ) ) ;
#2406 = COLOUR_RGB ( '',0.7921568627450980005, 0.8196078431372548767, 0.9333333333333333481 ) ;
#2407 = LINE ( 'NONE', #3761, #4198 ) ;
#2408 = CARTESIAN_POINT ( 'NONE',  ( -0.6750000000000013767, 4.441214529035074854, 1.250000000000000000 ) ) ;
#2409 = LINE ( 'NONE', #4070, #2472 ) ;
#2410 = ADVANCED_FACE ( 'NONE', ( #2961 ), #3925, .T. ) ;
#2411 = VECTOR ( 'NONE', #4036, 1000.000000000000000 ) ;
#2412 = EDGE_LOOP ( 'NONE', ( #4035, #2324, #3212, #2865 ) ) ;
#2413 = LINE ( 'NONE', #696, #1467 ) ;
#2414 = CLOSED_SHELL ( 'NONE', ( #1810, #3417, #2066, #623 ) ) ;
#2415 = DIRECTION ( 'NONE',  ( 1.000000000000000000, -0.000000000000000000, 1.734723475976806848E-16 ) ) ;
#2416 = EDGE_CURVE ( 'NONE', #1330, #2909, #283, .T. ) ;
#2417 = VERTEX_POINT ( 'NONE', #2568 ) ;
#2418 = PLANE ( 'NONE',  #4019 ) ;
#2419 = CARTESIAN_POINT ( 'NONE',  ( 0.6749999999999992673, 0.2000000000000000111, 0.9000000000000015765 ) ) ;
#2420 = DIRECTION ( 'NONE',  ( 0.000000000000000000, 1.000000000000000000, 0.000000000000000000 ) ) ;
#2421 = FACE_OUTER_BOUND ( 'NONE', #2391, .T. ) ;
#2422 = ORIENTED_EDGE ( 'NONE', *, *, #460, .T. ) ;
#2423 = ORIENTED_EDGE ( 'NONE', *, *, #1549, .F. ) ;
#2424 = CARTESIAN_POINT ( 'NONE',  ( 0.4249999999999996003, 0.2000000000000000111, -1.099999999999998535 ) ) ;
#2425 = CARTESIAN_POINT ( 'NONE',  ( 0.4249999999999992673, 0.1999999999999999833, 0.7000000000000012879 ) ) ;
#2426 = ORIENTED_EDGE ( 'NONE', *, *, #4002, .F. ) ;
#2427 = EDGE_CURVE ( 'NONE', #2924, #2602, #3574, .T. ) ;
#2428 = CARTESIAN_POINT ( 'NONE',  ( 0.4249999999999992673, 0.2000000000000000111, 0.7000000000000012879 ) ) ;
#2429 = CARTESIAN_POINT ( 'NONE',  ( -0.4249999999999996003, 0.1999999999999999833, -0.09999999999999892308 ) ) ;
#2430 = CARTESIAN_POINT ( 'NONE',  ( 0.4249999999999992673, 0.1999999999999999833, 0.7000000000000012879 ) ) ;
#2431 = EDGE_LOOP ( 'NONE', ( #752, #3552, #4178, #555 ) ) ;
#2432 = EDGE_CURVE ( 'NONE', #3641, #2995, #632, .T. ) ;
#2433 = LINE ( 'NONE', #192, #2801 ) ;
#2434 =( LENGTH_UNIT ( ) NAMED_UNIT ( * ) SI_UNIT ( .MILLI., .METRE. ) );
#2435 = LINE ( 'NONE', #195, #3872 ) ;
#2436 = VERTEX_POINT ( 'NONE', #3901 ) ;
#2437 = EDGE_CURVE ( 'NONE', #3411, #3307, #3244, .T. ) ;
#2438 = PLANE ( 'NONE',  #16 ) ;
#2439 = CARTESIAN_POINT ( 'NONE',  ( -0.6750000000000013767, 0.7999999999999999334, 1.250000000000000000 ) ) ;
#2440 = CARTESIAN_POINT ( 'NONE',  ( -0.1999999999999997335, 0.05000000000000000278, -0.8000000000000022649 ) ) ;
#2441 = LINE ( 'NONE', #112, #1463 ) ;
#2442 = VERTEX_POINT ( 'NONE', #1281 ) ;
#2443 = VERTEX_POINT ( 'NONE', #655 ) ;
#2444 = DIRECTION ( 'NONE',  ( 1.000000000000000000, 0.000000000000000000, 1.908195823574487804E-15 ) ) ;
#2445 = DIRECTION ( 'NONE',  ( 1.000000000000000000, 0.000000000000000000, 1.734723475976806848E-16 ) ) ;
#2446 = VECTOR ( 'NONE', #1301, 1000.000000000000000 ) ;
#2447 = EDGE_LOOP ( 'NONE', ( #774, #3147, #4021, #2563 ) ) ;
#2448 = EDGE_LOOP ( 'NONE', ( #922, #2977, #251, #332 ) ) ;
#2449 = LINE ( 'NONE', #622, #3084 ) ;
#2450 = AXIS2_PLACEMENT_3D ( 'NONE', #3119, #1453, #2788 ) ;
#2451 = LINE ( 'NONE', #716, #221 ) ;
#2452 = VECTOR ( 'NONE', #831, 1000.000000000000000 ) ;
#2453 = DIRECTION ( 'NONE',  ( 1.000000000000000000, 0.000000000000000000, 1.734723475976806848E-16 ) ) ;
#2454 = EDGE_CURVE ( 'NONE', #3755, #1387, #3220, .T. ) ;
#2455 = EDGE_CURVE ( 'NONE', #1974, #1175, #3946, .T. ) ;
#2456 = ORIENTED_EDGE ( 'NONE', *, *, #4039, .T. ) ;
#2457 = STYLED_ITEM ( 'NONE', ( #517 ), #3026 ) ;
#2458 = ORIENTED_EDGE ( 'NONE', *, *, #407, .F. ) ;
#2459 = FACE_OUTER_BOUND ( 'NONE', #2750, .T. ) ;
#2460 = EDGE_CURVE ( 'NONE', #3337, #1360, #957, .T. ) ;
#2461 = VERTEX_POINT ( 'NONE', #1623 ) ;
#2462 = CARTESIAN_POINT ( 'NONE',  ( 0.000000000000000000, 0.2000000000000000111, 0.000000000000000000 ) ) ;
#2463 = DIRECTION ( 'NONE',  ( -0.000000000000000000, -1.000000000000000000, 0.000000000000000000 ) ) ;
#2464 = CARTESIAN_POINT ( 'NONE',  ( 0.2000000000000002609, 2.239607805437113797, -1.000000000000001110 ) ) ;
#2465 = FACE_OUTER_BOUND ( 'NONE', #4141, .T. ) ;
#2466 = EDGE_CURVE ( 'NONE', #4051, #3745, #4297, .T. ) ;
#2467 = VERTEX_POINT ( 'NONE', #3198 ) ;
#2468 = VERTEX_POINT ( 'NONE', #239 ) ;
#2469 = LINE ( 'NONE', #816, #2262 ) ;
#2470 = CARTESIAN_POINT ( 'NONE',  ( 0.6749999999999993783, 0.2000000000000000111, -0.2999999999999983791 ) ) ;
#2471 = EDGE_CURVE ( 'NONE', #1316, #2978, #1558, .T. ) ;
#2472 = VECTOR ( 'NONE', #390, 1000.000000000000000 ) ;
#2473 = VERTEX_POINT ( 'NONE', #2590 ) ;
#2474 = ORIENTED_EDGE ( 'NONE', *, *, #1723, .T. ) ;
#2475 = PLANE ( 'NONE',  #439 ) ;
#2476 = CARTESIAN_POINT ( 'NONE',  ( -0.6749999999999993783, 0.2000000000000000111, 0.1000000000000014350 ) ) ;
#2477 = AXIS2_PLACEMENT_3D ( 'NONE', #4133, #1106, #2125 ) ;
#2478 = FACE_OUTER_BOUND ( 'NONE', #4184, .T. ) ;
#2479 = ORIENTED_EDGE ( 'NONE', *, *, #119, .F. ) ;
#2480 = VECTOR ( 'NONE', #589, 1000.000000000000000 ) ;
#2481 = ORIENTED_EDGE ( 'NONE', *, *, #2460, .F. ) ;
#2482 = DIRECTION ( 'NONE',  ( -0.000000000000000000, -1.000000000000000000, 0.000000000000000000 ) ) ;
#2483 = CARTESIAN_POINT ( 'NONE',  ( 0.6749999999999993783, 0.2000000000000000111, 0.3000000000000017653 ) ) ;
#2484 = SURFACE_STYLE_USAGE ( .BOTH. , #2522 ) ;
#2485 = LINE ( 'NONE', #1849, #2619 ) ;
#2486 = STYLED_ITEM ( 'NONE', ( #3948 ), #1631 ) ;
#2487 = EDGE_LOOP ( 'NONE', ( #798, #2121, #519, #122 ) ) ;
#2488 = DIRECTION ( 'NONE',  ( 1.908195823574487804E-15, 0.000000000000000000, -1.000000000000000000 ) ) ;
#2489 = EDGE_CURVE ( 'NONE', #1977, #3850, #933, .T. ) ;
#2490 = LINE ( 'NONE', #1178, #4197 ) ;
#2491 = FACE_OUTER_BOUND ( 'NONE', #3918, .T. ) ;
#2492 = DIRECTION ( 'NONE',  ( 0.000000000000000000, 1.000000000000000000, 0.000000000000000000 ) ) ;
#2493 = CLOSED_SHELL ( 'NONE', ( #739, #1332, #3679, #2573, #1678, #3276 ) ) ;
#2494 = EDGE_CURVE ( 'NONE', #2566, #2498, #42, .T. ) ;
#2495 = EDGE_LOOP ( 'NONE', ( #3844, #2143, #3567, #2399 ) ) ;
#2496 = DIRECTION ( 'NONE',  ( -1.734723475976806848E-16, 0.000000000000000000, 1.000000000000000000 ) ) ;
#2497 = ORIENTED_EDGE ( 'NONE', *, *, #1343, .F. ) ;
#2498 = VERTEX_POINT ( 'NONE', #742 ) ;
#2499 = EDGE_CURVE ( 'NONE', #3086, #1728, #2413, .T. ) ;
#2500 = FACE_OUTER_BOUND ( 'NONE', #1946, .T. ) ;
#2501 = FACE_OUTER_BOUND ( 'NONE', #65, .T. ) ;
#2502 = ORIENTED_EDGE ( 'NONE', *, *, #526, .T. ) ;
#2503 = VERTEX_POINT ( 'NONE', #1720 ) ;
#2504 = DIRECTION ( 'NONE',  ( 1.000000000000000000, 0.000000000000000000, 0.000000000000000000 ) ) ;
#2505 = FACE_OUTER_BOUND ( 'NONE', #3895, .T. ) ;
#2506 = ORIENTED_EDGE ( 'NONE', *, *, #2160, .F. ) ;
#2507 = DIRECTION ( 'NONE',  ( 0.000000000000000000, -1.000000000000000000, 0.000000000000000000 ) ) ;
#2508 = LINE ( 'NONE', #1540, #1717 ) ;
#2509 = DIRECTION ( 'NONE',  ( 0.000000000000000000, -1.000000000000000000, 0.000000000000000000 ) ) ;
#2510 = DIRECTION ( 'NONE',  ( 1.000000000000000000, 0.000000000000000000, 1.734723475976806848E-16 ) ) ;
#2511 = FACE_OUTER_BOUND ( 'NONE', #115, .T. ) ;
#2512 = ORIENTED_EDGE ( 'NONE', *, *, #999, .F. ) ;
#2513 = VERTEX_POINT ( 'NONE', #1000 ) ;
#2514 = CARTESIAN_POINT ( 'NONE',  ( 0.4249999999999994338, 0.5201562118716424044, -0.2999999999999984346 ) ) ;
#2515 = VECTOR ( 'NONE', #3973, 1000.000000000000000 ) ;
#2516 = ADVANCED_FACE ( 'NONE', ( #1737 ), #4316, .F. ) ;
#2517 = ORIENTED_EDGE ( 'NONE', *, *, #2543, .T. ) ;
#2518 = ORIENTED_EDGE ( 'NONE', *, *, #3565, .F. ) ;
#2519 = VECTOR ( 'NONE', #1673, 1000.000000000000000 ) ;
#2520 = VECTOR ( 'NONE', #2482, 1000.000000000000000 ) ;
#2521 = CARTESIAN_POINT ( 'NONE',  ( -1.387778780781445429E-16, 0.2000000000000000111, 0.8000000000000000444 ) ) ;
#2522 = SURFACE_SIDE_STYLE ('',( #1151 ) ) ;
#2523 = CARTESIAN_POINT ( 'NONE',  ( 0.4249999999999994893, 0.5201562118716424044, -0.6999999999999985123 ) ) ;
#2524 = AXIS2_PLACEMENT_3D ( 'NONE', #1651, #1696, #4010 ) ;
#2525 = COLOUR_RGB ( '',0.7921568627450980005, 0.8196078431372548767, 0.9333333333333333481 ) ;
#2526 = EDGE_CURVE ( 'NONE', #1431, #3168, #2322, .T. ) ;
#2527 = ORIENTED_EDGE ( 'NONE', *, *, #4139, .T. ) ;
#2528 = LINE ( 'NONE', #527, #575 ) ;
#2529 = CARTESIAN_POINT ( 'NONE',  ( 0.4249999999999992117, 0.000000000000000000, 0.9000000000000015765 ) ) ;
#2530 = CARTESIAN_POINT ( 'NONE',  ( 0.6749999999999991562, 4.441214529035074854, -1.250000000000000000 ) ) ;
#2531 = PRESENTATION_STYLE_ASSIGNMENT (( #1204 ) ) ;
#2532 = DIRECTION ( 'NONE',  ( -1.000000000000000000, 0.000000000000000000, -1.734723475976806848E-16 ) ) ;
#2533 = ORIENTED_EDGE ( 'NONE', *, *, #2402, .T. ) ;
#2534 = VERTEX_POINT ( 'NONE', #1322 ) ;
#2535 = SURFACE_STYLE_FILL_AREA ( #3519 ) ;
#2536 = ADVANCED_FACE ( 'NONE', ( #4032 ), #330, .T. ) ;
#2537 = LINE ( 'NONE', #1294, #1981 ) ;
#2538 = VERTEX_POINT ( 'NONE', #2366 ) ;
#2539 = EDGE_LOOP ( 'NONE', ( #2741, #3704, #1460, #1001 ) ) ;
#2540 = AXIS2_PLACEMENT_3D ( 'NONE', #1639, #404, #687 ) ;
#2541 = LINE ( 'NONE', #3278, #226 ) ;
#2542 = FACE_OUTER_BOUND ( 'NONE', #1527, .T. ) ;
#2543 = EDGE_CURVE ( 'NONE', #2092, #1316, #82, .T. ) ;
#2544 = CARTESIAN_POINT ( 'NONE',  ( -0.4249999999999993783, 0.2000000000000000111, -1.099999999999998535 ) ) ;
#2545 = CIRCLE ( 'NONE', #4291, 0.1251538907493651431 ) ;
#2546 = ORIENTED_EDGE ( 'NONE', *, *, #3659, .F. ) ;
#2547 = DIRECTION ( 'NONE',  ( -1.734723475976806848E-16, 0.000000000000000000, 1.000000000000000000 ) ) ;
#2548 = VERTEX_POINT ( 'NONE', #720 ) ;
#2549 = VECTOR ( 'NONE', #1555, 1000.000000000000000 ) ;
#2550 = EDGE_CURVE ( 'NONE', #3101, #2235, #2654, .T. ) ;
#2551 =( NAMED_UNIT ( * ) SI_UNIT ( $, .STERADIAN. ) SOLID_ANGLE_UNIT ( ) );
#2552 = CARTESIAN_POINT ( 'NONE',  ( -0.4249999999999996558, 0.000000000000000000, 0.3000000000000011546 ) ) ;
#2553 = DIRECTION ( 'NONE',  ( 0.000000000000000000, -1.000000000000000000, 0.000000000000000000 ) ) ;
#2554 = CARTESIAN_POINT ( 'NONE',  ( -1.561251128379128850E-16, 0.05000000000000000278, 0.9000000000000014655 ) ) ;
#2555 = DIRECTION ( 'NONE',  ( 0.000000000000000000, 1.000000000000000000, 0.000000000000000000 ) ) ;
#2556 = COLOUR_RGB ( '',0.7921568627450980005, 0.8196078431372548767, 0.9333333333333333481 ) ;
#2557 = DIRECTION ( 'NONE',  ( -1.734723475976806848E-16, 0.000000000000000000, 1.000000000000000000 ) ) ;
#2558 = ORIENTED_EDGE ( 'NONE', *, *, #1110, .F. ) ;
#2559 = CARTESIAN_POINT ( 'NONE',  ( 0.6749999999999991562, 0.05000000000000000278, 1.100000000000001865 ) ) ;
#2560 = FACE_OUTER_BOUND ( 'NONE', #1925, .T. ) ;
#2561 = EDGE_LOOP ( 'NONE', ( #467, #2876, #1255, #648 ) ) ;
#2562 = EDGE_CURVE ( 'NONE', #4305, #867, #3677, .T. ) ;
#2563 = ORIENTED_EDGE ( 'NONE', *, *, #203, .F. ) ;
#2564 = LINE ( 'NONE', #3920, #924 ) ;
#2565 = CYLINDRICAL_SURFACE ( 'NONE', #2863, 0.1251538907493651431 ) ;
#2566 = VERTEX_POINT ( 'NONE', #350 ) ;
#2567 = EDGE_CURVE ( 'NONE', #3277, #2503, #1669, .T. ) ;
#2568 = CARTESIAN_POINT ( 'NONE',  ( 0.2000000000000002609, 0.05000000000000000278, -1.000000000000001110 ) ) ;
#2569 = ORIENTED_EDGE ( 'NONE', *, *, #3187, .T. ) ;
#2570 = PLANE ( 'NONE',  #574 ) ;
#2571 = CARTESIAN_POINT ( 'NONE',  ( -0.2565700493459898701, 0.6999999999999999556, -0.9846742545641591349 ) ) ;
#2572 = DIRECTION ( 'NONE',  ( -1.000000000000000000, 0.000000000000000000, 0.000000000000000000 ) ) ;
#2573 = ADVANCED_FACE ( 'NONE', ( #3350 ), #3050, .F. ) ;
#2574 = LINE ( 'NONE', #593, #569 ) ;
#2575 = PLANE ( 'NONE',  #4231 ) ;
#2576 = PLANE ( 'NONE',  #2127 ) ;
#2577 = VERTEX_POINT ( 'NONE', #2390 ) ;
#2578 = DIRECTION ( 'NONE',  ( -1.734723475976806848E-16, 0.000000000000000000, 1.000000000000000000 ) ) ;
#2579 = CARTESIAN_POINT ( 'NONE',  ( -0.1999999999999997335, 0.2000000000000000944, -0.8000000000000010436 ) ) ;
#2580 = ORIENTED_EDGE ( 'NONE', *, *, #1051, .T. ) ;
#2581 = ORIENTED_EDGE ( 'NONE', *, *, #1441, .T. ) ;
#2582 = CARTESIAN_POINT ( 'NONE',  ( -0.4249999999999994893, 0.5201562118716424044, -0.6999999999999987343 ) ) ;
#2583 = VECTOR ( 'NONE', #2769, 1000.000000000000000 ) ;
#2584 = DIRECTION ( 'NONE',  ( -1.000000000000000000, 0.000000000000000000, 0.000000000000000000 ) ) ;
#2585 = SURFACE_STYLE_USAGE ( .BOTH. , #2212 ) ;
#2586 = ADVANCED_FACE ( 'NONE', ( #2064 ), #1367, .F. ) ;
#2587 = VECTOR ( 'NONE', #3547, 1000.000000000000000 ) ;
#2588 = VECTOR ( 'NONE', #2613, 1000.000000000000000 ) ;
#2589 = ORIENTED_EDGE ( 'NONE', *, *, #688, .F. ) ;
#2590 = CARTESIAN_POINT ( 'NONE',  ( -0.6750000000000013767, 0.05000000000000000278, -1.250000000000000444 ) ) ;
#2591 = ORIENTED_EDGE ( 'NONE', *, *, #495, .T. ) ;
#2592 = AXIS2_PLACEMENT_3D ( 'NONE', #132, #1741, #176 ) ;
#2593 = VECTOR ( 'NONE', #2635, 1000.000000000000000 ) ;
#2594 = EDGE_CURVE ( 'NONE', #1465, #3410, #2807, .T. ) ;
#2595 = CARTESIAN_POINT ( 'NONE',  ( 0.4249999999999993228, 0.2000000000000000111, 0.3000000000000012657 ) ) ;
#2596 = FACE_OUTER_BOUND ( 'NONE', #3272, .T. ) ;
#2597 = VECTOR ( 'NONE', #294, 1000.000000000000000 ) ;
#2598 = FACE_OUTER_BOUND ( 'NONE', #2361, .T. ) ;
#2599 = FACE_OUTER_BOUND ( 'NONE', #2217, .T. ) ;
#2600 = DIRECTION ( 'NONE',  ( 0.000000000000000000, -1.000000000000000000, 0.000000000000000000 ) ) ;
#2601 = EDGE_CURVE ( 'NONE', #266, #1829, #2433, .T. ) ;
#2602 = VERTEX_POINT ( 'NONE', #3766 ) ;
#2603 = FACE_OUTER_BOUND ( 'NONE', #613, .T. ) ;
#2604 = CARTESIAN_POINT ( 'NONE',  ( -0.4249999999999994893, 0.000000000000000000, -0.4999999999999990563 ) ) ;
#2605 = EDGE_CURVE ( 'NONE', #1324, #2978, #1149, .T. ) ;
#2606 = EDGE_LOOP ( 'NONE', ( #1337, #1050, #4207, #120 ) ) ;
#2607 = ORIENTED_EDGE ( 'NONE', *, *, #3136, .F. ) ;
#2608 = FACE_OUTER_BOUND ( 'NONE', #2313, .T. ) ;
#2609 = DIRECTION ( 'NONE',  ( 1.000000000000000000, 0.000000000000000000, 1.908195823574487804E-15 ) ) ;
#2610 = VECTOR ( 'NONE', #1364, 1000.000000000000000 ) ;
#2611 = AXIS2_PLACEMENT_3D ( 'NONE', #319, #1053, #1707 ) ;
#2612 = VERTEX_POINT ( 'NONE', #455 ) ;
#2613 = DIRECTION ( 'NONE',  ( 0.000000000000000000, -1.000000000000000000, 0.000000000000000000 ) ) ;
#2614 = ORIENTED_EDGE ( 'NONE', *, *, #1002, .T. ) ;
#2615 = AXIS2_PLACEMENT_3D ( 'NONE', #2464, #1158, #812 ) ;
#2616 = LINE ( 'NONE', #3949, #1601 ) ;
#2617 = EDGE_LOOP ( 'NONE', ( #473, #3501, #984, #1066 ) ) ;
#2618 = EDGE_CURVE ( 'NONE', #1188, #1451, #3810, .T. ) ;
#2619 = VECTOR ( 'NONE', #3550, 1000.000000000000000 ) ;
#2620 = DIRECTION ( 'NONE',  ( 1.000000000000000000, -0.000000000000000000, 1.734723475976806848E-16 ) ) ;
#2621 =( NAMED_UNIT ( * ) PLANE_ANGLE_UNIT ( ) SI_UNIT ( $, .RADIAN. ) );
#2622 = FACE_OUTER_BOUND ( 'NONE', #1594, .T. ) ;
#2623 = AXIS2_PLACEMENT_3D ( 'NONE', #2077, #3341, #1035 ) ;
#2624 = UNCERTAINTY_MEASURE_WITH_UNIT (LENGTH_MEASURE( 1.000000000000000082E-05 ), #1873, 'distance_accuracy_value', 'NONE');
#2625 = VERTEX_POINT ( 'NONE', #235 ) ;
#2626 = ADVANCED_FACE ( 'NONE', ( #2608 ), #1278, .F. ) ;
#2627 = CLOSED_SHELL ( 'NONE', ( #1450, #2220, #663, #2988, #174, #1270 ) ) ;
#2628 = CARTESIAN_POINT ( 'NONE',  ( -1.734723475976833903E-17, 0.05000000000000000278, 0.1000000000000015599 ) ) ;
#2629 = CARTESIAN_POINT ( 'NONE',  ( -0.4249999999999996003, 0.2000000000000000111, -0.09999999999999892308 ) ) ;
#2630 = PLANE ( 'NONE',  #3174 ) ;
#2631 = PRESENTATION_LAYER_ASSIGNMENT (  '', '', ( #1506 ) ) ;
#2632 = ORIENTED_EDGE ( 'NONE', *, *, #1210, .T. ) ;
#2633 = VERTEX_POINT ( 'NONE', #3592 ) ;
#2634 = EDGE_CURVE ( 'NONE', #2694, #610, #1595, .T. ) ;
#2635 = DIRECTION ( 'NONE',  ( -1.000000000000000000, 0.000000000000000000, 1.561251128379127765E-15 ) ) ;
#2636 = CARTESIAN_POINT ( 'NONE',  ( -0.6750000000000013767, 0.7999999999999999334, -1.250000000000000444 ) ) ;
#2637 = PLANE ( 'NONE',  #3233 ) ;
#2638 = EDGE_LOOP ( 'NONE', ( #4309, #971, #3995, #76 ) ) ;
#2639 = DIRECTION ( 'NONE',  ( -1.734723475976806848E-16, 0.000000000000000000, 1.000000000000000000 ) ) ;
#2640 = PLANE ( 'NONE',  #3108 ) ;
#2641 = ORIENTED_EDGE ( 'NONE', *, *, #2494, .F. ) ;
#2642 = DIRECTION ( 'NONE',  ( 0.000000000000000000, -1.000000000000000000, 0.000000000000000000 ) ) ;
#2643 = CARTESIAN_POINT ( 'NONE',  ( -0.6749999999999993783, 0.5201562118716424044, -0.09999999999999853451 ) ) ;
#2644 = ORIENTED_EDGE ( 'NONE', *, *, #168, .F. ) ;
#2645 = DIRECTION ( 'NONE',  ( 0.000000000000000000, -1.000000000000000000, 0.000000000000000000 ) ) ;
#2646 = LINE ( 'NONE', #2975, #747 ) ;
#2647 = ORIENTED_EDGE ( 'NONE', *, *, #1935, .F. ) ;
#2648 = ORIENTED_EDGE ( 'NONE', *, *, #4301, .F. ) ;
#2649 = CARTESIAN_POINT ( 'NONE',  ( 0.6749999999999991562, 0.05000000000000000278, 1.250000000000000444 ) ) ;
#2650 = DIRECTION ( 'NONE',  ( -1.734723475976806848E-16, 0.000000000000000000, 1.000000000000000000 ) ) ;
#2651 = LINE ( 'NONE', #718, #1217 ) ;
#2652 = EDGE_CURVE ( 'NONE', #2680, #536, #2187, .T. ) ;
#2653 = ORIENTED_EDGE ( 'NONE', *, *, #2672, .T. ) ;
#2654 = LINE ( 'NONE', #3986, #1266 ) ;
#2655 = CARTESIAN_POINT ( 'NONE',  ( -0.6749999999999993783, 0.2000000000000000111, -0.2999999999999986011 ) ) ;
#2656 = ADVANCED_FACE ( 'NONE', ( #4268 ), #3610, .F. ) ;
#2657 = VECTOR ( 'NONE', #1444, 1000.000000000000000 ) ;
#2658 = ORIENTED_EDGE ( 'NONE', *, *, #119, .T. ) ;
#2659 = LINE ( 'NONE', #2023, #3778 ) ;
#2660 = AXIS2_PLACEMENT_3D ( 'NONE', #2582, #211, #1529 ) ;
#2661 = DIRECTION ( 'NONE',  ( 1.000000000000000000, 0.000000000000000000, 1.734723475976806848E-16 ) ) ;
#2662 = FILL_AREA_STYLE_COLOUR ( '', #2137 ) ;
#2663 = PLANE ( 'NONE',  #1493 ) ;
#2664 = VECTOR ( 'NONE', #588, 1000.000000000000000 ) ;
#2665 = UNCERTAINTY_MEASURE_WITH_UNIT (LENGTH_MEASURE( 1.000000000000000082E-05 ), #383, 'distance_accuracy_value', 'NONE');
#2666 = ORIENTED_EDGE ( 'NONE', *, *, #658, .T. ) ;
#2667 = DIRECTION ( 'NONE',  ( -1.734723475976806848E-16, 0.000000000000000000, 1.000000000000000000 ) ) ;
#2668 = DIRECTION ( 'NONE',  ( 1.734723475976806848E-16, 0.000000000000000000, -1.000000000000000000 ) ) ;
#2669 = LINE ( 'NONE', #668, #3807 ) ;
#2670 = EDGE_LOOP ( 'NONE', ( #3127, #2776, #3956, #4063 ) ) ;
#2671 = ORIENTED_EDGE ( 'NONE', *, *, #658, .F. ) ;
#2672 = EDGE_CURVE ( 'NONE', #1551, #2182, #1953, .T. ) ;
#2673 = DIRECTION ( 'NONE',  ( -1.000000000000000000, 0.000000000000000000, -1.734723475976806848E-16 ) ) ;
#2674 = LINE ( 'NONE', #1318, #1329 ) ;
#2675 = DIRECTION ( 'NONE',  ( 1.734723475976806848E-16, 0.000000000000000000, -1.000000000000000000 ) ) ;
#2676 = EDGE_LOOP ( 'NONE', ( #2423, #3480, #2840, #2063 ) ) ;
#2677 = EDGE_CURVE ( 'NONE', #298, #1330, #3194, .T. ) ;
#2678 = CARTESIAN_POINT ( 'NONE',  ( -0.4249999999999996558, 0.5201562118716424044, 0.3000000000000011546 ) ) ;
#2679 = LINE ( 'NONE', #4299, #1638 ) ;
#2680 = VERTEX_POINT ( 'NONE', #2929 ) ;
#2681 = ADVANCED_FACE ( 'NONE', ( #4203 ), #3570, .F. ) ;
#2682 = PLANE ( 'NONE',  #1162 ) ;
#2683 = AXIS2_PLACEMENT_3D ( 'NONE', #2424, #1771, #1417 ) ;
#2684 = DIRECTION ( 'NONE',  ( 1.000000000000000000, 0.000000000000000000, 1.734723475976806848E-16 ) ) ;
#2685 = FACE_OUTER_BOUND ( 'NONE', #3035, .T. ) ;
#2686 = CARTESIAN_POINT ( 'NONE',  ( -0.6749999999999996003, 0.2000000000000000111, 1.100000000000001421 ) ) ;
#2687 = VECTOR ( 'NONE', #2007, 1000.000000000000000 ) ;
#2688 = VERTEX_POINT ( 'NONE', #627 ) ;
#2689 = PRESENTATION_STYLE_ASSIGNMENT (( #2288 ) ) ;
#2690 = STYLED_ITEM ( 'NONE', ( #2784 ), #1674 ) ;
#2691 = CARTESIAN_POINT ( 'NONE',  ( 0.6749999999999991562, 4.441214529035074854, 1.250000000000000444 ) ) ;
#2692 = CARTESIAN_POINT ( 'NONE',  ( -0.4249999999999997113, 0.04999999999999999584, 0.5000000000000014433 ) ) ;
#2693 = VERTEX_POINT ( 'NONE', #4292 ) ;
#2694 = VERTEX_POINT ( 'NONE', #1867 ) ;
#2695 = CARTESIAN_POINT ( 'NONE',  ( -0.3817239400953550410, 0.8000000000000000444, -0.9846742545641591349 ) ) ;
#2696 = DIRECTION ( 'NONE',  ( 0.000000000000000000, 0.000000000000000000, -1.000000000000000000 ) ) ;
#2697 = CARTESIAN_POINT ( 'NONE',  ( 0.4249999999999996003, 0.1999999999999999833, -1.099999999999998535 ) ) ;
#2698 = AXIS2_PLACEMENT_3D ( 'NONE', #619, #3031, #3007 ) ;
#2699 = ORIENTED_EDGE ( 'NONE', *, *, #2437, .T. ) ;
#2700 = DIRECTION ( 'NONE',  ( -1.734723475976806848E-16, 0.000000000000000000, 1.000000000000000000 ) ) ;
#2701 =( NAMED_UNIT ( * ) SI_UNIT ( $, .STERADIAN. ) SOLID_ANGLE_UNIT ( ) );
#2702 = ADVANCED_FACE ( 'NONE', ( #3525 ), #1577, .F. ) ;
#2703 = ORIENTED_EDGE ( 'NONE', *, *, #3642, .F. ) ;
#2704 = DIRECTION ( 'NONE',  ( 1.000000000000000000, 0.000000000000000000, 1.734723475976806848E-16 ) ) ;
#2705 = FACE_OUTER_BOUND ( 'NONE', #2670, .T. ) ;
#2706 = CARTESIAN_POINT ( 'NONE',  ( 0.000000000000000000, 0.2000000000000000111, 0.000000000000000000 ) ) ;
#2707 = LINE ( 'NONE', #1074, #721 ) ;
#2708 = ADVANCED_FACE ( 'NONE', ( #1300 ), #3896, .F. ) ;
#2709 = UNCERTAINTY_MEASURE_WITH_UNIT (LENGTH_MEASURE( 1.000000000000000082E-05 ), #2799, 'distance_accuracy_value', 'NONE');
#2710 = ORIENTED_EDGE ( 'NONE', *, *, #2466, .T. ) ;
#2711 = FACE_OUTER_BOUND ( 'NONE', #4135, .T. ) ;
#2712 = CARTESIAN_POINT ( 'NONE',  ( 0.6749999999999992673, 0.2000000000000000111, 0.7000000000000017319 ) ) ;
#2713 = ORIENTED_EDGE ( 'NONE', *, *, #3479, .T. ) ;
#2714 = ORIENTED_EDGE ( 'NONE', *, *, #88, .T. ) ;
#2715 = DIRECTION ( 'NONE',  ( 1.734723475976807094E-16, 0.000000000000000000, -1.000000000000000000 ) ) ;
#2716 = CARTESIAN_POINT ( 'NONE',  ( 0.4249999999999991562, 0.000000000000000000, 1.100000000000001199 ) ) ;
#2717 = LINE ( 'NONE', #2740, #2884 ) ;
#2718 = ORIENTED_EDGE ( 'NONE', *, *, #2993, .T. ) ;
#2719 = EDGE_CURVE ( 'NONE', #2602, #2548, #2541, .T. ) ;
#2720 =( LENGTH_UNIT ( ) NAMED_UNIT ( * ) SI_UNIT ( .MILLI., .METRE. ) );
#2721 = VERTEX_POINT ( 'NONE', #3546 ) ;
#2722 = DIRECTION ( 'NONE',  ( -1.734723475976806848E-16, 0.000000000000000000, 1.000000000000000000 ) ) ;
#2723 = LINE ( 'NONE', #3663, #3777 ) ;
#2724 = VECTOR ( 'NONE', #1413, 1000.000000000000000 ) ;
#2725 = DIRECTION ( 'NONE',  ( -1.734723475976806848E-16, 0.000000000000000000, 1.000000000000000000 ) ) ;
#2726 = CARTESIAN_POINT ( 'NONE',  ( 0.6749999999999994893, 0.5201562118716424044, -0.4999999999999983902 ) ) ;
#2727 = VECTOR ( 'NONE', #3358, 1000.000000000000000 ) ;
#2728 = VECTOR ( 'NONE', #4232, 1000.000000000000000 ) ;
#2729 = ORIENTED_EDGE ( 'NONE', *, *, #684, .T. ) ;
#2730 = EDGE_CURVE ( 'NONE', #2534, #2467, #302, .T. ) ;
#2731 = ORIENTED_EDGE ( 'NONE', *, *, #975, .F. ) ;
#2732 = CARTESIAN_POINT ( 'NONE',  ( 0.4249999999999992673, 0.2000000000000000111, 0.5000000000000016653 ) ) ;
#2733 = CARTESIAN_POINT ( 'NONE',  ( 0.4249999999999993783, 0.04999999999999999584, -0.09999999999999878431 ) ) ;
#2734 = VECTOR ( 'NONE', #3018, 1000.000000000000000 ) ;
#2735 = ORIENTED_EDGE ( 'NONE', *, *, #2359, .T. ) ;
#2736 = ORIENTED_EDGE ( 'NONE', *, *, #3770, .T. ) ;
#2737 = EDGE_CURVE ( 'NONE', #2046, #2864, #903, .T. ) ;
#2738 = CARTESIAN_POINT ( 'NONE',  ( -0.6750000000000013767, 0.05000000000000000278, 0.1000000000000014350 ) ) ;
#2739 = CARTESIAN_POINT ( 'NONE',  ( 0.1999999999999999278, 0.2000000000000000944, 0.9999999999999988898 ) ) ;
#2740 = CARTESIAN_POINT ( 'NONE',  ( -0.4249999999999994338, 0.2000000000000000111, -0.8999999999999990230 ) ) ;
#2741 = ORIENTED_EDGE ( 'NONE', *, *, #1556, .F. ) ;
#2742 = PLANE ( 'NONE',  #3312 ) ;
#2743 = ORIENTED_EDGE ( 'NONE', *, *, #4139, .F. ) ;
#2744 = DIRECTION ( 'NONE',  ( 0.000000000000000000, 0.000000000000000000, 1.000000000000000000 ) ) ;
#2745 = DIRECTION ( 'NONE',  ( -1.734723475976806848E-16, 0.000000000000000000, 1.000000000000000000 ) ) ;
#2746 = FACE_OUTER_BOUND ( 'NONE', #2989, .T. ) ;
#2747 = LINE ( 'NONE', #768, #2724 ) ;
#2748 = AXIS2_PLACEMENT_3D ( 'NONE', #453, #3806, #2802 ) ;
#2749 = ORIENTED_EDGE ( 'NONE', *, *, #41, .F. ) ;
#2750 = EDGE_LOOP ( 'NONE', ( #944, #2845, #3917, #92 ) ) ;
#2751 = DIRECTION ( 'NONE',  ( 0.000000000000000000, 0.000000000000000000, -1.000000000000000000 ) ) ;
#2752 = DIRECTION ( 'NONE',  ( -0.000000000000000000, -1.000000000000000000, 0.000000000000000000 ) ) ;
#2753 = VECTOR ( 'NONE', #1412, 1000.000000000000000 ) ;
#2754 = EDGE_CURVE ( 'NONE', #3472, #2109, #1910, .T. ) ;
#2755 = VERTEX_POINT ( 'NONE', #1552 ) ;
#2756 = AXIS2_PLACEMENT_3D ( 'NONE', #4116, #3768, #3135 ) ;
#2757 = PLANE ( 'NONE',  #1898 ) ;
#2758 = CARTESIAN_POINT ( 'NONE',  ( -0.4249999999999995448, 0.2000000000000000111, -0.2999999999999985456 ) ) ;
#2759 = FACE_OUTER_BOUND ( 'NONE', #2910, .T. ) ;
#2760 = AXIS2_PLACEMENT_3D ( 'NONE', #1708, #425, #1335 ) ;
#2761 = EDGE_CURVE ( 'NONE', #1597, #2468, #260, .T. ) ;
#2762 = EDGE_LOOP ( 'NONE', ( #3608, #3934, #2785, #1814 ) ) ;
#2763 = CLOSED_SHELL ( 'NONE', ( #2166, #2656, #1658, #2082, #1857, #1309 ) ) ;
#2764 = VECTOR ( 'NONE', #1869, 1000.000000000000000 ) ;
#2765 = ORIENTED_EDGE ( 'NONE', *, *, #1843, .T. ) ;
#2766 = CARTESIAN_POINT ( 'NONE',  ( 0.2000000000000002609, 2.239607805437113797, -1.000000000000001110 ) ) ;
#2767 = DIRECTION ( 'NONE',  ( -1.000000000000000000, 0.000000000000000000, -1.734723475976806848E-16 ) ) ;
#2768 = DIRECTION ( 'NONE',  ( 0.000000000000000000, -1.000000000000000000, 0.000000000000000000 ) ) ;
#2769 = DIRECTION ( 'NONE',  ( 1.000000000000000000, -0.000000000000000000, -1.561251128379127765E-15 ) ) ;
#2770 = ORIENTED_EDGE ( 'NONE', *, *, #4322, .F. ) ;
#2771 = EDGE_CURVE ( 'NONE', #1505, #1768, #2564, .T. ) ;
#2772 = DIRECTION ( 'NONE',  ( -0.000000000000000000, -1.000000000000000000, 0.000000000000000000 ) ) ;
#2773 = EDGE_CURVE ( 'NONE', #3495, #3152, #4003, .T. ) ;
#2774 = LINE ( 'NONE', #1140, #3665 ) ;
#2775 = VERTEX_POINT ( 'NONE', #1645 ) ;
#2776 = ORIENTED_EDGE ( 'NONE', *, *, #3255, .T. ) ;
#2777 = DIRECTION ( 'NONE',  ( 1.734723475976806848E-16, 0.000000000000000000, -1.000000000000000000 ) ) ;
#2778 = DIRECTION ( 'NONE',  ( -1.000000000000000000, 0.000000000000000000, 1.561251128379127765E-15 ) ) ;
#2779 = EDGE_CURVE ( 'NONE', #3688, #1569, #1015, .T. ) ;
#2780 = CARTESIAN_POINT ( 'NONE',  ( 0.000000000000000000, 0.8000000000000000444, 0.000000000000000000 ) ) ;
#2781 = ORIENTED_EDGE ( 'NONE', *, *, #2086, .F. ) ;
#2782 =( LENGTH_UNIT ( ) NAMED_UNIT ( * ) SI_UNIT ( .MILLI., .METRE. ) );
#2783 = EDGE_CURVE ( 'NONE', #4130, #1321, #3673, .T. ) ;
#2784 = PRESENTATION_STYLE_ASSIGNMENT (( #1069 ) ) ;
#2785 = ORIENTED_EDGE ( 'NONE', *, *, #1549, .T. ) ;
#2786 = FACE_OUTER_BOUND ( 'NONE', #3406, .T. ) ;
#2787 = ADVANCED_FACE ( 'NONE', ( #1362 ), #60, .T. ) ;
#2788 = DIRECTION ( 'NONE',  ( -1.000000000000000000, 0.000000000000000000, -1.908195823574487804E-15 ) ) ;
#2789 = CARTESIAN_POINT ( 'NONE',  ( 0.000000000000000000, 0.2000000000000000111, 0.000000000000000000 ) ) ;
#2790 = DIRECTION ( 'NONE',  ( 0.000000000000000000, -1.000000000000000000, 0.000000000000000000 ) ) ;
#2791 = STYLED_ITEM ( 'NONE', ( #2689 ), #3079 ) ;
#2792 = ORIENTED_EDGE ( 'NONE', *, *, #2885, .F. ) ;
#2793 = DIRECTION ( 'NONE',  ( 1.000000000000000000, 0.000000000000000000, 1.734723475976807094E-16 ) ) ;
#2794 = CARTESIAN_POINT ( 'NONE',  ( 0.6749999999999994893, 0.1999999999999999833, -0.6999999999999985123 ) ) ;
#2795 = AXIS2_PLACEMENT_3D ( 'NONE', #693, #2931, #2584 ) ;
#2796 = VECTOR ( 'NONE', #1304, 1000.000000000000000 ) ;
#2797 = VERTEX_POINT ( 'NONE', #3651 ) ;
#2798 = ORIENTED_EDGE ( 'NONE', *, *, #1693, .T. ) ;
#2799 =( LENGTH_UNIT ( ) NAMED_UNIT ( * ) SI_UNIT ( .MILLI., .METRE. ) );
#2800 = LINE ( 'NONE', #941, #296 ) ;
#2801 = VECTOR ( 'NONE', #4180, 1000.000000000000000 ) ;
#2802 = DIRECTION ( 'NONE',  ( -1.000000000000000000, 0.000000000000000000, 1.561251128379127963E-15 ) ) ;
#2803 = ORIENTED_EDGE ( 'NONE', *, *, #4072, .F. ) ;
#2804 =( GEOMETRIC_REPRESENTATION_CONTEXT ( 3 ) GLOBAL_UNCERTAINTY_ASSIGNED_CONTEXT ( ( #2709 ) ) GLOBAL_UNIT_ASSIGNED_CONTEXT ( ( #2799, #822, #493 ) ) REPRESENTATION_CONTEXT ( 'NONE', 'WORKASPACE' ) );
#2805 = EDGE_CURVE ( 'NONE', #2461, #2443, #3696, .T. ) ;
#2806 = ORIENTED_EDGE ( 'NONE', *, *, #2113, .F. ) ;
#2807 = LINE ( 'NONE', #1108, #157 ) ;
#2808 = CARTESIAN_POINT ( 'NONE',  ( 0.6749999999999992673, 0.000000000000000000, 0.5000000000000016653 ) ) ;
#2809 = CARTESIAN_POINT ( 'NONE',  ( -0.4249999999999994338, 0.2000000000000000111, -0.8999999999999990230 ) ) ;
#2810 = EDGE_LOOP ( 'NONE', ( #1165, #948, #1523, #3976, #2310 ) ) ;
#2811 = ADVANCED_FACE ( 'NONE', ( #3978 ), #2060, .T. ) ;
#2812 = DIRECTION ( 'NONE',  ( 1.000000000000000000, 0.000000000000000000, 1.734723475976806848E-16 ) ) ;
#2813 = CARTESIAN_POINT ( 'NONE',  ( 0.4249999999999995448, 0.2000000000000000111, -0.8999999999999988010 ) ) ;
#2814 = CARTESIAN_POINT ( 'NONE',  ( -0.4249999999999994893, 0.2000000000000000111, -0.4999999999999990563 ) ) ;
#2815 = LINE ( 'NONE', #3886, #432 ) ;
#2816 = EDGE_CURVE ( 'NONE', #406, #209, #714, .T. ) ;
#2817 =( GEOMETRIC_REPRESENTATION_CONTEXT ( 3 ) GLOBAL_UNCERTAINTY_ASSIGNED_CONTEXT ( ( #2355 ) ) GLOBAL_UNIT_ASSIGNED_CONTEXT ( ( #953, #931, #2296 ) ) REPRESENTATION_CONTEXT ( 'NONE', 'WORKASPACE' ) );
#2818 = ORIENTED_EDGE ( 'NONE', *, *, #2389, .F. ) ;
#2819 = CARTESIAN_POINT ( 'NONE',  ( -0.1999999999999997335, 0.2000000000000000944, -0.8000000000000022649 ) ) ;
#2820 = AXIS2_PLACEMENT_3D ( 'NONE', #3320, #2991, #2377 ) ;
#2821 = EDGE_LOOP ( 'NONE', ( #2928, #3092, #3343, #3284 ) ) ;
#2822 = ORIENTED_EDGE ( 'NONE', *, *, #3683, .F. ) ;
#2823 = LINE ( 'NONE', #3087, #87 ) ;
#2824 = AXIS2_PLACEMENT_3D ( 'NONE', #1589, #2923, #2557 ) ;
#2825 = DIRECTION ( 'NONE',  ( -1.000000000000000000, 0.000000000000000000, -1.734723475976806848E-16 ) ) ;
#2826 = VERTEX_POINT ( 'NONE', #2294 ) ;
#2827 = PRESENTATION_LAYER_ASSIGNMENT (  '', '', ( #3661 ) ) ;
#2828 = CARTESIAN_POINT ( 'NONE',  ( 0.6749999999999994893, 0.2000000000000000111, -0.4999999999999983902 ) ) ;
#2829 = DIRECTION ( 'NONE',  ( -1.000000000000000000, 0.000000000000000000, -1.734723475976806848E-16 ) ) ;
#2830 = ORIENTED_EDGE ( 'NONE', *, *, #3082, .F. ) ;
#2831 = VECTOR ( 'NONE', #1824, 1000.000000000000000 ) ;
#2832 = CARTESIAN_POINT ( 'NONE',  ( -0.6749999999999992673, 0.5201562118716424044, -0.8999999999999985789 ) ) ;
#2833 = DIRECTION ( 'NONE',  ( 0.000000000000000000, 1.000000000000000000, 0.000000000000000000 ) ) ;
#2834 = LINE ( 'NONE', #1917, #3595 ) ;
#2835 = PLANE ( 'NONE',  #3700 ) ;
#2836 = VECTOR ( 'NONE', #1793, 1000.000000000000000 ) ;
#2837 = CARTESIAN_POINT ( 'NONE',  ( -0.6749999999999993783, 0.000000000000000000, -0.09999999999999853451 ) ) ;
#2838 = CARTESIAN_POINT ( 'NONE',  ( 0.6749999999999991562, 0.05000000000000000278, 0.7000000000000017319 ) ) ;
#2839 = EDGE_CURVE ( 'NONE', #2625, #1903, #387, .T. ) ;
#2840 = ORIENTED_EDGE ( 'NONE', *, *, #1075, .T. ) ;
#2841 = ORIENTED_EDGE ( 'NONE', *, *, #2028, .F. ) ;
#2842 = SURFACE_SIDE_STYLE ('',( #2249 ) ) ;
#2843 = DIRECTION ( 'NONE',  ( -1.734723475976807094E-16, 0.000000000000000000, 1.000000000000000000 ) ) ;
#2844 = ADVANCED_FACE ( 'NONE', ( #692 ), #1665, .T. ) ;
#2845 = ORIENTED_EDGE ( 'NONE', *, *, #1042, .F. ) ;
#2846 = ORIENTED_EDGE ( 'NONE', *, *, #2761, .F. ) ;
#2847 = LINE ( 'NONE', #2483, #1068 ) ;
#2848 = CARTESIAN_POINT ( 'NONE',  ( 0.4249999999999995448, 0.000000000000000000, -0.8999999999999988010 ) ) ;
#2849 = DIRECTION ( 'NONE',  ( 0.000000000000000000, -1.000000000000000000, 0.000000000000000000 ) ) ;
#2850 = VERTEX_POINT ( 'NONE', #1714 ) ;
#2851 = CARTESIAN_POINT ( 'NONE',  ( 0.4249999999999994893, 0.1999999999999999833, -0.4999999999999988343 ) ) ;
#2852 = LINE ( 'NONE', #3927, #3846 ) ;
#2853 = DIRECTION ( 'NONE',  ( 1.000000000000000000, 0.000000000000000000, 1.908195823574487804E-15 ) ) ;
#2854 = DIRECTION ( 'NONE',  ( -0.000000000000000000, -1.000000000000000000, 0.000000000000000000 ) ) ;
#2855 = EDGE_CURVE ( 'NONE', #3789, #2694, #4312, .T. ) ;
#2856 = CARTESIAN_POINT ( 'NONE',  ( 0.6749999999999993783, 0.1999999999999999833, 0.1000000000000016848 ) ) ;
#2857 = DIRECTION ( 'NONE',  ( 1.734723475976806848E-16, 0.000000000000000000, -1.000000000000000000 ) ) ;
#2858 = ORIENTED_EDGE ( 'NONE', *, *, #1612, .F. ) ;
#2859 = VERTEX_POINT ( 'NONE', #3345 ) ;
#2860 = EDGE_CURVE ( 'NONE', #2287, #2054, #735, .T. ) ;
#2861 = DIRECTION ( 'NONE',  ( 1.000000000000000000, 0.000000000000000000, 1.734723475976806848E-16 ) ) ;
#2862 = CARTESIAN_POINT ( 'NONE',  ( -0.4249999999999997113, 0.2000000000000000111, 0.5000000000000014433 ) ) ;
#2863 = AXIS2_PLACEMENT_3D ( 'NONE', #2870, #212, #2504 ) ;
#2864 = VERTEX_POINT ( 'NONE', #1733 ) ;
#2865 = ORIENTED_EDGE ( 'NONE', *, *, #3565, .T. ) ;
#2866 = EDGE_CURVE ( 'NONE', #1618, #2577, #3963, .T. ) ;
#2867 = VECTOR ( 'NONE', #1382, 1000.000000000000000 ) ;
#2868 = VECTOR ( 'NONE', #542, 1000.000000000000000 ) ;
#2869 = DIRECTION ( 'NONE',  ( -1.000000000000000000, 0.000000000000000000, -1.734723475976806848E-16 ) ) ;
#2870 = CARTESIAN_POINT ( 'NONE',  ( -0.3817239400953550410, 0.8000000000000000444, -0.9846742545641591349 ) ) ;
#2871 = CARTESIAN_POINT ( 'NONE',  ( -0.2000000000000000389, 0.000000000000000000, 0.9999999999999988898 ) ) ;
#2872 = LINE ( 'NONE', #2153, #114 ) ;
#2873 = VECTOR ( 'NONE', #3392, 1000.000000000000000 ) ;
#2874 = ORIENTED_EDGE ( 'NONE', *, *, #1414, .T. ) ;
#2875 = DIRECTION ( 'NONE',  ( -1.000000000000000000, 0.000000000000000000, -1.908195823574487804E-15 ) ) ;
#2876 = ORIENTED_EDGE ( 'NONE', *, *, #47, .F. ) ;
#2877 = DIRECTION ( 'NONE',  ( 1.734723475976806848E-16, 0.000000000000000000, -1.000000000000000000 ) ) ;
#2878 = LINE ( 'NONE', #3512, #710 ) ;
#2879 = CARTESIAN_POINT ( 'NONE',  ( -2.775557561562890858E-16, 0.000000000000000000, 1.600000000000000089 ) ) ;
#2880 = CARTESIAN_POINT ( 'NONE',  ( 0.4249999999999994893, 0.2000000000000000111, -0.4999999999999988343 ) ) ;
#2881 = LINE ( 'NONE', #248, #1289 ) ;
#2882 = ORIENTED_EDGE ( 'NONE', *, *, #1314, .T. ) ;
#2883 = PLANE ( 'NONE',  #3306 ) ;
#2884 = VECTOR ( 'NONE', #3721, 1000.000000000000000 ) ;
#2885 = EDGE_CURVE ( 'NONE', #1688, #770, #2941, .T. ) ;
#2886 = ORIENTED_EDGE ( 'NONE', *, *, #3040, .T. ) ;
#2887 = ORIENTED_EDGE ( 'NONE', *, *, #3475, .F. ) ;
#2888 = VECTOR ( 'NONE', #1395, 1000.000000000000000 ) ;
#2889 = CARTESIAN_POINT ( 'NONE',  ( -0.4249999999999996558, 0.000000000000000000, 0.3000000000000011546 ) ) ;
#2890 = LINE ( 'NONE', #904, #3421 ) ;
#2891 = LINE ( 'NONE', #1531, #4140 ) ;
#2892 = CARTESIAN_POINT ( 'NONE',  ( -0.3817239400953550410, 0.8000000000000000444, -0.9846742545641591349 ) ) ;
#2893 = EDGE_CURVE ( 'NONE', #3101, #2577, #2017, .T. ) ;
#2894 = VECTOR ( 'NONE', #2600, 1000.000000000000000 ) ;
#2895 = ORIENTED_EDGE ( 'NONE', *, *, #3321, .F. ) ;
#2896 = CARTESIAN_POINT ( 'NONE',  ( 1.717376241217041587E-15, 0.05000000000000000278, 1.100000000000000533 ) ) ;
#2897 = VERTEX_POINT ( 'NONE', #1994 ) ;
#2898 = CARTESIAN_POINT ( 'NONE',  ( -0.2000000000000000389, 0.05000000000000012768, 0.9999999999999988898 ) ) ;
#2899 = CARTESIAN_POINT ( 'NONE',  ( 8.239936510889835671E-16, 0.2000000000000000944, -1.000000000000001110 ) ) ;
#2900 = AXIS2_PLACEMENT_3D ( 'NONE', #724, #3004, #398 ) ;
#2901 = DIRECTION ( 'NONE',  ( 0.000000000000000000, -1.000000000000000000, 0.000000000000000000 ) ) ;
#2902 = LINE ( 'NONE', #3227, #121 ) ;
#2903 = CLOSED_SHELL ( 'NONE', ( #480, #2214, #1180, #2702, #1500, #845 ) ) ;
#2904 = DIRECTION ( 'NONE',  ( 1.734723475976806848E-16, 0.000000000000000000, -1.000000000000000000 ) ) ;
#2905 = ORIENTED_EDGE ( 'NONE', *, *, #3094, .T. ) ;
#2906 = EDGE_CURVE ( 'NONE', #3311, #2192, #1038, .T. ) ;
#2907 = DIRECTION ( 'NONE',  ( 1.000000000000000000, 0.000000000000000000, 1.734723475976806848E-16 ) ) ;
#2908 = FACE_OUTER_BOUND ( 'NONE', #1478, .T. ) ;
#2909 = VERTEX_POINT ( 'NONE', #2039 ) ;
#2910 = EDGE_LOOP ( 'NONE', ( #990, #1218, #3434, #1892 ) ) ;
#2911 = DIRECTION ( 'NONE',  ( -1.734723475976806848E-16, 0.000000000000000000, 1.000000000000000000 ) ) ;
#2912 = LINE ( 'NONE', #2828, #3145 ) ;
#2913 = DIRECTION ( 'NONE',  ( -1.734723475976806848E-16, 0.000000000000000000, 1.000000000000000000 ) ) ;
#2914 = ORIENTED_EDGE ( 'NONE', *, *, #1816, .T. ) ;
#2915 = EDGE_CURVE ( 'NONE', #2864, #2204, #3326, .T. ) ;
#2916 = CARTESIAN_POINT ( 'NONE',  ( 0.4249999999999995448, 0.1999999999999999833, -0.8999999999999988010 ) ) ;
#2917 = ORIENTED_EDGE ( 'NONE', *, *, #1825, .T. ) ;
#2918 = FILL_AREA_STYLE ('',( #1197 ) ) ;
#2919 = LINE ( 'NONE', #508, #1427 ) ;
#2920 = EDGE_CURVE ( 'NONE', #2284, #1603, #3369, .T. ) ;
#2921 = CARTESIAN_POINT ( 'NONE',  ( -2.081668171172168513E-16, 0.2000000000000000111, 1.200000000000000178 ) ) ;
#2922 = DIRECTION ( 'NONE',  ( -1.734723475976806848E-16, 0.000000000000000000, 1.000000000000000000 ) ) ;
#2923 = DIRECTION ( 'NONE',  ( -1.000000000000000000, 0.000000000000000000, -1.734723475976806848E-16 ) ) ;
#2924 = VERTEX_POINT ( 'NONE', #799 ) ;
#2925 = DIRECTION ( 'NONE',  ( -1.734723475976806848E-16, 0.000000000000000000, 1.000000000000000000 ) ) ;
#2926 = LINE ( 'NONE', #2862, #39 ) ;
#2927 = ORIENTED_EDGE ( 'NONE', *, *, #2652, .T. ) ;
#2928 = ORIENTED_EDGE ( 'NONE', *, *, #809, .F. ) ;
#2929 = CARTESIAN_POINT ( 'NONE',  ( 0.2000000000000002609, 0.000000000000000000, -1.000000000000001110 ) ) ;
#2930 = VECTOR ( 'NONE', #1455, 1000.000000000000000 ) ;
#2931 = DIRECTION ( 'NONE',  ( 0.000000000000000000, 1.000000000000000000, 0.000000000000000000 ) ) ;
#2932 = LINE ( 'NONE', #1912, #3304 ) ;
#2933 = ADVANCED_FACE ( 'NONE', ( #1839 ), #3109, .T. ) ;
#2934 = AXIS2_PLACEMENT_3D ( 'NONE', #3303, #3593, #652 ) ;
#2935 = VECTOR ( 'NONE', #3597, 1000.000000000000000 ) ;
#2936 = EDGE_LOOP ( 'NONE', ( #4001, #1098, #1860, #3624 ) ) ;
#2937 = DIRECTION ( 'NONE',  ( -1.000000000000000000, 0.000000000000000000, -1.734723475976806848E-16 ) ) ;
#2938 = ORIENTED_EDGE ( 'NONE', *, *, #93, .F. ) ;
#2939 = CARTESIAN_POINT ( 'NONE',  ( -0.5000000000000001110, 0.2000000000000000111, -0.5000000000000046629 ) ) ;
#2940 = PRODUCT_DEFINITION_FORMATION_WITH_SPECIFIED_SOURCE ( 'ANY', '', #286, .NOT_KNOWN. ) ;
#2941 = CIRCLE ( 'NONE', #3782, 0.1251538907493651431 ) ;
#2942 = DIRECTION ( 'NONE',  ( 0.000000000000000000, -1.000000000000000000, 0.000000000000000000 ) ) ;
#2943 = CARTESIAN_POINT ( 'NONE',  ( -0.3817239400953550410, 0.6999999999999999556, -0.9846742545641591349 ) ) ;
#2944 = EDGE_CURVE ( 'NONE', #497, #536, #2407, .T. ) ;
#2945 = EDGE_LOOP ( 'NONE', ( #1207, #690, #891, #141 ) ) ;
#2946 = AXIS2_PLACEMENT_3D ( 'NONE', #543, #3853, #2232 ) ;
#2947 = LINE ( 'NONE', #1461, #3002 ) ;
#2948 = FACE_OUTER_BOUND ( 'NONE', #1774, .T. ) ;
#2949 = DIRECTION ( 'NONE',  ( 0.000000000000000000, 0.000000000000000000, -1.000000000000000000 ) ) ;
#2950 = ADVANCED_FACE ( 'NONE', ( #2500 ), #1799, .T. ) ;
#2951 = ORIENTED_EDGE ( 'NONE', *, *, #3048, .T. ) ;
#2952 = LINE ( 'NONE', #3273, #4272 ) ;
#2953 = DIRECTION ( 'NONE',  ( 1.000000000000000000, 0.000000000000000000, 1.734723475976806848E-16 ) ) ;
#2954 = ORIENTED_EDGE ( 'NONE', *, *, #684, .F. ) ;
#2955 = EDGE_LOOP ( 'NONE', ( #3090, #734, #2315, #1662 ) ) ;
#2956 = CARTESIAN_POINT ( 'NONE',  ( -0.4249999999999996003, 0.05000000000000000278, -7.372574772901422756E-17 ) ) ;
#2957 = DIRECTION ( 'NONE',  ( 1.000000000000000000, 0.000000000000000000, 1.734723475976806848E-16 ) ) ;
#2958 = DIRECTION ( 'NONE',  ( 1.000000000000000000, 0.000000000000000000, 1.734723475976806848E-16 ) ) ;
#2959 = VECTOR ( 'NONE', #3386, 1000.000000000000000 ) ;
#2960 = EDGE_LOOP ( 'NONE', ( #2994, #1393, #1865, #1644 ) ) ;
#2961 = FACE_OUTER_BOUND ( 'NONE', #1183, .T. ) ;
#2962 = DIRECTION ( 'NONE',  ( 1.734723475976807094E-16, 0.000000000000000000, -1.000000000000000000 ) ) ;
#2963 = VECTOR ( 'NONE', #380, 1000.000000000000000 ) ;
#2964 = ORIENTED_EDGE ( 'NONE', *, *, #2004, .F. ) ;
#2965 = ADVANCED_FACE ( 'NONE', ( #165 ), #2475, .F. ) ;
#2966 = LINE ( 'NONE', #399, #2727 ) ;
#2967 = LINE ( 'NONE', #4303, #3114 ) ;
#2968 = CARTESIAN_POINT ( 'NONE',  ( 0.4249999999999992673, 0.2000000000000000111, 0.5000000000000016653 ) ) ;
#2969 = UNCERTAINTY_MEASURE_WITH_UNIT (LENGTH_MEASURE( 1.000000000000000082E-05 ), #1652, 'distance_accuracy_value', 'NONE');
#2970 = VERTEX_POINT ( 'NONE', #428 ) ;
#2971 = VECTOR ( 'NONE', #3581, 1000.000000000000000 ) ;
#2972 = EDGE_CURVE ( 'NONE', #881, #3636, #2099, .T. ) ;
#2973 = DIRECTION ( 'NONE',  ( 1.000000000000000000, 0.000000000000000000, 1.734723475976806848E-16 ) ) ;
#2974 = DIRECTION ( 'NONE',  ( 0.000000000000000000, -1.000000000000000000, 0.000000000000000000 ) ) ;
#2975 = CARTESIAN_POINT ( 'NONE',  ( -5.724587470723472286E-16, 0.05000000000000000278, 0.3000000000000004885 ) ) ;
#2976 =( GEOMETRIC_REPRESENTATION_CONTEXT ( 3 ) GLOBAL_UNCERTAINTY_ASSIGNED_CONTEXT ( ( #52 ) ) GLOBAL_UNIT_ASSIGNED_CONTEXT ( ( #2434, #1192, #2106 ) ) REPRESENTATION_CONTEXT ( 'NONE', 'WORKASPACE' ) );
#2977 = ORIENTED_EDGE ( 'NONE', *, *, #3556, .F. ) ;
#2978 = VERTEX_POINT ( 'NONE', #3826 ) ;
#2979 = EDGE_CURVE ( 'NONE', #1993, #2503, #3742, .T. ) ;
#2980 = CARTESIAN_POINT ( 'NONE',  ( -0.4249999999999996558, 0.2000000000000000111, 0.3000000000000011546 ) ) ;
#2981 = LINE ( 'NONE', #1279, #2169 ) ;
#2982 = DIRECTION ( 'NONE',  ( 1.000000000000000000, -0.000000000000000000, 1.734723475976806848E-16 ) ) ;
#2983 = VERTEX_POINT ( 'NONE', #2738 ) ;
#2984 = DIRECTION ( 'NONE',  ( 1.734723475976806848E-16, 0.000000000000000000, -1.000000000000000000 ) ) ;
#2985 = ORIENTED_EDGE ( 'NONE', *, *, #570, .F. ) ;
#2986 = DIRECTION ( 'NONE',  ( 1.000000000000000000, -0.000000000000000000, -1.561251128379127765E-15 ) ) ;
#2987 = FACE_OUTER_BOUND ( 'NONE', #1727, .T. ) ;
#2988 = ADVANCED_FACE ( 'NONE', ( #1483 ), #2757, .F. ) ;
#2989 = EDGE_LOOP ( 'NONE', ( #2518, #1112, #2009, #1494 ) ) ;
#2990 = CARTESIAN_POINT ( 'NONE',  ( -6.938893903907227145E-17, 0.2000000000000000111, 0.4000000000000000222 ) ) ;
#2991 = DIRECTION ( 'NONE',  ( 0.7071067811865443531, -0.000000000000000000, 0.7071067811865506814 ) ) ;
#2992 = DIRECTION ( 'NONE',  ( -1.000000000000000000, 0.000000000000000000, 0.000000000000000000 ) ) ;
#2993 = EDGE_CURVE ( 'NONE', #3307, #426, #2079, .T. ) ;
#2994 = ORIENTED_EDGE ( 'NONE', *, *, #1604, .F. ) ;
#2995 = VERTEX_POINT ( 'NONE', #1753 ) ;
#2996 = DIRECTION ( 'NONE',  ( 0.000000000000000000, -1.000000000000000000, 0.000000000000000000 ) ) ;
#2997 = CARTESIAN_POINT ( 'NONE',  ( -0.2000000000000000944, 0.2000000000000000944, 0.9999999999999988898 ) ) ;
#2998 = DIRECTION ( 'NONE',  ( 1.000000000000000000, 0.000000000000000000, 1.908195823574487804E-15 ) ) ;
#2999 = EDGE_CURVE ( 'NONE', #4195, #97, #2823, .T. ) ;
#3000 = ORIENTED_EDGE ( 'NONE', *, *, #3432, .F. ) ;
#3001 = CARTESIAN_POINT ( 'NONE',  ( -0.4249999999999997113, 0.5201562118716424044, 0.7000000000000010658 ) ) ;
#3002 = VECTOR ( 'NONE', #2146, 1000.000000000000000 ) ;
#3003 = ORIENTED_EDGE ( 'NONE', *, *, #1429, .T. ) ;
#3004 = DIRECTION ( 'NONE',  ( 0.000000000000000000, 1.000000000000000000, 0.000000000000000000 ) ) ;
#3005 = VECTOR ( 'NONE', #2937, 1000.000000000000000 ) ;
#3006 = FACE_OUTER_BOUND ( 'NONE', #4094, .T. ) ;
#3007 = DIRECTION ( 'NONE',  ( -1.000000000000000000, 0.000000000000000000, 1.561251128379127765E-15 ) ) ;
#3008 = PLANE ( 'NONE',  #4220 ) ;
#3009 = PRESENTATION_LAYER_ASSIGNMENT (  '', '', ( #2457 ) ) ;
#3010 = UNCERTAINTY_MEASURE_WITH_UNIT (LENGTH_MEASURE( 1.000000000000000082E-05 ), #2720, 'distance_accuracy_value', 'NONE');
#3011 = ORIENTED_EDGE ( 'NONE', *, *, #545, .F. ) ;
#3012 = FILL_AREA_STYLE_COLOUR ( '', #81 ) ;
#3013 = EDGE_CURVE ( 'NONE', #837, #867, #4068, .T. ) ;
#3014 = PLANE ( 'NONE',  #2820 ) ;
#3015 = DIRECTION ( 'NONE',  ( 1.000000000000000000, 0.000000000000000000, 1.908195823574487804E-15 ) ) ;
#3016 = EDGE_LOOP ( 'NONE', ( #2298, #3809, #3173, #3873 ) ) ;
#3017 = VERTEX_POINT ( 'NONE', #1776 ) ;
#3018 = DIRECTION ( 'NONE',  ( 0.000000000000000000, -1.000000000000000000, 0.000000000000000000 ) ) ;
#3019 = DIRECTION ( 'NONE',  ( -0.000000000000000000, -1.000000000000000000, 0.000000000000000000 ) ) ;
#3020 = DIRECTION ( 'NONE',  ( 0.000000000000000000, -1.000000000000000000, 0.000000000000000000 ) ) ;
#3021 = EDGE_LOOP ( 'NONE', ( #343, #1694, #2053, #1280 ) ) ;
#3022 = CARTESIAN_POINT ( 'NONE',  ( -0.4249999999999996003, 0.5201562118716424044, -0.09999999999999892308 ) ) ;
#3023 = EDGE_CURVE ( 'NONE', #2970, #3962, #1082, .T. ) ;
#3024 = SURFACE_SIDE_STYLE ('',( #2301 ) ) ;
#3025 = VECTOR ( 'NONE', #3586, 1000.000000000000000 ) ;
#3026 = MANIFOLD_SOLID_BREP ( 'LPattern3[5]', #4162 ) ;
#3027 = ORIENTED_EDGE ( 'NONE', *, *, #1185, .F. ) ;
#3028 = CARTESIAN_POINT ( 'NONE',  ( -0.4249999999999997669, 0.04999999999999999584, 0.9000000000000013545 ) ) ;
#3029 = VECTOR ( 'NONE', #986, 1000.000000000000000 ) ;
#3030 = LINE ( 'NONE', #700, #1827 ) ;
#3031 = DIRECTION ( 'NONE',  ( -1.561251128379127765E-15, 0.000000000000000000, -1.000000000000000000 ) ) ;
#3032 = CARTESIAN_POINT ( 'NONE',  ( -0.6749999999999993783, 0.04999999999999999584, 0.3000000000000015432 ) ) ;
#3033 = CARTESIAN_POINT ( 'NONE',  ( -0.4249999999999994893, 0.5201562118716424044, -0.4999999999999990563 ) ) ;
#3034 = VECTOR ( 'NONE', #1518, 1000.000000000000000 ) ;
#3035 = EDGE_LOOP ( 'NONE', ( #758, #2215, #1012, #2078 ) ) ;
#3036 = LINE ( 'NONE', #3625, #913 ) ;
#3037 = DIRECTION ( 'NONE',  ( 1.908195823574487804E-15, 0.000000000000000000, -1.000000000000000000 ) ) ;
#3038 = CARTESIAN_POINT ( 'NONE',  ( 0.4249999999999994893, 0.2000000000000000111, -0.6999999999999985123 ) ) ;
#3039 = ORIENTED_EDGE ( 'NONE', *, *, #1775, .F. ) ;
#3040 = EDGE_CURVE ( 'NONE', #3086, #204, #2449, .T. ) ;
#3041 = VECTOR ( 'NONE', #74, 1000.000000000000000 ) ;
#3042 = ORIENTED_EDGE ( 'NONE', *, *, #2773, .T. ) ;
#3043 = CARTESIAN_POINT ( 'NONE',  ( 0.4249999999999994338, 0.2000000000000000111, -0.2999999999999984346 ) ) ;
#3044 = CARTESIAN_POINT ( 'NONE',  ( -0.1999999999999997335, 2.239607805437113797, -0.8000000000000010436 ) ) ;
#3045 = PLANE ( 'NONE',  #317 ) ;
#3046 = MANIFOLD_SOLID_BREP ( 'LPattern3[2]', #751 ) ;
#3047 = AXIS2_PLACEMENT_3D ( 'NONE', #804, #3465, #4182 ) ;
#3048 = EDGE_CURVE ( 'NONE', #3871, #2859, #2226, .T. ) ;
#3049 = VERTEX_POINT ( 'NONE', #4176 ) ;
#3050 = PLANE ( 'NONE',  #436 ) ;
#3051 =( NAMED_UNIT ( * ) PLANE_ANGLE_UNIT ( ) SI_UNIT ( $, .RADIAN. ) );
#3052 = ORIENTED_EDGE ( 'NONE', *, *, #4249, .F. ) ;
#3053 = ADVANCED_FACE ( 'NONE', ( #2603 ), #1186, .T. ) ;
#3054 = FACE_OUTER_BOUND ( 'NONE', #3143, .T. ) ;
#3055 = CARTESIAN_POINT ( 'NONE',  ( -1.561251128379128850E-16, 0.05000000000000000278, 0.9000000000000014655 ) ) ;
#3056 = DIRECTION ( 'NONE',  ( -0.000000000000000000, -1.000000000000000000, 0.000000000000000000 ) ) ;
#3057 = EDGE_CURVE ( 'NONE', #1844, #4051, #556, .T. ) ;
#3058 = ORIENTED_EDGE ( 'NONE', *, *, #3830, .T. ) ;
#3059 = MANIFOLD_SOLID_BREP ( 'Boss-Extrude2[1]', #3880 ) ;
#3060 = ORIENTED_EDGE ( 'NONE', *, *, #2550, .F. ) ;
#3061 = DIRECTION ( 'NONE',  ( 1.000000000000000000, 0.000000000000000000, 1.734723475976806848E-16 ) ) ;
#3062 = DIRECTION ( 'NONE',  ( -0.000000000000000000, -1.000000000000000000, 0.000000000000000000 ) ) ;
#3063 = VERTEX_POINT ( 'NONE', #2559 ) ;
#3064 = CARTESIAN_POINT ( 'NONE',  ( -8.673617379884061357E-17, 0.05000000000000000278, 0.5000000000000015543 ) ) ;
#3065 = LINE ( 'NONE', #101, #3076 ) ;
#3066 = CARTESIAN_POINT ( 'NONE',  ( 0.6749999999999991562, 0.1999999999999999833, 1.100000000000001865 ) ) ;
#3067 = ORIENTED_EDGE ( 'NONE', *, *, #1520, .T. ) ;
#3068 = ADVANCED_FACE ( 'NONE', ( #1571 ), #3892, .T. ) ;
#3069 = ORIENTED_EDGE ( 'NONE', *, *, #2860, .T. ) ;
#3070 = CARTESIAN_POINT ( 'NONE',  ( -0.6750000000000013767, 0.05000000000000000278, 1.250000000000000000 ) ) ;
#3071 = PLANE ( 'NONE',  #2104 ) ;
#3072 = MECHANICAL_DESIGN_GEOMETRIC_PRESENTATION_REPRESENTATION (  '', ( #1474 ), #1615 ) ;
#3073 = CARTESIAN_POINT ( 'NONE',  ( -0.3817239400953550410, 0.6999999999999999556, -0.9846742545641591349 ) ) ;
#3074 = ADVANCED_FACE ( 'NONE', ( #3913 ), #923, .T. ) ;
#3075 = CARTESIAN_POINT ( 'NONE',  ( -0.1999999999999997335, 0.000000000000000000, -0.8000000000000010436 ) ) ;
#3076 = VECTOR ( 'NONE', #1083, 1000.000000000000000 ) ;
#3077 = VECTOR ( 'NONE', #2639, 1000.000000000000000 ) ;
#3078 = ORIENTED_EDGE ( 'NONE', *, *, #3449, .T. ) ;
#3079 = MANIFOLD_SOLID_BREP ( 'Cut-Extrude4', #611 ) ;
#3080 = EDGE_LOOP ( 'NONE', ( #3112, #1243, #1315, #2502 ) ) ;
#3081 = LINE ( 'NONE', #3165, #2397 ) ;
#3082 = EDGE_CURVE ( 'NONE', #97, #1147, #3036, .T. ) ;
#3083 = CARTESIAN_POINT ( 'NONE',  ( 0.4249999999999992673, 0.2000000000000000111, 0.5000000000000016653 ) ) ;
#3084 = VECTOR ( 'NONE', #3845, 1000.000000000000000 ) ;
#3085 = ORIENTED_EDGE ( 'NONE', *, *, #2427, .T. ) ;
#3086 = VERTEX_POINT ( 'NONE', #4 ) ;
#3087 = CARTESIAN_POINT ( 'NONE',  ( 0.4249999999999992117, 0.2000000000000000111, 0.9000000000000015765 ) ) ;
#3088 = CARTESIAN_POINT ( 'NONE',  ( -0.4249999999999995448, 0.5201562118716424044, -0.2999999999999985456 ) ) ;
#3089 = CARTESIAN_POINT ( 'NONE',  ( -0.5068778308447200454, 0.6999999999999999556, -0.9846742545641591349 ) ) ;
#3090 = ORIENTED_EDGE ( 'NONE', *, *, #1291, .T. ) ;
#3091 = DIRECTION ( 'NONE',  ( 1.734723475976806848E-16, 0.000000000000000000, -1.000000000000000000 ) ) ;
#3092 = ORIENTED_EDGE ( 'NONE', *, *, #2314, .T. ) ;
#3093 = EDGE_CURVE ( 'NONE', #2235, #2043, #2952, .T. ) ;
#3094 = EDGE_CURVE ( 'NONE', #287, #3158, #967, .T. ) ;
#3095 = LINE ( 'NONE', #2047, #3214 ) ;
#3096 = PLANE ( 'NONE',  #4124 ) ;
#3097 = DIRECTION ( 'NONE',  ( 0.000000000000000000, -1.000000000000000000, 0.000000000000000000 ) ) ;
#3098 = CARTESIAN_POINT ( 'NONE',  ( 0.6749999999999992673, 0.1999999999999999833, 0.7000000000000017319 ) ) ;
#3099 = EDGE_CURVE ( 'NONE', #2074, #2442, #666, .T. ) ;
#3100 = VECTOR ( 'NONE', #2974, 1000.000000000000000 ) ;
#3101 = VERTEX_POINT ( 'NONE', #641 ) ;
#3102 = PLANE ( 'NONE',  #2683 ) ;
#3103 = CARTESIAN_POINT ( 'NONE',  ( -0.6749999999999993783, 0.2000000000000000111, -0.09999999999999853451 ) ) ;
#3104 = VECTOR ( 'NONE', #400, 1000.000000000000000 ) ;
#3105 = ORIENTED_EDGE ( 'NONE', *, *, #4044, .T. ) ;
#3106 = ORIENTED_EDGE ( 'NONE', *, *, #4013, .F. ) ;
#3107 = EDGE_CURVE ( 'NONE', #3277, #2693, #3297, .T. ) ;
#3108 = AXIS2_PLACEMENT_3D ( 'NONE', #4317, #656, #1323 ) ;
#3109 = PLANE ( 'NONE',  #3287 ) ;
#3110 = LINE ( 'NONE', #124, #2657 ) ;
#3111 = LINE ( 'NONE', #3500, #178 ) ;
#3112 = ORIENTED_EDGE ( 'NONE', *, *, #2460, .T. ) ;
#3113 = ADVANCED_FACE ( 'NONE', ( #1052 ), #1659, .F. ) ;
#3114 = VECTOR ( 'NONE', #2266, 1000.000000000000000 ) ;
#3115 = CARTESIAN_POINT ( 'NONE',  ( 0.6749999999999992673, 0.5201562118716424044, 0.5000000000000016653 ) ) ;
#3116 = CARTESIAN_POINT ( 'NONE',  ( 0.4249999999999994893, 0.2000000000000000111, -0.4999999999999988343 ) ) ;
#3117 = ORIENTED_EDGE ( 'NONE', *, *, #1230, .F. ) ;
#3118 = PLANE ( 'NONE',  #2102 ) ;
#3119 = CARTESIAN_POINT ( 'NONE',  ( 0.4249999999999995448, 0.5201562118716424044, -0.8999999999999988010 ) ) ;
#3120 = CARTESIAN_POINT ( 'NONE',  ( 0.4249999999999992673, 0.5201562118716424044, 0.5000000000000016653 ) ) ;
#3121 = DIRECTION ( 'NONE',  ( -0.000000000000000000, -1.000000000000000000, 0.000000000000000000 ) ) ;
#3122 = ORIENTED_EDGE ( 'NONE', *, *, #1764, .F. ) ;
#3123 = EDGE_LOOP ( 'NONE', ( #3765, #1536, #1154, #1277 ) ) ;
#3124 = PLANE ( 'NONE',  #1286 ) ;
#3125 = LINE ( 'NONE', #2470, #1786 ) ;
#3126 = EDGE_CURVE ( 'NONE', #3646, #1977, #4042, .T. ) ;
#3127 = ORIENTED_EDGE ( 'NONE', *, *, #229, .F. ) ;
#3128 = VERTEX_POINT ( 'NONE', #1970 ) ;
#3129 = DIRECTION ( 'NONE',  ( -1.000000000000000000, 0.000000000000000000, -1.734723475976806848E-16 ) ) ;
#3130 = CARTESIAN_POINT ( 'NONE',  ( 0.1999999999999999278, 2.239607805437113797, 0.9999999999999988898 ) ) ;
#3131 = DIRECTION ( 'NONE',  ( 0.000000000000000000, 1.000000000000000000, 0.000000000000000000 ) ) ;
#3132 = ADVANCED_FACE ( 'NONE', ( #1331 ), #4023, .T. ) ;
#3133 = ORIENTED_EDGE ( 'NONE', *, *, #778, .F. ) ;
#3134 = EDGE_LOOP ( 'NONE', ( #3042, #3221, #449, #1456 ) ) ;
#3135 = DIRECTION ( 'NONE',  ( -1.000000000000000000, 0.000000000000000000, 1.561251128379127765E-15 ) ) ;
#3136 = EDGE_CURVE ( 'NONE', #2983, #40, #359, .T. ) ;
#3137 = ORIENTED_EDGE ( 'NONE', *, *, #728, .T. ) ;
#3138 = DIRECTION ( 'NONE',  ( -1.000000000000000000, 0.000000000000000000, -1.908195823574487804E-15 ) ) ;
#3139 = PLANE ( 'NONE',  #2592 ) ;
#3140 = LINE ( 'NONE', #2814, #2753 ) ;
#3141 = PLANE ( 'NONE',  #151 ) ;
#3142 = MANIFOLD_SOLID_BREP ( 'LPattern3[9]', #402 ) ;
#3143 = EDGE_LOOP ( 'NONE', ( #1212, #1884, #3069, #2120 ) ) ;
#3144 = DIRECTION ( 'NONE',  ( 1.000000000000000000, 0.000000000000000000, 1.734723475976806848E-16 ) ) ;
#3145 = VECTOR ( 'NONE', #843, 1000.000000000000000 ) ;
#3146 = VECTOR ( 'NONE', #2507, 1000.000000000000000 ) ;
#3147 = ORIENTED_EDGE ( 'NONE', *, *, #3764, .F. ) ;
#3148 = DIRECTION ( 'NONE',  ( 1.000000000000000000, -0.000000000000000000, -1.561251128379127765E-15 ) ) ;
#3149 = AXIS2_PLACEMENT_3D ( 'NONE', #3684, #2833, #484 ) ;
#3150 = PRESENTATION_LAYER_ASSIGNMENT (  '', '', ( #921 ) ) ;
#3151 = CARTESIAN_POINT ( 'NONE',  ( 0.4249999999999994338, 0.2000000000000000111, -0.2999999999999984346 ) ) ;
#3152 = VERTEX_POINT ( 'NONE', #69 ) ;
#3153 = VECTOR ( 'NONE', #1436, 1000.000000000000000 ) ;
#3154 = EDGE_LOOP ( 'NONE', ( #2580, #1347, #764, #784 ) ) ;
#3155 = DIRECTION ( 'NONE',  ( 1.000000000000000000, 0.000000000000000000, 1.734723475976806848E-16 ) ) ;
#3156 = CARTESIAN_POINT ( 'NONE',  ( -0.4249999999999994893, 0.5201562118716424044, -0.4999999999999990563 ) ) ;
#3157 = CYLINDRICAL_SURFACE ( 'NONE', #3599, 0.1251538907493651431 ) ;
#3158 = VERTEX_POINT ( 'NONE', #3075 ) ;
#3159 = EDGE_CURVE ( 'NONE', #770, #646, #2747, .T. ) ;
#3160 = CARTESIAN_POINT ( 'NONE',  ( 0.4249999999999992673, 0.04999999999999999584, 0.7000000000000012879 ) ) ;
#3161 = LINE ( 'NONE', #811, #3706 ) ;
#3162 = LINE ( 'NONE', #4187, #872 ) ;
#3163 = CARTESIAN_POINT ( 'NONE',  ( 0.4249999999999995448, 0.1999999999999999833, -0.8999999999999988010 ) ) ;
#3164 = CARTESIAN_POINT ( 'NONE',  ( -0.4249999999999996003, 0.04999999999999999584, 0.1000000000000014905 ) ) ;
#3165 = CARTESIAN_POINT ( 'NONE',  ( -0.4249999999999996003, 0.05000000000000000278, -7.372574772901422756E-17 ) ) ;
#3166 = AXIS2_PLACEMENT_3D ( 'NONE', #1526, #2272, #624 ) ;
#3167 = ORIENTED_EDGE ( 'NONE', *, *, #88, .F. ) ;
#3168 = VERTEX_POINT ( 'NONE', #2090 ) ;
#3169 = CARTESIAN_POINT ( 'NONE',  ( 0.4249999999999991562, 0.2000000000000000111, 1.100000000000001199 ) ) ;
#3170 = VECTOR ( 'NONE', #3056, 1000.000000000000000 ) ;
#3171 = CARTESIAN_POINT ( 'NONE',  ( 0.6749999999999991562, 0.000000000000000000, 1.100000000000001865 ) ) ;
#3172 = EDGE_CURVE ( 'NONE', #2473, #2192, #2707, .T. ) ;
#3173 = ORIENTED_EDGE ( 'NONE', *, *, #2779, .T. ) ;
#3174 = AXIS2_PLACEMENT_3D ( 'NONE', #969, #1193, #2829 ) ;
#3175 = ORIENTED_EDGE ( 'NONE', *, *, #1935, .T. ) ;
#3176 = DIRECTION ( 'NONE',  ( 0.000000000000000000, -1.000000000000000000, 0.000000000000000000 ) ) ;
#3177 = CARTESIAN_POINT ( 'NONE',  ( 0.4249999999999991562, 0.5201562118716424044, 1.100000000000001199 ) ) ;
#3178 = CARTESIAN_POINT ( 'NONE',  ( 0.6749999999999994893, 0.1999999999999999833, -0.4999999999999983902 ) ) ;
#3179 = EDGE_CURVE ( 'NONE', #3871, #563, #3687, .T. ) ;
#3180 = ORIENTED_EDGE ( 'NONE', *, *, #2601, .T. ) ;
#3181 = CLOSED_SHELL ( 'NONE', ( #3906, #220, #474, #2173, #501, #1299 ) ) ;
#3182 = PLANE ( 'NONE',  #2374 ) ;
#3183 = DIRECTION ( 'NONE',  ( -1.000000000000000000, 0.000000000000000000, -1.908195823574487804E-15 ) ) ;
#3184 = EDGE_CURVE ( 'NONE', #1642, #3415, #1095, .T. ) ;
#3185 = CARTESIAN_POINT ( 'NONE',  ( -0.4249999999999996558, 0.5201562118716424044, 0.3000000000000011546 ) ) ;
#3186 = CARTESIAN_POINT ( 'NONE',  ( -0.3817239400953550410, 0.8000000000000000444, -0.9846742545641591349 ) ) ;
#3187 = EDGE_CURVE ( 'NONE', #4195, #293, #4060, .T. ) ;
#3188 = EDGE_LOOP ( 'NONE', ( #1195, #2075, #1622, #1718 ) ) ;
#3189 = ORIENTED_EDGE ( 'NONE', *, *, #3107, .T. ) ;
#3190 =( NAMED_UNIT ( * ) SI_UNIT ( $, .STERADIAN. ) SOLID_ANGLE_UNIT ( ) );
#3191 = DIRECTION ( 'NONE',  ( 0.000000000000000000, 1.000000000000000000, 0.000000000000000000 ) ) ;
#3192 = ORIENTED_EDGE ( 'NONE', *, *, #2601, .F. ) ;
#3193 = ORIENTED_EDGE ( 'NONE', *, *, #2783, .F. ) ;
#3194 = LINE ( 'NONE', #3259, #1199 ) ;
#3195 = PLANE ( 'NONE',  #1929 ) ;
#3196 = PLANE ( 'NONE',  #878 ) ;
#3197 = ORIENTED_EDGE ( 'NONE', *, *, #2016, .F. ) ;
#3198 = CARTESIAN_POINT ( 'NONE',  ( 1.040834085586084454E-15, 0.2000000000000000944, -1.000000000000001110 ) ) ;
#3199 = ADVANCED_FACE ( 'NONE', ( #2421 ), #4102, .F. ) ;
#3200 = FACE_OUTER_BOUND ( 'NONE', #2487, .T. ) ;
#3201 = DIRECTION ( 'NONE',  ( -1.000000000000000000, 0.000000000000000000, -1.734723475976806848E-16 ) ) ;
#3202 = EDGE_CURVE ( 'NONE', #576, #2356, #2441, .T. ) ;
#3203 = FACE_OUTER_BOUND ( 'NONE', #1511, .T. ) ;
#3204 = CARTESIAN_POINT ( 'NONE',  ( 0.4249999999999992117, 0.2000000000000000111, 0.9000000000000015765 ) ) ;
#3205 = LINE ( 'NONE', #224, #943 ) ;
#3206 = ORIENTED_EDGE ( 'NONE', *, *, #2042, .T. ) ;
#3207 = EDGE_CURVE ( 'NONE', #2534, #2680, #2073, .T. ) ;
#3208 = PRESENTATION_STYLE_ASSIGNMENT (( #537 ) ) ;
#3209 = PLANE ( 'NONE',  #3587 ) ;
#3210 = VECTOR ( 'NONE', #4029, 1000.000000000000000 ) ;
#3211 = EDGE_LOOP ( 'NONE', ( #386, #3545, #3027, #2140 ) ) ;
#3212 = ORIENTED_EDGE ( 'NONE', *, *, #1556, .T. ) ;
#3213 = VECTOR ( 'NONE', #3532, 1000.000000000000000 ) ;
#3214 = VECTOR ( 'NONE', #1003, 1000.000000000000000 ) ;
#3215 = DIRECTION ( 'NONE',  ( -1.734723475976806848E-16, 0.000000000000000000, 1.000000000000000000 ) ) ;
#3216 = LINE ( 'NONE', #3177, #3502 ) ;
#3217 = FACE_OUTER_BOUND ( 'NONE', #3265, .T. ) ;
#3218 = VECTOR ( 'NONE', #1905, 1000.000000000000000 ) ;
#3219 = ORIENTED_EDGE ( 'NONE', *, *, #1749, .T. ) ;
#3220 = LINE ( 'NONE', #4208, #2588 ) ;
#3221 = ORIENTED_EDGE ( 'NONE', *, *, #4085, .F. ) ;
#3222 = LINE ( 'NONE', #218, #3213 ) ;
#3223 = CARTESIAN_POINT ( 'NONE',  ( -0.6749999999999993783, 0.2000000000000000111, 0.3000000000000015432 ) ) ;
#3224 = ADVANCED_FACE ( 'NONE', ( #1117 ), #51, .T. ) ;
#3225 = EDGE_CURVE ( 'NONE', #867, #401, #3405, .T. ) ;
#3226 = CARTESIAN_POINT ( 'NONE',  ( 0.6749999999999991562, 0.2000000000000000111, 1.100000000000001865 ) ) ;
#3227 = CARTESIAN_POINT ( 'NONE',  ( 1.092875789865390244E-15, 0.05000000000000000278, 0.7000000000000003997 ) ) ;
#3228 = CARTESIAN_POINT ( 'NONE',  ( 0.4249999999999996003, 0.2000000000000000111, -1.099999999999998535 ) ) ;
#3229 = EDGE_CURVE ( 'NONE', #1147, #22, #91, .T. ) ;
#3230 = EDGE_LOOP ( 'NONE', ( #3388, #1120, #2765, #169 ) ) ;
#3231 = CARTESIAN_POINT ( 'NONE',  ( -0.4249999999999996003, 0.2000000000000000111, 0.1000000000000014905 ) ) ;
#3232 = DIRECTION ( 'NONE',  ( -1.000000000000000000, 0.000000000000000000, -1.734723475976806848E-16 ) ) ;
#3233 = AXIS2_PLACEMENT_3D ( 'NONE', #1955, #3572, #2958 ) ;
#3234 = EDGE_CURVE ( 'NONE', #3, #4026, #2051, .T. ) ;
#3235 = ORIENTED_EDGE ( 'NONE', *, *, #3040, .F. ) ;
#3236 = ORIENTED_EDGE ( 'NONE', *, *, #950, .F. ) ;
#3237 = VECTOR ( 'NONE', #95, 1000.000000000000000 ) ;
#3238 = CARTESIAN_POINT ( 'NONE',  ( 0.6749999999999994893, 0.5201562118716424044, -0.4999999999999983902 ) ) ;
#3239 = LINE ( 'NONE', #1911, #2304 ) ;
#3240 = LINE ( 'NONE', #1579, #1419 ) ;
#3241 = AXIS2_PLACEMENT_3D ( 'NONE', #3422, #3097, #111 ) ;
#3242 = ADVANCED_FACE ( 'NONE', ( #3423 ), #1374, .T. ) ;
#3243 = ORIENTED_EDGE ( 'NONE', *, *, #3207, .T. ) ;
#3244 = LINE ( 'NONE', #2916, #3494 ) ;
#3245 = ORIENTED_EDGE ( 'NONE', *, *, #3689, .F. ) ;
#3246 = VECTOR ( 'NONE', #1826, 1000.000000000000000 ) ;
#3247 = DIRECTION ( 'NONE',  ( 0.000000000000000000, -1.000000000000000000, 0.000000000000000000 ) ) ;
#3248 = CARTESIAN_POINT ( 'NONE',  ( 0.1999999999999999278, 2.239607805437113797, 0.9999999999999988898 ) ) ;
#3249 = VECTOR ( 'NONE', #4308, 1000.000000000000000 ) ;
#3250 = FACE_OUTER_BOUND ( 'NONE', #53, .T. ) ;
#3251 = LINE ( 'NONE', #4215, #2971 ) ;
#3252 = CLOSED_SHELL ( 'NONE', ( #138, #1190, #2117, #14, #2516, #2586 ) ) ;
#3253 = CARTESIAN_POINT ( 'NONE',  ( 0.6749999999999994893, 0.5201562118716424044, -0.8999999999999983569 ) ) ;
#3254 = ORIENTED_EDGE ( 'NONE', *, *, #1749, .F. ) ;
#3255 = EDGE_CURVE ( 'NONE', #907, #2797, #1767, .T. ) ;
#3256 = DIRECTION ( 'NONE',  ( -1.000000000000000000, 0.000000000000000000, -1.734723475976806848E-16 ) ) ;
#3257 = VERTEX_POINT ( 'NONE', #381 ) ;
#3258 = ORIENTED_EDGE ( 'NONE', *, *, #554, .F. ) ;
#3259 = CARTESIAN_POINT ( 'NONE',  ( -0.6749999999999996003, 0.1999999999999999833, 1.100000000000001421 ) ) ;
#3260 = LINE ( 'NONE', #2342, #1605 ) ;
#3261 = DIRECTION ( 'NONE',  ( -1.000000000000000000, 0.000000000000000000, 1.561251128379127765E-15 ) ) ;
#3262 = ADVANCED_FACE ( 'NONE', ( #3447 ), #1030, .T. ) ;
#3263 = ORIENTED_EDGE ( 'NONE', *, *, #1516, .F. ) ;
#3264 = LINE ( 'NONE', #2299, #4193 ) ;
#3265 = EDGE_LOOP ( 'NONE', ( #2037, #431, #1020, #680 ) ) ;
#3266 = ADVANCED_FACE ( 'NONE', ( #4212 ), #179, .F. ) ;
#3267 = DIRECTION ( 'NONE',  ( -1.734723475976806848E-16, 0.000000000000000000, 1.000000000000000000 ) ) ;
#3268 = ORIENTED_EDGE ( 'NONE', *, *, #3506, .T. ) ;
#3269 = FACE_OUTER_BOUND ( 'NONE', #2676, .T. ) ;
#3270 = DIRECTION ( 'NONE',  ( -1.000000000000000000, 0.000000000000000000, -1.734723475976806848E-16 ) ) ;
#3271 = LINE ( 'NONE', #2180, #253 ) ;
#3272 = EDGE_LOOP ( 'NONE', ( #3324, #1142, #1353, #741 ) ) ;
#3273 = CARTESIAN_POINT ( 'NONE',  ( 0.6749999999999996003, 0.2000000000000000111, -1.099999999999998312 ) ) ;
#3274 = DIRECTION ( 'NONE',  ( -1.000000000000000000, 0.000000000000000000, -1.734723475976806848E-16 ) ) ;
#3275 = EDGE_LOOP ( 'NONE', ( #2426, #676, #3969, #1559 ) ) ;
#3276 = ADVANCED_FACE ( 'NONE', ( #1834 ), #3141, .F. ) ;
#3277 = VERTEX_POINT ( 'NONE', #509 ) ;
#3278 = CARTESIAN_POINT ( 'NONE',  ( -0.6749999999999992673, 0.000000000000000000, -0.4999999999999986122 ) ) ;
#3279 = VECTOR ( 'NONE', #1553, 1000.000000000000000 ) ;
#3280 = LINE ( 'NONE', #2636, #2029 ) ;
#3281 = DIRECTION ( 'NONE',  ( -1.000000000000000000, 0.000000000000000000, 0.000000000000000000 ) ) ;
#3282 = VECTOR ( 'NONE', #2005, 1000.000000000000000 ) ;
#3283 = VECTOR ( 'NONE', #2812, 1000.000000000000000 ) ;
#3284 = ORIENTED_EDGE ( 'NONE', *, *, #3225, .T. ) ;
#3285 = DIRECTION ( 'NONE',  ( 0.000000000000000000, -1.000000000000000000, 0.000000000000000000 ) ) ;
#3286 = AXIS2_PLACEMENT_3D ( 'NONE', #24, #2684, #4015 ) ;
#3287 = AXIS2_PLACEMENT_3D ( 'NONE', #3169, #2163, #2777 ) ;
#3288 = FACE_OUTER_BOUND ( 'NONE', #2333, .T. ) ;
#3289 = CARTESIAN_POINT ( 'NONE',  ( -0.1999999999999997335, 0.2000000000000000944, -0.8000000000000010436 ) ) ;
#3290 = ORIENTED_EDGE ( 'NONE', *, *, #864, .F. ) ;
#3291 = EDGE_CURVE ( 'NONE', #3128, #1618, #2878, .T. ) ;
#3292 = CARTESIAN_POINT ( 'NONE',  ( -0.4249999999999993783, 0.5201562118716424044, -1.099999999999998535 ) ) ;
#3293 = LINE ( 'NONE', #213, #2831 ) ;
#3294 = CARTESIAN_POINT ( 'NONE',  ( 0.4249999999999992117, 0.2000000000000000111, 0.9000000000000015765 ) ) ;
#3295 = ADVANCED_FACE ( 'NONE', ( #4123 ), #1223, .F. ) ;
#3296 = ORIENTED_EDGE ( 'NONE', *, *, #263, .T. ) ;
#3297 = LINE ( 'NONE', #1292, #3711 ) ;
#3298 = CARTESIAN_POINT ( 'NONE',  ( -0.6750000000000013767, 0.05000000000000000278, 1.250000000000000000 ) ) ;
#3299 = LINE ( 'NONE', #4228, #1160 ) ;
#3300 = VERTEX_POINT ( 'NONE', #1136 ) ;
#3301 = ORIENTED_EDGE ( 'NONE', *, *, #1216, .F. ) ;
#3302 = DIRECTION ( 'NONE',  ( 1.000000000000000000, -0.000000000000000000, 1.734723475976806848E-16 ) ) ;
#3303 = CARTESIAN_POINT ( 'NONE',  ( -6.938893903907227145E-17, 0.000000000000000000, 0.4000000000000000222 ) ) ;
#3304 = VECTOR ( 'NONE', #3261, 1000.000000000000000 ) ;
#3305 = CARTESIAN_POINT ( 'NONE',  ( -0.6749999999999991562, 0.1999999999999999833, -1.099999999999998757 ) ) ;
#3306 = AXIS2_PLACEMENT_3D ( 'NONE', #538, #3191, #947 ) ;
#3307 = VERTEX_POINT ( 'NONE', #3163 ) ;
#3308 = ADVANCED_FACE ( 'NONE', ( #2465 ), #2835, .T. ) ;
#3309 = CARTESIAN_POINT ( 'NONE',  ( 0.4249999999999993783, 0.2000000000000000111, 0.1000000000000016293 ) ) ;
#3310 = VECTOR ( 'NONE', #2853, 1000.000000000000000 ) ;
#3311 = VERTEX_POINT ( 'NONE', #2178 ) ;
#3312 = AXIS2_PLACEMENT_3D ( 'NONE', #2367, #4073, #3091 ) ;
#3313 = CARTESIAN_POINT ( 'NONE',  ( 0.6749999999999992673, 0.2000000000000000111, 0.5000000000000016653 ) ) ;
#3314 = PLANE ( 'NONE',  #1233 ) ;
#3315 = DIRECTION ( 'NONE',  ( 1.734723475976806848E-16, 0.000000000000000000, -1.000000000000000000 ) ) ;
#3316 = EDGE_CURVE ( 'NONE', #1528, #2897, #1201, .T. ) ;
#3317 = VECTOR ( 'NONE', #86, 1000.000000000000000 ) ;
#3318 = VERTEX_POINT ( 'NONE', #1477 ) ;
#3319 = VECTOR ( 'NONE', #2158, 1000.000000000000000 ) ;
#3320 = CARTESIAN_POINT ( 'NONE',  ( 8.239936510889835671E-16, 2.239607805437113797, -1.000000000000001110 ) ) ;
#3321 = EDGE_CURVE ( 'NONE', #3307, #58, #2815, .T. ) ;
#3322 = CARTESIAN_POINT ( 'NONE',  ( 0.4249999999999993783, 0.1999999999999999833, 0.1000000000000016293 ) ) ;
#3323 =( GEOMETRIC_REPRESENTATION_CONTEXT ( 3 ) GLOBAL_UNCERTAINTY_ASSIGNED_CONTEXT ( ( #2 ) ) GLOBAL_UNIT_ASSIGNED_CONTEXT ( ( #2782, #193, #3832 ) ) REPRESENTATION_CONTEXT ( 'NONE', 'WORKASPACE' ) );
#3324 = ORIENTED_EDGE ( 'NONE', *, *, #3126, .T. ) ;
#3325 = ORIENTED_EDGE ( 'NONE', *, *, #2594, .T. ) ;
#3326 = LINE ( 'NONE', #346, #1689 ) ;
#3327 = CARTESIAN_POINT ( 'NONE',  ( 1.908195823574479915E-16, 0.05000000000000000278, -0.09999999999999958922 ) ) ;
#3328 = FACE_OUTER_BOUND ( 'NONE', #2405, .T. ) ;
#3329 = EDGE_LOOP ( 'NONE', ( #2085, #3713, #1273, #1036, #3219, #363, #2497, #364, #859, #3378, #173, #2252, #3418, #3672, #210, #423, #2229, #3681, #3258, #281, #2292, #3667, #2058, #94, #1722, #4222, #960, #3268 ) ) ;
#3330 = CARTESIAN_POINT ( 'NONE',  ( 0.4249999999999993783, 0.1999999999999999833, -0.09999999999999878431 ) ) ;
#3331 = FILL_AREA_STYLE ('',( #1978 ) ) ;
#3332 = EDGE_LOOP ( 'NONE', ( #4041, #4008, #3363, #1296 ) ) ;
#3333 = EDGE_CURVE ( 'NONE', #2797, #3779, #2219, .T. ) ;
#3334 = CARTESIAN_POINT ( 'NONE',  ( -0.6749999999999996003, 0.5201562118716424044, 1.100000000000001421 ) ) ;
#3335 = CARTESIAN_POINT ( 'NONE',  ( -0.4249999999999996558, 0.5201562118716424044, 0.3000000000000011546 ) ) ;
#3336 = DIRECTION ( 'NONE',  ( -1.000000000000000000, 0.000000000000000000, -1.734723475976806848E-16 ) ) ;
#3337 = VERTEX_POINT ( 'NONE', #4146 ) ;
#3338 = ADVANCED_FACE ( 'NONE', ( #2198 ), #3534, .F. ) ;
#3339 = DIRECTION ( 'NONE',  ( 1.000000000000000000, 0.000000000000000000, 1.734723475976806848E-16 ) ) ;
#3340 = PLANE ( 'NONE',  #2611 ) ;
#3341 = DIRECTION ( 'NONE',  ( -1.734723475976806848E-16, 0.000000000000000000, 1.000000000000000000 ) ) ;
#3342 = VERTEX_POINT ( 'NONE', #3289 ) ;
#3343 = ORIENTED_EDGE ( 'NONE', *, *, #2562, .T. ) ;
#3344 = ADVANCED_FACE ( 'NONE', ( #2596 ), #4237, .T. ) ;
#3345 = CARTESIAN_POINT ( 'NONE',  ( 0.4249999999999994893, 0.1999999999999999833, -0.4999999999999988343 ) ) ;
#3346 = CARTESIAN_POINT ( 'NONE',  ( -0.4249999999999996003, 0.5201562118716424044, -0.09999999999999892308 ) ) ;
#3347 = PLANE ( 'NONE',  #664 ) ;
#3348 = ORIENTED_EDGE ( 'NONE', *, *, #4227, .T. ) ;
#3349 = AXIS2_PLACEMENT_3D ( 'NONE', #3033, #2354, #703 ) ;
#3350 = FACE_OUTER_BOUND ( 'NONE', #3575, .T. ) ;
#3351 = SURFACE_SIDE_STYLE ('',( #615 ) ) ;
#3352 = VECTOR ( 'NONE', #2986, 1000.000000000000000 ) ;
#3353 = VECTOR ( 'NONE', #1932, 1000.000000000000000 ) ;
#3354 = EDGE_LOOP ( 'NONE', ( #991, #1303, #719, #3085 ) ) ;
#3355 = CARTESIAN_POINT ( 'NONE',  ( -0.4249999999999996558, 0.000000000000000000, 0.3000000000000011546 ) ) ;
#3356 = AXIS2_PLACEMENT_3D ( 'NONE', #505, #2156, #3469 ) ;
#3357 = VECTOR ( 'NONE', #1423, 1000.000000000000000 ) ;
#3358 = DIRECTION ( 'NONE',  ( 1.000000000000000000, 0.000000000000000000, 1.734723475976806848E-16 ) ) ;
#3359 = FACE_OUTER_BOUND ( 'NONE', #2606, .T. ) ;
#3360 = DIRECTION ( 'NONE',  ( 0.000000000000000000, -1.000000000000000000, 0.000000000000000000 ) ) ;
#3361 = ADVANCED_FACE ( 'NONE', ( #1941 ), #590, .F. ) ;
#3362 = VECTOR ( 'NONE', #3868, 1000.000000000000000 ) ;
#3363 = ORIENTED_EDGE ( 'NONE', *, *, #1525, .T. ) ;
#3364 = SURFACE_SIDE_STYLE ('',( #3669 ) ) ;
#3365 = CARTESIAN_POINT ( 'NONE',  ( -0.4249999999999996003, 0.2000000000000000111, -0.09999999999999892308 ) ) ;
#3366 = DIRECTION ( 'NONE',  ( -1.734723475976806848E-16, 0.000000000000000000, 1.000000000000000000 ) ) ;
#3367 = ORIENTED_EDGE ( 'NONE', *, *, #1541, .F. ) ;
#3368 = VERTEX_POINT ( 'NONE', #1564 ) ;
#3369 = LINE ( 'NONE', #3043, #19 ) ;
#3370 = DIRECTION ( 'NONE',  ( 0.000000000000000000, -1.000000000000000000, 0.000000000000000000 ) ) ;
#3371 = CARTESIAN_POINT ( 'NONE',  ( 0.000000000000000000, 0.05000000000000000278, 0.000000000000000000 ) ) ;
#3372 = EDGE_CURVE ( 'NONE', #1768, #27, #2283, .T. ) ;
#3373 = ORIENTED_EDGE ( 'NONE', *, *, #2893, .F. ) ;
#3374 = CARTESIAN_POINT ( 'NONE',  ( 0.000000000000000000, 0.2000000000000000111, 0.000000000000000000 ) ) ;
#3375 = DIRECTION ( 'NONE',  ( -1.000000000000000000, 0.000000000000000000, -1.734723475976806848E-16 ) ) ;
#3376 = ADVANCED_FACE ( 'NONE', ( #1263 ), #1919, .F. ) ;
#3377 = VECTOR ( 'NONE', #430, 1000.000000000000000 ) ;
#3378 = ORIENTED_EDGE ( 'NONE', *, *, #1572, .T. ) ;
#3379 = DIRECTION ( 'NONE',  ( 1.734723475976806848E-16, 0.000000000000000000, -1.000000000000000000 ) ) ;
#3380 = VECTOR ( 'NONE', #337, 1000.000000000000000 ) ;
#3381 = FACE_OUTER_BOUND ( 'NONE', #818, .T. ) ;
#3382 = FACE_OUTER_BOUND ( 'NONE', #2321, .T. ) ;
#3383 = DIRECTION ( 'NONE',  ( -1.734723475976806848E-16, 0.000000000000000000, 1.000000000000000000 ) ) ;
#3384 = ORIENTED_EDGE ( 'NONE', *, *, #3179, .F. ) ;
#3385 = ORIENTED_EDGE ( 'NONE', *, *, #3825, .T. ) ;
#3386 = DIRECTION ( 'NONE',  ( 0.000000000000000000, -1.000000000000000000, 0.000000000000000000 ) ) ;
#3387 = CARTESIAN_POINT ( 'NONE',  ( -0.6749999999999992673, 0.5201562118716424044, -0.4999999999999986122 ) ) ;
#3388 = ORIENTED_EDGE ( 'NONE', *, *, #4039, .F. ) ;
#3389 = CLOSED_SHELL ( 'NONE', ( #3899, #1712, #2150, #2681, #3562, #339 ) ) ;
#3390 = VERTEX_POINT ( 'NONE', #914 ) ;
#3391 = ADVANCED_FACE ( 'NONE', ( #310 ), #3578, .F. ) ;
#3392 = DIRECTION ( 'NONE',  ( -0.000000000000000000, -1.000000000000000000, 0.000000000000000000 ) ) ;
#3393 = DIRECTION ( 'NONE',  ( 1.000000000000000000, 0.000000000000000000, 1.734723475976806848E-16 ) ) ;
#3394 = DIRECTION ( 'NONE',  ( 1.908195823574487804E-15, 0.000000000000000000, -1.000000000000000000 ) ) ;
#3395 = PRESENTATION_LAYER_ASSIGNMENT (  '', '', ( #1861 ) ) ;
#3396 = VERTEX_POINT ( 'NONE', #616 ) ;
#3397 = EDGE_CURVE ( 'NONE', #4051, #2924, #4279, .T. ) ;
#3398 = CARTESIAN_POINT ( 'NONE',  ( -0.4249999999999996003, 0.1999999999999999833, 0.1000000000000014905 ) ) ;
#3399 = ORIENTED_EDGE ( 'NONE', *, *, #1023, .F. ) ;
#3400 = EDGE_CURVE ( 'NONE', #3568, #497, #2616, .T. ) ;
#3401 = CARTESIAN_POINT ( 'NONE',  ( -0.6749999999999992673, 0.2000000000000000111, -0.4999999999999986122 ) ) ;
#3402 = LINE ( 'NONE', #3752, #3919 ) ;
#3403 = CARTESIAN_POINT ( 'NONE',  ( -0.6749999999999992673, 0.1999999999999999833, -0.8999999999999985789 ) ) ;
#3404 = ADVANCED_BREP_SHAPE_REPRESENTATION ( 'DQD12', ( #3059, #134, #250, #3046, #227, #1608, #3026, #1674, #243, #199, #3142, #1686, #1631, #3079, #259, #2524 ), #992 ) ;
#3405 = LINE ( 'NONE', #1743, #3632 ) ;
#3406 = EDGE_LOOP ( 'NONE', ( #3175, #1871, #215, #1514 ) ) ;
#3407 = ORIENTED_EDGE ( 'NONE', *, *, #3316, .T. ) ;
#3408 = DIRECTION ( 'NONE',  ( 1.734723475976806848E-16, 0.000000000000000000, -1.000000000000000000 ) ) ;
#3409 = FACE_OUTER_BOUND ( 'NONE', #1057, .T. ) ;
#3410 = VERTEX_POINT ( 'NONE', #636 ) ;
#3411 = VERTEX_POINT ( 'NONE', #862 ) ;
#3412 = CARTESIAN_POINT ( 'NONE',  ( 0.6749999999999993783, 0.5201562118716424044, 0.3000000000000017653 ) ) ;
#3413 = DIRECTION ( 'NONE',  ( 0.000000000000000000, -1.000000000000000000, 0.000000000000000000 ) ) ;
#3414 = PLANE ( 'NONE',  #2748 ) ;
#3415 = VERTEX_POINT ( 'NONE', #3897 ) ;
#3416 = PRESENTATION_STYLE_ASSIGNMENT (( #3441 ) ) ;
#3417 = ADVANCED_FACE ( 'NONE', ( #2542 ), #2565, .T. ) ;
#3418 = ORIENTED_EDGE ( 'NONE', *, *, #634, .T. ) ;
#3419 = CARTESIAN_POINT ( 'NONE',  ( -0.4249999999999994338, 0.04999999999999999584, -0.8999999999999990230 ) ) ;
#3420 = CARTESIAN_POINT ( 'NONE',  ( 0.4249999999999992673, 0.1999999999999999833, 0.5000000000000016653 ) ) ;
#3421 = VECTOR ( 'NONE', #3811, 1000.000000000000000 ) ;
#3422 = CARTESIAN_POINT ( 'NONE',  ( 0.000000000000000000, 0.000000000000000000, 0.000000000000000000 ) ) ;
#3423 = FACE_OUTER_BOUND ( 'NONE', #3134, .T. ) ;
#3424 = EDGE_CURVE ( 'NONE', #4026, #1428, #4181, .T. ) ;
#3425 = VECTOR ( 'NONE', #2101, 1000.000000000000000 ) ;
#3426 = ORIENTED_EDGE ( 'NONE', *, *, #1947, .F. ) ;
#3427 = ORIENTED_EDGE ( 'NONE', *, *, #495, .F. ) ;
#3428 = LINE ( 'NONE', #2819, #3938 ) ;
#3429 =( GEOMETRIC_REPRESENTATION_CONTEXT ( 3 ) GLOBAL_UNCERTAINTY_ASSIGNED_CONTEXT ( ( #3623 ) ) GLOBAL_UNIT_ASSIGNED_CONTEXT ( ( #285, #3884, #892 ) ) REPRESENTATION_CONTEXT ( 'NONE', 'WORKASPACE' ) );
#3430 = FACE_OUTER_BOUND ( 'NONE', #856, .T. ) ;
#3431 = AXIS2_PLACEMENT_3D ( 'NONE', #2385, #35, #365 ) ;
#3432 = EDGE_CURVE ( 'NONE', #807, #723, #2890, .T. ) ;
#3433 = ORIENTED_EDGE ( 'NONE', *, *, #1080, .F. ) ;
#3434 = ORIENTED_EDGE ( 'NONE', *, *, #591, .T. ) ;
#3435 = CARTESIAN_POINT ( 'NONE',  ( -0.4249999999999994338, 0.5201562118716424044, -0.8999999999999990230 ) ) ;
#3436 = CARTESIAN_POINT ( 'NONE',  ( 0.6749999999999992673, 0.2000000000000000111, 0.5000000000000016653 ) ) ;
#3437 = LINE ( 'NONE', #3937, #389 ) ;
#3438 = ORIENTED_EDGE ( 'NONE', *, *, #809, .T. ) ;
#3439 = CARTESIAN_POINT ( 'NONE',  ( -0.6749999999999996003, 0.2000000000000000111, 1.100000000000001421 ) ) ;
#3440 = FILL_AREA_STYLE_COLOUR ( '', #1650 ) ;
#3441 = SURFACE_STYLE_USAGE ( .BOTH. , #3466 ) ;
#3442 = ORIENTED_EDGE ( 'NONE', *, *, #3579, .T. ) ;
#3443 = CARTESIAN_POINT ( 'NONE',  ( 0.6749999999999996003, 0.2000000000000000111, -1.099999999999998312 ) ) ;
#3444 = ADVANCED_FACE ( 'NONE', ( #4161 ), #1490, .F. ) ;
#3445 = PLANE ( 'NONE',  #2450 ) ;
#3446 = LINE ( 'NONE', #1742, #324 ) ;
#3447 = FACE_OUTER_BOUND ( 'NONE', #932, .T. ) ;
#3448 = AXIS2_PLACEMENT_3D ( 'NONE', #579, #3914, #3256 ) ;
#3449 = EDGE_CURVE ( 'NONE', #1890, #4296, #2847, .T. ) ;
#3450 = VERTEX_POINT ( 'NONE', #2188 ) ;
#3451 = DIRECTION ( 'NONE',  ( -1.000000000000000000, 0.000000000000000000, 1.561251128379127963E-15 ) ) ;
#3452 = LINE ( 'NONE', #470, #1856 ) ;
#3453 = VECTOR ( 'NONE', #2904, 1000.000000000000000 ) ;
#3454 = ORIENTED_EDGE ( 'NONE', *, *, #1241, .F. ) ;
#3455 = ORIENTED_EDGE ( 'NONE', *, *, #677, .F. ) ;
#3456 =( GEOMETRIC_REPRESENTATION_CONTEXT ( 3 ) GLOBAL_UNCERTAINTY_ASSIGNED_CONTEXT ( ( #2969 ) ) GLOBAL_UNIT_ASSIGNED_CONTEXT ( ( #1652, #375, #635 ) ) REPRESENTATION_CONTEXT ( 'NONE', 'WORKASPACE' ) );
#3457 = EDGE_CURVE ( 'NONE', #3857, #825, #3216, .T. ) ;
#3458 = FILL_AREA_STYLE_COLOUR ( '', #2525 ) ;
#3459 = DIRECTION ( 'NONE',  ( -1.000000000000000000, 0.000000000000000000, -1.734723475976806848E-16 ) ) ;
#3460 = LINE ( 'NONE', #3478, #1705 ) ;
#3461 = AXIS2_PLACEMENT_3D ( 'NONE', #1458, #2095, #3800 ) ;
#3462 = ORIENTED_EDGE ( 'NONE', *, *, #3321, .T. ) ;
#3463 = ORIENTED_EDGE ( 'NONE', *, *, #1185, .T. ) ;
#3464 = VECTOR ( 'NONE', #2510, 1000.000000000000000 ) ;
#3465 = DIRECTION ( 'NONE',  ( -1.000000000000000000, 0.000000000000000000, -1.734723475976806848E-16 ) ) ;
#3466 = SURFACE_SIDE_STYLE ('',( #3748 ) ) ;
#3467 = ORIENTED_EDGE ( 'NONE', *, *, #3372, .T. ) ;
#3468 = DIRECTION ( 'NONE',  ( 1.734723475976806848E-16, 0.000000000000000000, -1.000000000000000000 ) ) ;
#3469 = DIRECTION ( 'NONE',  ( 1.000000000000000000, 0.000000000000000000, 1.734723475976806848E-16 ) ) ;
#3470 = CARTESIAN_POINT ( 'NONE',  ( 0.6749999999999993783, 0.04999999999999999584, -0.2999999999999983791 ) ) ;
#3471 = ORIENTED_EDGE ( 'NONE', *, *, #2979, .F. ) ;
#3472 = VERTEX_POINT ( 'NONE', #3571 ) ;
#3473 = DIRECTION ( 'NONE',  ( 0.000000000000000000, 1.000000000000000000, 0.000000000000000000 ) ) ;
#3474 = CARTESIAN_POINT ( 'NONE',  ( -0.4249999999999997113, 0.000000000000000000, 0.5000000000000014433 ) ) ;
#3475 = EDGE_CURVE ( 'NONE', #2755, #1547, #1886, .T. ) ;
#3476 = ORIENTED_EDGE ( 'NONE', *, *, #2316, .F. ) ;
#3477 = VERTEX_POINT ( 'NONE', #1823 ) ;
#3478 = CARTESIAN_POINT ( 'NONE',  ( 0.6749999999999991562, 0.05000000000000000278, 1.250000000000000444 ) ) ;
#3479 = EDGE_CURVE ( 'NONE', #1844, #2602, #498, .T. ) ;
#3480 = ORIENTED_EDGE ( 'NONE', *, *, #1952, .T. ) ;
#3481 = ORIENTED_EDGE ( 'NONE', *, *, #1634, .T. ) ;
#3482 = DIRECTION ( 'NONE',  ( 1.734723475976806848E-16, 0.000000000000000000, -1.000000000000000000 ) ) ;
#3483 = FILL_AREA_STYLE ('',( #2129 ) ) ;
#3484 = DIRECTION ( 'NONE',  ( -1.734723475976806848E-16, 0.000000000000000000, 1.000000000000000000 ) ) ;
#3485 = ORIENTED_EDGE ( 'NONE', *, *, #3536, .F. ) ;
#3486 = DIRECTION ( 'NONE',  ( 1.734723475976806848E-16, 0.000000000000000000, -1.000000000000000000 ) ) ;
#3487 = LINE ( 'NONE', #2135, #300 ) ;
#3488 = DIRECTION ( 'NONE',  ( 1.000000000000000000, 0.000000000000000000, 1.734723475976806848E-16 ) ) ;
#3489 = CARTESIAN_POINT ( 'NONE',  ( -2.775557561562890858E-16, 0.2000000000000000111, 1.600000000000000089 ) ) ;
#3490 = LINE ( 'NONE', #512, #2344 ) ;
#3491 = ADVANCED_FACE ( 'NONE', ( #3831 ), #1530, .T. ) ;
#3492 = LINE ( 'NONE', #3737, #592 ) ;
#3493 = AXIS2_PLACEMENT_3D ( 'NONE', #3652, #4246, #2957 ) ;
#3494 = VECTOR ( 'NONE', #2875, 1000.000000000000000 ) ;
#3495 = VERTEX_POINT ( 'NONE', #1847 ) ;
#3496 = ORIENTED_EDGE ( 'NONE', *, *, #4147, .F. ) ;
#3497 = DIRECTION ( 'NONE',  ( -1.734723475976806848E-16, 0.000000000000000000, 1.000000000000000000 ) ) ;
#3498 = VECTOR ( 'NONE', #1059, 1000.000000000000000 ) ;
#3499 = EDGE_CURVE ( 'NONE', #3745, #1032, #3239, .T. ) ;
#3500 = CARTESIAN_POINT ( 'NONE',  ( 0.4249999999999992117, 0.1999999999999999833, 0.9000000000000015765 ) ) ;
#3501 = ORIENTED_EDGE ( 'NONE', *, *, #1979, .F. ) ;
#3502 = VECTOR ( 'NONE', #1191, 1000.000000000000000 ) ;
#3503 = EDGE_LOOP ( 'NONE', ( #4273, #3900, #32, #382 ) ) ;
#3504 = FACE_OUTER_BOUND ( 'NONE', #146, .T. ) ;
#3505 = LINE ( 'NONE', #974, #1485 ) ;
#3506 = EDGE_CURVE ( 'NONE', #2850, #1505, #827, .T. ) ;
#3507 = CARTESIAN_POINT ( 'NONE',  ( -0.4249999999999995448, 0.1999999999999999833, -0.2999999999999985456 ) ) ;
#3508 = ORIENTED_EDGE ( 'NONE', *, *, #1580, .T. ) ;
#3509 = CARTESIAN_POINT ( 'NONE',  ( 0.4249999999999992673, 0.1999999999999999833, 0.5000000000000016653 ) ) ;
#3510 = ADVANCED_FACE ( 'NONE', ( #561 ), #1512, .F. ) ;
#3511 = DIRECTION ( 'NONE',  ( 1.908195823574487804E-15, 0.000000000000000000, -1.000000000000000000 ) ) ;
#3512 = CARTESIAN_POINT ( 'NONE',  ( 0.6749999999999994893, 0.2000000000000000111, -0.6999999999999985123 ) ) ;
#3513 = VECTOR ( 'NONE', #1445, 1000.000000000000000 ) ;
#3514 = CARTESIAN_POINT ( 'NONE',  ( -0.4249999999999997669, 0.2000000000000000111, 0.9000000000000013545 ) ) ;
#3515 = LINE ( 'NONE', #3228, #672 ) ;
#3516 = VECTOR ( 'NONE', #1145, 1000.000000000000000 ) ;
#3517 = ORIENTED_EDGE ( 'NONE', *, *, #2816, .F. ) ;
#3518 = EDGE_LOOP ( 'NONE', ( #308, #496, #1070, #1908 ) ) ;
#3519 = FILL_AREA_STYLE ('',( #1926 ) ) ;
#3520 = AXIS2_PLACEMENT_3D ( 'NONE', #1676, #1328, #702 ) ;
#3521 = DIRECTION ( 'NONE',  ( 0.000000000000000000, -1.000000000000000000, 0.000000000000000000 ) ) ;
#3522 = ORIENTED_EDGE ( 'NONE', *, *, #2761, .T. ) ;
#3523 = COLOUR_RGB ( '',0.7921568627450980005, 0.8196078431372548767, 0.9333333333333333481 ) ;
#3524 = VERTEX_POINT ( 'NONE', #1868 ) ;
#3525 = FACE_OUTER_BOUND ( 'NONE', #3650, .T. ) ;
#3526 = CARTESIAN_POINT ( 'NONE',  ( -0.6749999999999992673, 0.5201562118716424044, -0.6999999999999987343 ) ) ;
#3527 = CARTESIAN_POINT ( 'NONE',  ( -0.5000000000000000000, 0.000000000000000000, -0.5000000000000018874 ) ) ;
#3528 = VECTOR ( 'NONE', #3062, 1000.000000000000000 ) ;
#3529 = ORIENTED_EDGE ( 'NONE', *, *, #2773, .F. ) ;
#3530 = EDGE_CURVE ( 'NONE', #2694, #3086, #1238, .T. ) ;
#3531 = CARTESIAN_POINT ( 'NONE',  ( 0.4249999999999995448, 0.5201562118716424044, -0.8999999999999988010 ) ) ;
#3532 = DIRECTION ( 'NONE',  ( -1.000000000000000000, 0.000000000000000000, -1.734723475976806848E-16 ) ) ;
#3533 = DIRECTION ( 'NONE',  ( 0.000000000000000000, 0.000000000000000000, 1.000000000000000000 ) ) ;
#3534 = PLANE ( 'NONE',  #4061 ) ;
#3535 = VECTOR ( 'NONE', #3854, 1000.000000000000000 ) ;
#3536 = EDGE_CURVE ( 'NONE', #2128, #1710, #2912, .T. ) ;
#3537 = CARTESIAN_POINT ( 'NONE',  ( -0.6749999999999992673, 0.04999999999999999584, -0.4999999999999986122 ) ) ;
#3538 = PLANE ( 'NONE',  #679 ) ;
#3539 = CARTESIAN_POINT ( 'NONE',  ( -0.6749999999999993783, 0.5201562118716424044, 0.3000000000000015432 ) ) ;
#3540 = ORIENTED_EDGE ( 'NONE', *, *, #3955, .T. ) ;
#3541 = ORIENTED_EDGE ( 'NONE', *, *, #3816, .T. ) ;
#3542 =( NAMED_UNIT ( * ) PLANE_ANGLE_UNIT ( ) SI_UNIT ( $, .RADIAN. ) );
#3543 = CARTESIAN_POINT ( 'NONE',  ( -0.6750000000000013767, 4.441214529035074854, -1.250000000000000444 ) ) ;
#3544 = ORIENTED_EDGE ( 'NONE', *, *, #1236, .F. ) ;
#3545 = ORIENTED_EDGE ( 'NONE', *, *, #3506, .F. ) ;
#3546 = CARTESIAN_POINT ( 'NONE',  ( 0.6749999999999991562, 0.1999999999999999833, 1.100000000000001865 ) ) ;
#3547 = DIRECTION ( 'NONE',  ( -1.734723475976806848E-16, 0.000000000000000000, 1.000000000000000000 ) ) ;
#3548 = PRESENTATION_STYLE_ASSIGNMENT (( #2585 ) ) ;
#3549 = EDGE_CURVE ( 'NONE', #2168, #3961, #1150, .T. ) ;
#3550 = DIRECTION ( 'NONE',  ( 0.000000000000000000, 1.000000000000000000, 0.000000000000000000 ) ) ;
#3551 = ADVANCED_FACE ( 'NONE', ( #3504 ), #2277, .T. ) ;
#3552 = ORIENTED_EDGE ( 'NONE', *, *, #1176, .F. ) ;
#3553 = DIRECTION ( 'NONE',  ( -1.000000000000000000, 0.000000000000000000, -1.734723475976806848E-16 ) ) ;
#3554 = ORIENTED_EDGE ( 'NONE', *, *, #1086, .F. ) ;
#3555 = DIRECTION ( 'NONE',  ( -1.734723475976806848E-16, 0.000000000000000000, 1.000000000000000000 ) ) ;
#3556 = EDGE_CURVE ( 'NONE', #4296, #2356, #279, .T. ) ;
#3557 = CARTESIAN_POINT ( 'NONE',  ( 0.6749999999999991562, 0.7999999999999999334, 1.250000000000000444 ) ) ;
#3558 = CARTESIAN_POINT ( 'NONE',  ( 0.1999999999999999278, 2.239607805437113797, 0.9999999999999988898 ) ) ;
#3559 = DIRECTION ( 'NONE',  ( -1.734723475976806848E-16, 0.000000000000000000, 1.000000000000000000 ) ) ;
#3560 = CARTESIAN_POINT ( 'NONE',  ( 0.4249999999999996003, 0.04999999999999999584, -1.099999999999998535 ) ) ;
#3561 = LINE ( 'NONE', #1182, #1014 ) ;
#3562 = ADVANCED_FACE ( 'NONE', ( #347 ), #4293, .F. ) ;
#3563 = ORIENTED_EDGE ( 'NONE', *, *, #1058, .T. ) ;
#3564 = FACE_OUTER_BOUND ( 'NONE', #1820, .T. ) ;
#3565 = EDGE_CURVE ( 'NONE', #1428, #2109, #3943, .T. ) ;
#3566 = AXIS2_PLACEMENT_3D ( 'NONE', #1800, #4214, #1267 ) ;
#3567 = ORIENTED_EDGE ( 'NONE', *, *, #1904, .T. ) ;
#3568 = VERTEX_POINT ( 'NONE', #2997 ) ;
#3569 = AXIS2_PLACEMENT_3D ( 'NONE', #1535, #3967, #1598 ) ;
#3570 = PLANE ( 'NONE',  #2305 ) ;
#3571 = CARTESIAN_POINT ( 'NONE',  ( -0.4249999999999994338, 0.1999999999999999833, -0.8999999999999990230 ) ) ;
#3572 = DIRECTION ( 'NONE',  ( 0.000000000000000000, -1.000000000000000000, 0.000000000000000000 ) ) ;
#3573 = ORIENTED_EDGE ( 'NONE', *, *, #2771, .T. ) ;
#3574 = LINE ( 'NONE', #2216, #297 ) ;
#3575 = EDGE_LOOP ( 'NONE', ( #4082, #2097, #3442, #503 ) ) ;
#3576 = DIRECTION ( 'NONE',  ( 1.000000000000000000, 0.000000000000000000, 1.734723475976806848E-16 ) ) ;
#3577 = DIRECTION ( 'NONE',  ( -0.000000000000000000, -1.000000000000000000, 0.000000000000000000 ) ) ;
#3578 = PLANE ( 'NONE',  #1533 ) ;
#3579 = EDGE_CURVE ( 'NONE', #3789, #3641, #12, .T. ) ;
#3580 = DIRECTION ( 'NONE',  ( -1.734723475976806848E-16, 0.000000000000000000, 1.000000000000000000 ) ) ;
#3581 = DIRECTION ( 'NONE',  ( 1.000000000000000000, 0.000000000000000000, 1.734723475976806848E-16 ) ) ;
#3582 = LINE ( 'NONE', #595, #3941 ) ;
#3583 = MECHANICAL_DESIGN_GEOMETRIC_PRESENTATION_REPRESENTATION (  '', ( #733 ), #938 ) ;
#3584 = EDGE_LOOP ( 'NONE', ( #3739, #882, #1534, #338 ) ) ;
#3585 = EDGE_CURVE ( 'NONE', #723, #3311, #2674, .T. ) ;
#3586 = DIRECTION ( 'NONE',  ( -0.000000000000000000, -1.000000000000000000, 0.000000000000000000 ) ) ;
#3587 = AXIS2_PLACEMENT_3D ( 'NONE', #3607, #1616, #2953 ) ;
#3588 = ORIENTED_EDGE ( 'NONE', *, *, #2466, .F. ) ;
#3589 = ORIENTED_EDGE ( 'NONE', *, *, #3867, .F. ) ;
#3590 = ADVANCED_FACE ( 'NONE', ( #1933 ), #1016, .F. ) ;
#3591 = VECTOR ( 'NONE', #2768, 1000.000000000000000 ) ;
#3592 = CARTESIAN_POINT ( 'NONE',  ( -0.2000000000000000944, 0.2000000000000000944, 0.9999999999999988898 ) ) ;
#3593 = DIRECTION ( 'NONE',  ( 0.000000000000000000, -1.000000000000000000, 0.000000000000000000 ) ) ;
#3594 = CARTESIAN_POINT ( 'NONE',  ( 0.6749999999999992673, 0.04999999999999999584, 0.9000000000000015765 ) ) ;
#3595 = VECTOR ( 'NONE', #3247, 1000.000000000000000 ) ;
#3596 = VERTEX_POINT ( 'NONE', #3980 ) ;
#3597 = DIRECTION ( 'NONE',  ( 0.000000000000000000, -1.000000000000000000, 0.000000000000000000 ) ) ;
#3598 = ORIENTED_EDGE ( 'NONE', *, *, #263, .F. ) ;
#3599 = AXIS2_PLACEMENT_3D ( 'NONE', #2892, #1532, #4205 ) ;
#3600 = CARTESIAN_POINT ( 'NONE',  ( -0.4249999999999998224, 0.2000000000000000111, 1.100000000000001199 ) ) ;
#3601 = DIRECTION ( 'NONE',  ( 0.000000000000000000, 1.000000000000000000, 0.000000000000000000 ) ) ;
#3602 = LINE ( 'NONE', #1543, #1538 ) ;
#3603 =( LENGTH_UNIT ( ) NAMED_UNIT ( * ) SI_UNIT ( .MILLI., .METRE. ) );
#3604 = DIRECTION ( 'NONE',  ( -0.000000000000000000, -1.000000000000000000, 0.000000000000000000 ) ) ;
#3605 = VERTEX_POINT ( 'NONE', #1341 ) ;
#3606 = DIRECTION ( 'NONE',  ( -1.000000000000000000, 0.000000000000000000, -1.734723475976806848E-16 ) ) ;
#3607 = CARTESIAN_POINT ( 'NONE',  ( -1.387778780781445429E-16, 0.000000000000000000, 0.8000000000000000444 ) ) ;
#3608 = ORIENTED_EDGE ( 'NONE', *, *, #2263, .F. ) ;
#3609 = VERTEX_POINT ( 'NONE', #996 ) ;
#3610 = PLANE ( 'NONE',  #989 ) ;
#3611 = DIRECTION ( 'NONE',  ( 0.000000000000000000, 1.000000000000000000, 0.000000000000000000 ) ) ;
#3612 = EDGE_CURVE ( 'NONE', #2436, #1903, #674, .T. ) ;
#3613 = ORIENTED_EDGE ( 'NONE', *, *, #840, .T. ) ;
#3614 = LINE ( 'NONE', #908, #2170 ) ;
#3615 = ORIENTED_EDGE ( 'NONE', *, *, #2885, .T. ) ;
#3616 = CARTESIAN_POINT ( 'NONE',  ( 0.4249999999999994893, 0.5201562118716424044, -0.4999999999999988343 ) ) ;
#3617 = EDGE_CURVE ( 'NONE', #266, #4026, #606, .T. ) ;
#3618 = DIRECTION ( 'NONE',  ( 1.000000000000000000, 0.000000000000000000, 1.734723475976806848E-16 ) ) ;
#3619 = EDGE_LOOP ( 'NONE', ( #2208, #3924, #1076, #3245 ) ) ;
#3620 = PLANE ( 'NONE',  #4262 ) ;
#3621 =( NAMED_UNIT ( * ) SI_UNIT ( $, .STERADIAN. ) SOLID_ANGLE_UNIT ( ) );
#3622 = CARTESIAN_POINT ( 'NONE',  ( -0.4249999999999998224, 0.04999999999999999584, 1.100000000000001199 ) ) ;
#3623 = UNCERTAINTY_MEASURE_WITH_UNIT (LENGTH_MEASURE( 1.000000000000000082E-05 ), #285, 'distance_accuracy_value', 'NONE');
#3624 = ORIENTED_EDGE ( 'NONE', *, *, #3776, .T. ) ;
#3625 = CARTESIAN_POINT ( 'NONE',  ( 0.4249999999999991562, 0.2000000000000000111, 1.100000000000001199 ) ) ;
#3626 = CARTESIAN_POINT ( 'NONE',  ( 0.4249999999999992673, 0.5201562118716424044, 0.7000000000000012879 ) ) ;
#3627 = LINE ( 'NONE', #3178, #3734 ) ;
#3628 = VERTEX_POINT ( 'NONE', #1691 ) ;
#3629 = ORIENTED_EDGE ( 'NONE', *, *, #1625, .T. ) ;
#3630 = EDGE_CURVE ( 'NONE', #1528, #2612, #3280, .T. ) ;
#3631 = DIRECTION ( 'NONE',  ( -1.734723475976806848E-16, 0.000000000000000000, 1.000000000000000000 ) ) ;
#3632 = VECTOR ( 'NONE', #3710, 1000.000000000000000 ) ;
#3633 = CARTESIAN_POINT ( 'NONE',  ( -0.4249999999999996003, 0.000000000000000000, -0.09999999999999892308 ) ) ;
#3634 = AXIS2_PLACEMENT_3D ( 'NONE', #2123, #2386, #3720 ) ;
#3635 = AXIS2_PLACEMENT_3D ( 'NONE', #483, #2488, #3138 ) ;
#3636 = VERTEX_POINT ( 'NONE', #3964 ) ;
#3637 = EDGE_CURVE ( 'NONE', #3390, #2755, #3260, .T. ) ;
#3638 = CARTESIAN_POINT ( 'NONE',  ( -0.4249999999999996003, 0.1999999999999999833, -0.09999999999999892308 ) ) ;
#3639 = VECTOR ( 'NONE', #2370, 1000.000000000000000 ) ;
#3640 = PRESENTATION_LAYER_ASSIGNMENT (  '', '', ( #1203 ) ) ;
#3641 = VERTEX_POINT ( 'NONE', #3633 ) ;
#3642 = EDGE_CURVE ( 'NONE', #2970, #1465, #367, .T. ) ;
#3643 = DIRECTION ( 'NONE',  ( 0.000000000000000000, -1.000000000000000000, 0.000000000000000000 ) ) ;
#3644 =( LENGTH_UNIT ( ) NAMED_UNIT ( * ) SI_UNIT ( .MILLI., .METRE. ) );
#3645 = CARTESIAN_POINT ( 'NONE',  ( -0.6749999999999993783, 0.5201562118716424044, 0.1000000000000014350 ) ) ;
#3646 = VERTEX_POINT ( 'NONE', #4269 ) ;
#3647 = LINE ( 'NONE', #667, #2327 ) ;
#3648 = DIRECTION ( 'NONE',  ( 1.000000000000000000, 0.000000000000000000, 1.734723475976806848E-16 ) ) ;
#3649 = ORIENTED_EDGE ( 'NONE', *, *, #362, .F. ) ;
#3650 = EDGE_LOOP ( 'NONE', ( #2225, #3760, #2456, #830 ) ) ;
#3651 = CARTESIAN_POINT ( 'NONE',  ( 0.6749999999999992673, 0.1999999999999999833, 0.7000000000000017319 ) ) ;
#3652 = CARTESIAN_POINT ( 'NONE',  ( 0.4249999999999993783, 0.5201562118716424044, 0.1000000000000016293 ) ) ;
#3653 = DIRECTION ( 'NONE',  ( 0.000000000000000000, -1.000000000000000000, 0.000000000000000000 ) ) ;
#3654 = EDGE_CURVE ( 'NONE', #1420, #3318, #1889, .T. ) ;
#3655 = VECTOR ( 'NONE', #777, 1000.000000000000000 ) ;
#3656 = ORIENTED_EDGE ( 'NONE', *, *, #950, .T. ) ;
#3657 = DIRECTION ( 'NONE',  ( 1.734723475976806848E-16, 0.000000000000000000, -1.000000000000000000 ) ) ;
#3658 = AXIS2_PLACEMENT_3D ( 'NONE', #3120, #2725, #1435 ) ;
#3659 = EDGE_CURVE ( 'NONE', #2247, #4233, #2981, .T. ) ;
#3660 = ORIENTED_EDGE ( 'NONE', *, *, #906, .T. ) ;
#3661 = STYLED_ITEM ( 'NONE', ( #978 ), #1608 ) ;
#3662 = CARTESIAN_POINT ( 'NONE',  ( -0.4249999999999997669, 0.2000000000000000111, 0.9000000000000013545 ) ) ;
#3663 = CARTESIAN_POINT ( 'NONE',  ( 0.4249999999999994338, 0.5201562118716424044, -0.2999999999999984346 ) ) ;
#3664 = LINE ( 'NONE', #2968, #181 ) ;
#3665 = VECTOR ( 'NONE', #4128, 1000.000000000000000 ) ;
#3666 = ADVANCED_FACE ( 'NONE', ( #1257 ), #1954, .F. ) ;
#3667 = ORIENTED_EDGE ( 'NONE', *, *, #1612, .T. ) ;
#3668 = VECTOR ( 'NONE', #1327, 1000.000000000000000 ) ;
#3669 = SURFACE_STYLE_FILL_AREA ( #1637 ) ;
#3670 = CARTESIAN_POINT ( 'NONE',  ( 0.4249999999999993228, 0.5201562118716424044, 0.3000000000000012657 ) ) ;
#3671 = CARTESIAN_POINT ( 'NONE',  ( 0.4249999999999996003, 0.2000000000000000111, -1.099999999999998535 ) ) ;
#3672 = ORIENTED_EDGE ( 'NONE', *, *, #3172, .T. ) ;
#3673 = LINE ( 'NONE', #10, #511 ) ;
#3674 = DIRECTION ( 'NONE',  ( -1.734723475976806848E-16, 0.000000000000000000, 1.000000000000000000 ) ) ;
#3675 = CARTESIAN_POINT ( 'NONE',  ( 0.4249999999999991562, 0.000000000000000000, 1.100000000000001199 ) ) ;
#3676 = ORIENTED_EDGE ( 'NONE', *, *, #3449, .F. ) ;
#3677 = LINE ( 'NONE', #2021, #4054 ) ;
#3678 = ADVANCED_FACE ( 'NONE', ( #2018 ), #3921, .F. ) ;
#3679 = ADVANCED_FACE ( 'NONE', ( #452 ), #2363, .F. ) ;
#3680 = DIRECTION ( 'NONE',  ( 0.000000000000000000, 0.000000000000000000, 1.000000000000000000 ) ) ;
#3681 = ORIENTED_EDGE ( 'NONE', *, *, #778, .T. ) ;
#3682 = LINE ( 'NONE', #3070, #2199 ) ;
#3683 = EDGE_CURVE ( 'NONE', #167, #604, #2040, .T. ) ;
#3684 = CARTESIAN_POINT ( 'NONE',  ( -0.3817239400953550410, 0.6999999999999999556, -0.9846742545641591349 ) ) ;
#3685 =( NAMED_UNIT ( * ) SI_UNIT ( $, .STERADIAN. ) SOLID_ANGLE_UNIT ( ) );
#3686 = LINE ( 'NONE', #3645, #3380 ) ;
#3687 = LINE ( 'NONE', #2726, #846 ) ;
#3688 = VERTEX_POINT ( 'NONE', #1715 ) ;
#3689 = EDGE_CURVE ( 'NONE', #625, #3410, #3065, .T. ) ;
#3690 = DIRECTION ( 'NONE',  ( 0.000000000000000000, 1.000000000000000000, 0.000000000000000000 ) ) ;
#3691 = LINE ( 'NONE', #3974, #2888 ) ;
#3692 = CARTESIAN_POINT ( 'NONE',  ( -0.6749999999999994893, 0.000000000000000000, 0.7000000000000015099 ) ) ;
#3693 = ORIENTED_EDGE ( 'NONE', *, *, #2567, .T. ) ;
#3694 = ORIENTED_EDGE ( 'NONE', *, *, #3965, .T. ) ;
#3695 = EDGE_CURVE ( 'NONE', #3342, #3158, #429, .T. ) ;
#3696 = LINE ( 'NONE', #1690, #3498 ) ;
#3697 = FACE_OUTER_BOUND ( 'NONE', #3154, .T. ) ;
#3698 = CARTESIAN_POINT ( 'NONE',  ( 0.4249999999999994893, 0.000000000000000000, -0.4999999999999988343 ) ) ;
#3699 = ORIENTED_EDGE ( 'NONE', *, *, #1414, .F. ) ;
#3700 = AXIS2_PLACEMENT_3D ( 'NONE', #4169, #4188, #200 ) ;
#3701 = FILL_AREA_STYLE ('',( #1761 ) ) ;
#3702 = VECTOR ( 'NONE', #3413, 1000.000000000000000 ) ;
#3703 = VECTOR ( 'NONE', #1237, 1000.000000000000000 ) ;
#3704 = ORIENTED_EDGE ( 'NONE', *, *, #1385, .T. ) ;
#3705 = DIRECTION ( 'NONE',  ( 1.000000000000000000, 0.000000000000000000, 1.734723475976806848E-16 ) ) ;
#3706 = VECTOR ( 'NONE', #788, 1000.000000000000000 ) ;
#3707 = AXIS2_PLACEMENT_3D ( 'NONE', #3719, #3302, #325 ) ;
#3708 = LINE ( 'NONE', #1725, #649 ) ;
#3709 = DIRECTION ( 'NONE',  ( -1.000000000000000000, 0.000000000000000000, -1.734723475976806848E-16 ) ) ;
#3710 = DIRECTION ( 'NONE',  ( -1.734723475976807094E-16, 0.000000000000000000, 1.000000000000000000 ) ) ;
#3711 = VECTOR ( 'NONE', #2011, 1000.000000000000000 ) ;
#3712 = EDGE_CURVE ( 'NONE', #1628, #576, #1039, .T. ) ;
#3713 = ORIENTED_EDGE ( 'NONE', *, *, #1241, .T. ) ;
#3714 = CARTESIAN_POINT ( 'NONE',  ( -0.4249999999999996003, 0.2000000000000000111, 0.1000000000000014905 ) ) ;
#3715 = LINE ( 'NONE', #1079, #3041 ) ;
#3716 = ADVANCED_FACE ( 'NONE', ( #3697 ), #1363, .T. ) ;
#3717 = ORIENTED_EDGE ( 'NONE', *, *, #1343, .T. ) ;
#3718 = ORIENTED_EDGE ( 'NONE', *, *, #634, .F. ) ;
#3719 = CARTESIAN_POINT ( 'NONE',  ( 0.4249999999999995448, 0.2000000000000000111, -0.8999999999999988010 ) ) ;
#3720 = DIRECTION ( 'NONE',  ( -1.000000000000000000, 0.000000000000000000, -1.908195823574487804E-15 ) ) ;
#3721 = DIRECTION ( 'NONE',  ( 1.000000000000000000, -0.000000000000000000, -1.561251128379127765E-15 ) ) ;
#3722 = ADVANCED_FACE ( 'NONE', ( #736 ), #2061, .F. ) ;
#3723 = VERTEX_POINT ( 'NONE', #1755 ) ;
#3724 = VECTOR ( 'NONE', #738, 1000.000000000000000 ) ;
#3725 = CARTESIAN_POINT ( 'NONE',  ( -0.4249999999999996003, 0.05000000000000000278, -7.372574772901422756E-17 ) ) ;
#3726 = LINE ( 'NONE', #2809, #875 ) ;
#3727 = VECTOR ( 'NONE', #4150, 1000.000000000000000 ) ;
#3728 = ORIENTED_EDGE ( 'NONE', *, *, #2526, .F. ) ;
#3729 = DIRECTION ( 'NONE',  ( -1.000000000000000000, 0.000000000000000000, 1.561251128379127765E-15 ) ) ;
#3730 = VECTOR ( 'NONE', #4144, 1000.000000000000000 ) ;
#3731 = LINE ( 'NONE', #1497, #1202 ) ;
#3732 = DIRECTION ( 'NONE',  ( 1.734723475976806848E-16, 0.000000000000000000, -1.000000000000000000 ) ) ;
#3733 = DIRECTION ( 'NONE',  ( 1.000000000000000000, 0.000000000000000000, 1.734723475976806848E-16 ) ) ;
#3734 = VECTOR ( 'NONE', #2190, 1000.000000000000000 ) ;
#3735 = ORIENTED_EDGE ( 'NONE', *, *, #41, .T. ) ;
#3736 = ORIENTED_EDGE ( 'NONE', *, *, #2004, .T. ) ;
#3737 = CARTESIAN_POINT ( 'NONE',  ( 0.6749999999999991562, 0.05000000000000000278, 1.250000000000000444 ) ) ;
#3738 = PLANE ( 'NONE',  #2760 ) ;
#3739 = ORIENTED_EDGE ( 'NONE', *, *, #3579, .F. ) ;
#3740 = PRESENTATION_LAYER_ASSIGNMENT (  '', '', ( #880 ) ) ;
#3741 = ORIENTED_EDGE ( 'NONE', *, *, #3695, .T. ) ;
#3742 = LINE ( 'NONE', #1399, #3847 ) ;
#3743 = DIRECTION ( 'NONE',  ( 1.734723475976806848E-16, 0.000000000000000000, -1.000000000000000000 ) ) ;
#3744 = DIRECTION ( 'NONE',  ( 0.000000000000000000, 1.000000000000000000, 0.000000000000000000 ) ) ;
#3745 = VERTEX_POINT ( 'NONE', #1777 ) ;
#3746 = DIRECTION ( 'NONE',  ( 1.000000000000000000, 0.000000000000000000, 1.734723475976806848E-16 ) ) ;
#3747 = EDGE_CURVE ( 'NONE', #1482, #3605, #3786, .T. ) ;
#3748 = SURFACE_STYLE_FILL_AREA ( #2108 ) ;
#3749 = ORIENTED_EDGE ( 'NONE', *, *, #2316, .T. ) ;
#3750 = DIRECTION ( 'NONE',  ( 1.734723475976806848E-16, 0.000000000000000000, -1.000000000000000000 ) ) ;
#3751 = EDGE_CURVE ( 'NONE', #1581, #298, #1104, .T. ) ;
#3752 = CARTESIAN_POINT ( 'NONE',  ( -0.6749999999999993783, 0.1999999999999999833, 0.3000000000000015432 ) ) ;
#3753 = LINE ( 'NONE', #767, #3170 ) ;
#3754 = CARTESIAN_POINT ( 'NONE',  ( -0.4249999999999993783, 0.000000000000000000, -1.099999999999998535 ) ) ;
#3755 = VERTEX_POINT ( 'NONE', #776 ) ;
#3756 = VERTEX_POINT ( 'NONE', #2739 ) ;
#3757 = DIRECTION ( 'NONE',  ( 1.000000000000000000, 0.000000000000000000, 1.908195823574487804E-15 ) ) ;
#3758 = DIRECTION ( 'NONE',  ( 0.000000000000000000, 0.000000000000000000, -1.000000000000000000 ) ) ;
#3759 = ORIENTED_EDGE ( 'NONE', *, *, #2499, .T. ) ;
#3760 = ORIENTED_EDGE ( 'NONE', *, *, #4134, .T. ) ;
#3761 = CARTESIAN_POINT ( 'NONE',  ( 0.1999999999999999278, 2.239607805437113797, 0.9999999999999988898 ) ) ;
#3762 = LINE ( 'NONE', #1061, #3425 ) ;
#3763 = FACE_OUTER_BOUND ( 'NONE', #478, .T. ) ;
#3764 = EDGE_CURVE ( 'NONE', #2128, #3128, #4069, .T. ) ;
#3765 = ORIENTED_EDGE ( 'NONE', *, *, #394, .T. ) ;
#3766 = CARTESIAN_POINT ( 'NONE',  ( -0.6749999999999992673, 0.000000000000000000, -0.6999999999999987343 ) ) ;
#3767 = FILL_AREA_STYLE_COLOUR ( '', #336 ) ;
#3768 = DIRECTION ( 'NONE',  ( -1.561251128379127765E-15, 0.000000000000000000, -1.000000000000000000 ) ) ;
#3769 = ORIENTED_EDGE ( 'NONE', *, *, #1105, .F. ) ;
#3770 = EDGE_CURVE ( 'NONE', #1688, #1366, #761, .T. ) ;
#3771 = FACE_OUTER_BOUND ( 'NONE', #2338, .T. ) ;
#3772 = DIRECTION ( 'NONE',  ( 1.000000000000000000, 0.000000000000000000, 1.734723475976806848E-16 ) ) ;
#3773 = VECTOR ( 'NONE', #4238, 1000.000000000000000 ) ;
#3774 = CARTESIAN_POINT ( 'NONE',  ( -0.5068778308447200454, 0.8000000000000000444, -0.9846742545641591349 ) ) ;
#3775 = DIRECTION ( 'NONE',  ( -1.000000000000000000, 0.000000000000000000, -1.734723475976806848E-16 ) ) ;
#3776 = EDGE_CURVE ( 'NONE', #3609, #2461, #800, .T. ) ;
#3777 = VECTOR ( 'NONE', #3643, 1000.000000000000000 ) ;
#3778 = VECTOR ( 'NONE', #3379, 1000.000000000000000 ) ;
#3779 = VERTEX_POINT ( 'NONE', #4090 ) ;
#3780 = CARTESIAN_POINT ( 'NONE',  ( -0.4249999999999996558, 0.1999999999999999833, 0.3000000000000011546 ) ) ;
#3781 = PLANE ( 'NONE',  #2133 ) ;
#3782 = AXIS2_PLACEMENT_3D ( 'NONE', #2695, #2317, #77 ) ;
#3783 = ORIENTED_EDGE ( 'NONE', *, *, #21, .T. ) ;
#3784 = ORIENTED_EDGE ( 'NONE', *, *, #3637, .F. ) ;
#3785 = SURFACE_SIDE_STYLE ('',( #1443 ) ) ;
#3786 = LINE ( 'NONE', #78, #3210 ) ;
#3787 = CARTESIAN_POINT ( 'NONE',  ( 0.4249999999999993783, 0.04999999999999999584, 0.1000000000000016293 ) ) ;
#3788 = ORIENTED_EDGE ( 'NONE', *, *, #609, .T. ) ;
#3789 = VERTEX_POINT ( 'NONE', #2429 ) ;
#3790 = PRESENTATION_STYLE_ASSIGNMENT (( #1109 ) ) ;
#3791 = ORIENTED_EDGE ( 'NONE', *, *, #945, .F. ) ;
#3792 = DIRECTION ( 'NONE',  ( -1.734723475976806848E-16, 0.000000000000000000, 1.000000000000000000 ) ) ;
#3793 = DIRECTION ( 'NONE',  ( 1.734723475976806848E-16, 0.000000000000000000, -1.000000000000000000 ) ) ;
#3794 = LINE ( 'NONE', #3403, #1156 ) ;
#3795 = AXIS2_PLACEMENT_3D ( 'NONE', #607, #4294, #280 ) ;
#3796 = AXIS2_PLACEMENT_3D ( 'NONE', #2400, #1099, #3451 ) ;
#3797 = ORIENTED_EDGE ( 'NONE', *, *, #1247, .F. ) ;
#3798 = CARTESIAN_POINT ( 'NONE',  ( 0.4249999999999993783, 0.2000000000000000111, -0.09999999999999878431 ) ) ;
#3799 = EDGE_CURVE ( 'NONE', #130, #233, #2451, .T. ) ;
#3800 = DIRECTION ( 'NONE',  ( -1.734723475976806848E-16, 0.000000000000000000, 1.000000000000000000 ) ) ;
#3801 = VECTOR ( 'NONE', #851, 1000.000000000000000 ) ;
#3802 = ORIENTED_EDGE ( 'NONE', *, *, #939, .T. ) ;
#3803 = ORIENTED_EDGE ( 'NONE', *, *, #4219, .T. ) ;
#3804 = PRESENTATION_LAYER_ASSIGNMENT (  '', '', ( #2690 ) ) ;
#3805 = CARTESIAN_POINT ( 'NONE',  ( 0.4249999999999991562, 0.1999999999999999833, 1.100000000000001199 ) ) ;
#3806 = DIRECTION ( 'NONE',  ( -1.561251128379127963E-15, 0.000000000000000000, -1.000000000000000000 ) ) ;
#3807 = VECTOR ( 'NONE', #3366, 1000.000000000000000 ) ;
#3808 = ORIENTED_EDGE ( 'NONE', *, *, #2979, .T. ) ;
#3809 = ORIENTED_EDGE ( 'NONE', *, *, #1446, .F. ) ;
#3810 = LINE ( 'NONE', #128, #3353 ) ;
#3811 = DIRECTION ( 'NONE',  ( 1.734723475976807094E-16, 0.000000000000000000, -1.000000000000000000 ) ) ;
#3812 =( GEOMETRIC_REPRESENTATION_CONTEXT ( 3 ) GLOBAL_UNCERTAINTY_ASSIGNED_CONTEXT ( ( #2008 ) ) GLOBAL_UNIT_ASSIGNED_CONTEXT ( ( #3603, #2621, #3621 ) ) REPRESENTATION_CONTEXT ( 'NONE', 'WORKASPACE' ) );
#3813 = PLANE ( 'NONE',  #3047 ) ;
#3814 = LINE ( 'NONE', #4163, #3246 ) ;
#3815 = VERTEX_POINT ( 'NONE', #388 ) ;
#3816 = EDGE_CURVE ( 'NONE', #2538, #825, #61, .T. ) ;
#3817 = DIRECTION ( 'NONE',  ( 1.000000000000000000, 0.000000000000000000, 1.734723475976806848E-16 ) ) ;
#3818 = LINE ( 'NONE', #2439, #1758 ) ;
#3819 = CARTESIAN_POINT ( 'NONE',  ( -0.6749999999999994893, 0.2000000000000000111, 0.9000000000000013545 ) ) ;
#3820 = EDGE_CURVE ( 'NONE', #2442, #2983, #3762, .T. ) ;
#3821 = ORIENTED_EDGE ( 'NONE', *, *, #2839, .T. ) ;
#3822 = DIRECTION ( 'NONE',  ( 0.000000000000000000, 0.000000000000000000, -1.000000000000000000 ) ) ;
#3823 = ORIENTED_EDGE ( 'NONE', *, *, #796, .T. ) ;
#3824 = VERTEX_POINT ( 'NONE', #3436 ) ;
#3825 = EDGE_CURVE ( 'NONE', #4233, #2826, #3110, .T. ) ;
#3826 = CARTESIAN_POINT ( 'NONE',  ( -0.6749999999999996003, 0.04999999999999999584, 1.100000000000001421 ) ) ;
#3827 = LINE ( 'NONE', #801, #3377 ) ;
#3828 = ORIENTED_EDGE ( 'NONE', *, *, #2719, .T. ) ;
#3829 = EDGE_LOOP ( 'NONE', ( #4280, #392, #1950, #2632 ) ) ;
#3830 = EDGE_CURVE ( 'NONE', #2995, #204, #3602, .T. ) ;
#3831 = FACE_OUTER_BOUND ( 'NONE', #422, .T. ) ;
#3832 =( NAMED_UNIT ( * ) SI_UNIT ( $, .STERADIAN. ) SOLID_ANGLE_UNIT ( ) );
#3833 = CARTESIAN_POINT ( 'NONE',  ( -0.6749999999999992673, 0.1999999999999999833, -0.6999999999999987343 ) ) ;
#3834 = EDGE_LOOP ( 'NONE', ( #4136, #4062, #2131, #1358 ) ) ;
#3835 = CARTESIAN_POINT ( 'NONE',  ( 0.4249999999999993783, 0.000000000000000000, -0.09999999999999878431 ) ) ;
#3836 = CARTESIAN_POINT ( 'NONE',  ( -0.4249999999999998224, 0.1999999999999999833, 1.100000000000001199 ) ) ;
#3837 = MECHANICAL_DESIGN_GEOMETRIC_PRESENTATION_REPRESENTATION (  '', ( #2791 ), #163 ) ;
#3838 = LINE ( 'NONE', #3514, #2202 ) ;
#3839 = DIRECTION ( 'NONE',  ( -1.734723475976806848E-16, 0.000000000000000000, 1.000000000000000000 ) ) ;
#3840 = EDGE_CURVE ( 'NONE', #2043, #2897, #2265, .T. ) ;
#3841 = AXIS2_PLACEMENT_3D ( 'NONE', #353, #49, #1372 ) ;
#3842 = VECTOR ( 'NONE', #3285, 1000.000000000000000 ) ;
#3843 = ORIENTED_EDGE ( 'NONE', *, *, #2279, .T. ) ;
#3844 = ORIENTED_EDGE ( 'NONE', *, *, #4301, .T. ) ;
#3845 = DIRECTION ( 'NONE',  ( 0.000000000000000000, -1.000000000000000000, 0.000000000000000000 ) ) ;
#3846 = VECTOR ( 'NONE', #3903, 1000.000000000000000 ) ;
#3847 = VECTOR ( 'NONE', #3148, 1000.000000000000000 ) ;
#3848 = PLANE ( 'NONE',  #2124 ) ;
#3849 = EDGE_CURVE ( 'NONE', #1938, #3063, #618, .T. ) ;
#3850 = VERTEX_POINT ( 'NONE', #1248 ) ;
#3851 = ORIENTED_EDGE ( 'NONE', *, *, #3965, .F. ) ;
#3852 = DIRECTION ( 'NONE',  ( -1.734723475976806848E-16, 0.000000000000000000, 1.000000000000000000 ) ) ;
#3853 = DIRECTION ( 'NONE',  ( -1.734723475976806848E-16, 0.000000000000000000, 1.000000000000000000 ) ) ;
#3854 = DIRECTION ( 'NONE',  ( 1.000000000000000000, 0.000000000000000000, 1.908195823574487804E-15 ) ) ;
#3855 = CARTESIAN_POINT ( 'NONE',  ( -0.6749999999999996003, 0.5201562118716424044, 1.100000000000001421 ) ) ;
#3856 = ADVANCED_FACE ( 'NONE', ( #3203 ), #3907, .T. ) ;
#3857 = VERTEX_POINT ( 'NONE', #3805 ) ;
#3858 = CARTESIAN_POINT ( 'NONE',  ( 0.4249999999999992117, 0.5201562118716424044, 0.9000000000000015765 ) ) ;
#3859 = LINE ( 'NONE', #1262, #44 ) ;
#3860 = DIRECTION ( 'NONE',  ( 0.000000000000000000, -1.000000000000000000, 0.000000000000000000 ) ) ;
#3861 = DIRECTION ( 'NONE',  ( 0.000000000000000000, -1.000000000000000000, 0.000000000000000000 ) ) ;
#3862 = FACE_OUTER_BOUND ( 'NONE', #142, .T. ) ;
#3863 = VECTOR ( 'NONE', #1573, 1000.000000000000000 ) ;
#3864 = ORIENTED_EDGE ( 'NONE', *, *, #4067, .T. ) ;
#3865 = ORIENTED_EDGE ( 'NONE', *, *, #394, .F. ) ;
#3866 = ADVANCED_FACE ( 'NONE', ( #3269 ), #896, .F. ) ;
#3867 = EDGE_CURVE ( 'NONE', #1603, #2625, #2574, .T. ) ;
#3868 = DIRECTION ( 'NONE',  ( 1.000000000000000000, 0.000000000000000000, 1.734723475976806848E-16 ) ) ;
#3869 = VECTOR ( 'NONE', #1874, 1000.000000000000000 ) ;
#3870 = LINE ( 'NONE', #2629, #3025 ) ;
#3871 = VERTEX_POINT ( 'NONE', #571 ) ;
#3872 = VECTOR ( 'NONE', #644, 1000.000000000000000 ) ;
#3873 = ORIENTED_EDGE ( 'NONE', *, *, #1979, .T. ) ;
#3874 = DIRECTION ( 'NONE',  ( -1.000000000000000000, 0.000000000000000000, -1.734723475976806848E-16 ) ) ;
#3875 = DIRECTION ( 'NONE',  ( -1.734723475976806848E-16, 0.000000000000000000, 1.000000000000000000 ) ) ;
#3876 = SURFACE_STYLE_FILL_AREA ( #304 ) ;
#3877 = FACE_OUTER_BOUND ( 'NONE', #358, .T. ) ;
#3878 = AXIS2_PLACEMENT_3D ( 'NONE', #756, #30, #2056 ) ;
#3879 = EDGE_LOOP ( 'NONE', ( #4230, #312, #3864, #780 ) ) ;
#3880 = CLOSED_SHELL ( 'NONE', ( #2224, #3866, #4234, #2268, #4166, #779 ) ) ;
#3881 = EDGE_CURVE ( 'NONE', #1032, #2924, #2947, .T. ) ;
#3882 = DIRECTION ( 'NONE',  ( 1.000000000000000000, -0.000000000000000000, -1.561251128379127765E-15 ) ) ;
#3883 = ORIENTED_EDGE ( 'NONE', *, *, #1999, .T. ) ;
#3884 =( NAMED_UNIT ( * ) PLANE_ANGLE_UNIT ( ) SI_UNIT ( $, .RADIAN. ) );
#3885 = CARTESIAN_POINT ( 'NONE',  ( 0.4249999999999994338, 0.2000000000000000111, -0.2999999999999984346 ) ) ;
#3886 = CARTESIAN_POINT ( 'NONE',  ( 0.4249999999999995448, 0.5201562118716424044, -0.8999999999999988010 ) ) ;
#3887 = ADVANCED_FACE ( 'NONE', ( #2244 ), #1943, .T. ) ;
#3888 = DIRECTION ( 'NONE',  ( -0.000000000000000000, -1.000000000000000000, 0.000000000000000000 ) ) ;
#3889 = CARTESIAN_POINT ( 'NONE',  ( 0.4249999999999995448, 0.000000000000000000, -0.8999999999999988010 ) ) ;
#3890 = DIRECTION ( 'NONE',  ( 1.000000000000000000, -0.000000000000000000, 1.734723475976806848E-16 ) ) ;
#3891 = ORIENTED_EDGE ( 'NONE', *, *, #21, .F. ) ;
#3892 = PLANE ( 'NONE',  #1828 ) ;
#3893 = PLANE ( 'NONE',  #4007 ) ;
#3894 = ORIENTED_EDGE ( 'NONE', *, *, #2972, .F. ) ;
#3895 = EDGE_LOOP ( 'NONE', ( #397, #3676, #3263, #3649 ) ) ;
#3896 = PLANE ( 'NONE',  #2660 ) ;
#3897 = CARTESIAN_POINT ( 'NONE',  ( -0.4249999999999998224, 0.000000000000000000, 1.100000000000001199 ) ) ;
#3898 = CARTESIAN_POINT ( 'NONE',  ( -0.3817239400953550410, 0.6999999999999999556, -0.9846742545641591349 ) ) ;
#3899 = ADVANCED_FACE ( 'NONE', ( #3250 ), #3620, .T. ) ;
#3900 = ORIENTED_EDGE ( 'NONE', *, *, #2437, .F. ) ;
#3901 = CARTESIAN_POINT ( 'NONE',  ( 0.6749999999999991562, 0.05000000000000000278, -0.09999999999999840961 ) ) ;
#3902 = ORIENTED_EDGE ( 'NONE', *, *, #3400, .T. ) ;
#3903 = DIRECTION ( 'NONE',  ( 1.734723475976806848E-16, 0.000000000000000000, -1.000000000000000000 ) ) ;
#3904 = LINE ( 'NONE', #2529, #1361 ) ;
#3905 = CARTESIAN_POINT ( 'NONE',  ( -0.4249999999999996558, 0.2000000000000000111, 0.3000000000000011546 ) ) ;
#3906 = ADVANCED_FACE ( 'NONE', ( #1587 ), #4255, .F. ) ;
#3907 = PLANE ( 'NONE',  #11 ) ;
#3908 = DIRECTION ( 'NONE',  ( -1.000000000000000000, 0.000000000000000000, -1.734723475976806848E-16 ) ) ;
#3909 = PLANE ( 'NONE',  #109 ) ;
#3910 = ADVANCED_FACE ( 'NONE', ( #2598 ), #1566, .T. ) ;
#3911 = AXIS2_PLACEMENT_3D ( 'NONE', #1703, #3383, #4040 ) ;
#3912 = VERTEX_POINT ( 'NONE', #4132 ) ;
#3913 = FACE_OUTER_BOUND ( 'NONE', #275, .T. ) ;
#3914 = DIRECTION ( 'NONE',  ( 0.000000000000000000, 1.000000000000000000, 0.000000000000000000 ) ) ;
#3915 = AXIS2_PLACEMENT_3D ( 'NONE', #1620, #952, #2650 ) ;
#3916 = VECTOR ( 'NONE', #373, 1000.000000000000000 ) ;
#3917 = ORIENTED_EDGE ( 'NONE', *, *, #203, .T. ) ;
#3918 = EDGE_LOOP ( 'NONE', ( #691, #587, #3106, #1398 ) ) ;
#3919 = VECTOR ( 'NONE', #1411, 1000.000000000000000 ) ;
#3920 = CARTESIAN_POINT ( 'NONE',  ( -0.4249999999999996558, 0.2000000000000000111, 0.3000000000000011546 ) ) ;
#3921 = PLANE ( 'NONE',  #4192 ) ;
#3922 = DIRECTION ( 'NONE',  ( -0.000000000000000000, -1.000000000000000000, 0.000000000000000000 ) ) ;
#3923 = AXIS2_PLACEMENT_3D ( 'NONE', #3558, #1519, #244 ) ;
#3924 = ORIENTED_EDGE ( 'NONE', *, *, #1640, .F. ) ;
#3925 = PLANE ( 'NONE',  #3569 ) ;
#3926 = ORIENTED_EDGE ( 'NONE', *, *, #3229, .T. ) ;
#3927 = CARTESIAN_POINT ( 'NONE',  ( 0.6749999999999992673, 0.2000000000000000111, 0.7000000000000017319 ) ) ;
#3928 = DIRECTION ( 'NONE',  ( -0.000000000000000000, -1.000000000000000000, 0.000000000000000000 ) ) ;
#3929 = DIRECTION ( 'NONE',  ( 1.000000000000000000, 0.000000000000000000, 1.734723475976806848E-16 ) ) ;
#3930 = DIRECTION ( 'NONE',  ( 1.734723475976806848E-16, 0.000000000000000000, -1.000000000000000000 ) ) ;
#3931 =( NAMED_UNIT ( * ) PLANE_ANGLE_UNIT ( ) SI_UNIT ( $, .RADIAN. ) );
#3932 = DIRECTION ( 'NONE',  ( -1.000000000000000000, 0.000000000000000000, 0.000000000000000000 ) ) ;
#3933 = AXIS2_PLACEMENT_3D ( 'NONE', #3898, #1239, #3281 ) ;
#3934 = ORIENTED_EDGE ( 'NONE', *, *, #466, .T. ) ;
#3935 = EDGE_CURVE ( 'NONE', #2498, #1379, #2800, .T. ) ;
#3936 = CARTESIAN_POINT ( 'NONE',  ( 0.4249999999999994893, 0.1999999999999999833, -0.4999999999999988343 ) ) ;
#3937 = CARTESIAN_POINT ( 'NONE',  ( 0.4249999999999993783, 0.000000000000000000, 0.1000000000000016293 ) ) ;
#3938 = VECTOR ( 'NONE', #3473, 1000.000000000000000 ) ;
#3939 = ORIENTED_EDGE ( 'NONE', *, *, #421, .T. ) ;
#3940 = EDGE_LOOP ( 'NONE', ( #1961, #2666, #152, #1930 ) ) ;
#3941 = VECTOR ( 'NONE', #1923, 1000.000000000000000 ) ;
#3942 = DIRECTION ( 'NONE',  ( 1.734723475976806848E-16, 0.000000000000000000, -1.000000000000000000 ) ) ;
#3943 = LINE ( 'NONE', #1596, #4053 ) ;
#3944 = PRESENTATION_LAYER_ASSIGNMENT (  '', '', ( #1496 ) ) ;
#3945 = ORIENTED_EDGE ( 'NONE', *, *, #1542, .F. ) ;
#3946 = LINE ( 'NONE', #4250, #4125 ) ;
#3947 = ORIENTED_EDGE ( 'NONE', *, *, #1137, .F. ) ;
#3948 = PRESENTATION_STYLE_ASSIGNMENT (( #1600 ) ) ;
#3949 = CARTESIAN_POINT ( 'NONE',  ( 0.1999999999999999278, 0.2000000000000000944, 0.9999999999999988898 ) ) ;
#3950 = EDGE_CURVE ( 'NONE', #4305, #2022, #1225, .T. ) ;
#3951 = AXIS2_PLACEMENT_3D ( 'NONE', #3185, #594, #223 ) ;
#3952 = ORIENTED_EDGE ( 'NONE', *, *, #1002, .F. ) ;
#3953 = DIRECTION ( 'NONE',  ( -1.000000000000000000, 0.000000000000000000, -1.734723475976806848E-16 ) ) ;
#3954 = CARTESIAN_POINT ( 'NONE',  ( 0.6749999999999991562, 0.05000000000000000278, 1.250000000000000444 ) ) ;
#3955 = EDGE_CURVE ( 'NONE', #2850, #2983, #1144, .T. ) ;
#3956 = ORIENTED_EDGE ( 'NONE', *, *, #3333, .T. ) ;
#3957 = CARTESIAN_POINT ( 'NONE',  ( -0.2000000000000000389, 0.000000000000000000, 0.9999999999999988898 ) ) ;
#3958 = DIRECTION ( 'NONE',  ( 1.000000000000000000, 0.000000000000000000, 1.734723475976806848E-16 ) ) ;
#3959 = LINE ( 'NONE', #2544, #744 ) ;
#3960 = EDGE_CURVE ( 'NONE', #2251, #293, #961, .T. ) ;
#3961 = VERTEX_POINT ( 'NONE', #3537 ) ;
#3962 = VERTEX_POINT ( 'NONE', #552 ) ;
#3963 = LINE ( 'NONE', #2649, #852 ) ;
#3964 = CARTESIAN_POINT ( 'NONE',  ( 0.4249999999999992673, 0.2000000000000000111, 0.7000000000000012879 ) ) ;
#3965 = EDGE_CURVE ( 'NONE', #2074, #3450, #1875, .T. ) ;
#3966 = ORIENTED_EDGE ( 'NONE', *, *, #412, .F. ) ;
#3967 = DIRECTION ( 'NONE',  ( 0.000000000000000000, -1.000000000000000000, 0.000000000000000000 ) ) ;
#3968 = FACE_OUTER_BOUND ( 'NONE', #1479, .T. ) ;
#3969 = ORIENTED_EDGE ( 'NONE', *, *, #2915, .T. ) ;
#3970 = LINE ( 'NONE', #1072, #2034 ) ;
#3971 = PLANE ( 'NONE',  #3520 ) ;
#3972 = ORIENTED_EDGE ( 'NONE', *, *, #1, .F. ) ;
#3973 = DIRECTION ( 'NONE',  ( 1.734723475976806848E-16, 0.000000000000000000, -1.000000000000000000 ) ) ;
#3974 = CARTESIAN_POINT ( 'NONE',  ( -0.4249999999999996003, 0.000000000000000000, 0.1000000000000014905 ) ) ;
#3975 = FACE_OUTER_BOUND ( 'NONE', #4243, .T. ) ;
#3976 = ORIENTED_EDGE ( 'NONE', *, *, #2320, .T. ) ;
#3977 = ORIENTED_EDGE ( 'NONE', *, *, #3333, .F. ) ;
#3978 = FACE_OUTER_BOUND ( 'NONE', #3080, .T. ) ;
#3979 = VECTOR ( 'NONE', #3875, 1000.000000000000000 ) ;
#3980 = CARTESIAN_POINT ( 'NONE',  ( 0.4249999999999996003, 0.2000000000000000111, -1.099999999999998535 ) ) ;
#3981 = PLANE ( 'NONE',  #4284 ) ;
#3982 = EDGE_CURVE ( 'NONE', #1101, #2092, #1965, .T. ) ;
#3983 = AXIS2_PLACEMENT_3D ( 'NONE', #2521, #521, #583 ) ;
#3984 = AXIS2_PLACEMENT_3D ( 'NONE', #1213, #861, #3852 ) ;
#3985 = VERTEX_POINT ( 'NONE', #1046 ) ;
#3986 = CARTESIAN_POINT ( 'NONE',  ( 0.6749999999999994893, 0.2000000000000000111, -0.8999999999999983569 ) ) ;
#3987 = EDGE_CURVE ( 'NONE', #4264, #3257, #2966, .T. ) ;
#3988 = VECTOR ( 'NONE', #2210, 1000.000000000000000 ) ;
#3989 = LINE ( 'NONE', #1940, #1784 ) ;
#3990 = ORIENTED_EDGE ( 'NONE', *, *, #1796, .T. ) ;
#3991 = DIRECTION ( 'NONE',  ( -0.000000000000000000, -1.000000000000000000, 0.000000000000000000 ) ) ;
#3992 = LINE ( 'NONE', #3335, #1400 ) ;
#3993 = LINE ( 'NONE', #1632, #3668 ) ;
#3994 = FACE_OUTER_BOUND ( 'NONE', #1862, .T. ) ;
#3995 = ORIENTED_EDGE ( 'NONE', *, *, #362, .T. ) ;
#3996 =( NAMED_UNIT ( * ) PLANE_ANGLE_UNIT ( ) SI_UNIT ( $, .RADIAN. ) );
#3997 = DIRECTION ( 'NONE',  ( 0.000000000000000000, -1.000000000000000000, 0.000000000000000000 ) ) ;
#3998 = LINE ( 'NONE', #3387, #1501 ) ;
#3999 = EDGE_LOOP ( 'NONE', ( #4047, #1969, #33, #3788 ) ) ;
#4000 = EDGE_CURVE ( 'NONE', #2775, #3961, #4058, .T. ) ;
#4001 = ORIENTED_EDGE ( 'NONE', *, *, #2805, .T. ) ;
#4002 = EDGE_CURVE ( 'NONE', #2046, #1597, #3992, .T. ) ;
#4003 = LINE ( 'NONE', #3064, #2174 ) ;
#4004 = DIRECTION ( 'NONE',  ( -1.000000000000000000, 0.000000000000000000, -1.734723475976806848E-16 ) ) ;
#4005 = CARTESIAN_POINT ( 'NONE',  ( 0.4249999999999993228, 0.2000000000000000111, 0.3000000000000012657 ) ) ;
#4006 = ADVANCED_FACE ( 'NONE', ( #2705 ), #4319, .F. ) ;
#4007 = AXIS2_PLACEMENT_3D ( 'NONE', #1906, #900, #3958 ) ;
#4008 = ORIENTED_EDGE ( 'NONE', *, *, #577, .T. ) ;
#4009 = DIRECTION ( 'NONE',  ( -1.734723475976806848E-16, 0.000000000000000000, 1.000000000000000000 ) ) ;
#4010 = DIRECTION ( 'NONE',  ( -1.734723475976806848E-16, 0.000000000000000000, 1.000000000000000000 ) ) ;
#4011 = DIRECTION ( 'NONE',  ( 1.734723475976806848E-16, 0.000000000000000000, -1.000000000000000000 ) ) ;
#4012 = AXIS2_PLACEMENT_3D ( 'NONE', #1245, #219, #2197 ) ;
#4013 = EDGE_CURVE ( 'NONE', #2417, #1188, #981, .T. ) ;
#4014 = CARTESIAN_POINT ( 'NONE',  ( 0.6749999999999994893, 0.2000000000000000111, -0.4999999999999983902 ) ) ;
#4015 = DIRECTION ( 'NONE',  ( 1.734723475976806848E-16, 0.000000000000000000, -1.000000000000000000 ) ) ;
#4016 = CARTESIAN_POINT ( 'NONE',  ( 0.4249999999999995448, 0.2000000000000000111, -0.8999999999999988010 ) ) ;
#4017 = CARTESIAN_POINT ( 'NONE',  ( -0.6749999999999994893, 0.1999999999999999833, 0.9000000000000013545 ) ) ;
#4018 = DIRECTION ( 'NONE',  ( -1.734723475976806848E-16, 0.000000000000000000, 1.000000000000000000 ) ) ;
#4019 = AXIS2_PLACEMENT_3D ( 'NONE', #417, #2349, #3750 ) ;
#4020 = EDGE_CURVE ( 'NONE', #1829, #3, #1326, .T. ) ;
#4021 = ORIENTED_EDGE ( 'NONE', *, *, #4097, .F. ) ;
#4022 = MECHANICAL_DESIGN_GEOMETRIC_PRESENTATION_REPRESENTATION (  '', ( #880 ), #1437 ) ;
#4023 = PLANE ( 'NONE',  #2165 ) ;
#4024 = DIRECTION ( 'NONE',  ( 1.908195823574487804E-15, 0.000000000000000000, -1.000000000000000000 ) ) ;
#4025 = LINE ( 'NONE', #988, #3528 ) ;
#4026 = VERTEX_POINT ( 'NONE', #313 ) ;
#4027 = ORIENTED_EDGE ( 'NONE', *, *, #2416, .F. ) ;
#4028 = CARTESIAN_POINT ( 'NONE',  ( 0.6749999999999994893, 0.2000000000000000111, -0.8999999999999983569 ) ) ;
#4029 = DIRECTION ( 'NONE',  ( -0.000000000000000000, -1.000000000000000000, 0.000000000000000000 ) ) ;
#4030 = CARTESIAN_POINT ( 'NONE',  ( 0.6749999999999996003, 0.1999999999999999833, -1.099999999999998312 ) ) ;
#4031 = ORIENTED_EDGE ( 'NONE', *, *, #3654, .F. ) ;
#4032 = FACE_OUTER_BOUND ( 'NONE', #602, .T. ) ;
#4033 = ADVANCED_FACE ( 'NONE', ( #3381 ), #4302, .T. ) ;
#4034 = LINE ( 'NONE', #2261, #1228 ) ;
#4035 = ORIENTED_EDGE ( 'NONE', *, *, #2754, .F. ) ;
#4036 = DIRECTION ( 'NONE',  ( -1.734723475976806848E-16, 0.000000000000000000, 1.000000000000000000 ) ) ;
#4037 = DIRECTION ( 'NONE',  ( 1.000000000000000000, 0.000000000000000000, 1.908195823574487804E-15 ) ) ;
#4038 = CARTESIAN_POINT ( 'NONE',  ( -1.405126015541214535E-15, 0.05000000000000000278, -0.8999999999999996891 ) ) ;
#4039 = EDGE_CURVE ( 'NONE', #1581, #3415, #1654, .T. ) ;
#4040 = DIRECTION ( 'NONE',  ( 1.000000000000000000, 0.000000000000000000, 1.734723475976806848E-16 ) ) ;
#4041 = ORIENTED_EDGE ( 'NONE', *, *, #2325, .F. ) ;
#4042 = LINE ( 'NONE', #2334, #639 ) ;
#4043 = CARTESIAN_POINT ( 'NONE',  ( 0.6749999999999994893, 0.000000000000000000, -0.6999999999999985123 ) ) ;
#4044 = EDGE_CURVE ( 'NONE', #22, #2251, #3970, .T. ) ;
#4045 = DIRECTION ( 'NONE',  ( -1.000000000000000000, 0.000000000000000000, 1.561251128379127963E-15 ) ) ;
#4046 = ORIENTED_EDGE ( 'NONE', *, *, #3397, .F. ) ;
#4047 = ORIENTED_EDGE ( 'NONE', *, *, #113, .F. ) ;
#4048 = DIRECTION ( 'NONE',  ( 0.000000000000000000, -1.000000000000000000, 0.000000000000000000 ) ) ;
#4049 = DIRECTION ( 'NONE',  ( -1.734723475976807094E-16, 0.000000000000000000, 1.000000000000000000 ) ) ;
#4050 = LINE ( 'NONE', #3066, #2395 ) ;
#4051 = VERTEX_POINT ( 'NONE', #2306 ) ;
#4052 = CARTESIAN_POINT ( 'NONE',  ( -0.4249999999999994338, 0.1999999999999999833, -0.8999999999999990230 ) ) ;
#4053 = VECTOR ( 'NONE', #930, 1000.000000000000000 ) ;
#4054 = VECTOR ( 'NONE', #1998, 1000.000000000000000 ) ;
#4055 = EDGE_LOOP ( 'NONE', ( #3105, #3117, #2340, #3926 ) ) ;
#4056 = CARTESIAN_POINT ( 'NONE',  ( -0.4249999999999996003, 0.5201562118716424044, 0.1000000000000014905 ) ) ;
#4057 = VECTOR ( 'NONE', #4225, 1000.000000000000000 ) ;
#4058 = LINE ( 'NONE', #67, #3282 ) ;
#4059 = DIRECTION ( 'NONE',  ( -1.000000000000000000, 0.000000000000000000, -1.734723475976806848E-16 ) ) ;
#4060 = LINE ( 'NONE', #2396, #3153 ) ;
#4061 = AXIS2_PLACEMENT_3D ( 'NONE', #1159, #2492, #550 ) ;
#4062 = ORIENTED_EDGE ( 'NONE', *, *, #3229, .F. ) ;
#4063 = ORIENTED_EDGE ( 'NONE', *, *, #1492, .T. ) ;
#4064 = CARTESIAN_POINT ( 'NONE',  ( -0.2000000000000000389, 0.2000000000000000944, 0.9999999999999988898 ) ) ;
#4065 = PLANE ( 'NONE',  #3878 ) ;
#4066 = ORIENTED_EDGE ( 'NONE', *, *, #4000, .T. ) ;
#4067 = EDGE_CURVE ( 'NONE', #2498, #640, #2723, .T. ) ;
#4068 = LINE ( 'NONE', #451, #578 ) ;
#4069 = LINE ( 'NONE', #1424, #435 ) ;
#4070 = CARTESIAN_POINT ( 'NONE',  ( -0.6749999999999993783, 0.000000000000000000, 0.3000000000000015432 ) ) ;
#4071 = VERTEX_POINT ( 'NONE', #378 ) ;
#4072 = EDGE_CURVE ( 'NONE', #1547, #4071, #3708, .T. ) ;
#4073 = DIRECTION ( 'NONE',  ( 1.000000000000000000, 0.000000000000000000, 1.734723475976806848E-16 ) ) ;
#4074 = VECTOR ( 'NONE', #2227, 1000.000000000000000 ) ;
#4075 = ORIENTED_EDGE ( 'NONE', *, *, #2652, .F. ) ;
#4076 = DIRECTION ( 'NONE',  ( -1.734723475976806848E-16, 0.000000000000000000, 1.000000000000000000 ) ) ;
#4077 = VECTOR ( 'NONE', #3336, 1000.000000000000000 ) ;
#4078 = DIRECTION ( 'NONE',  ( -1.000000000000000000, 0.000000000000000000, -1.734723475976806848E-16 ) ) ;
#4079 = CARTESIAN_POINT ( 'NONE',  ( 0.4249999999999992673, 0.000000000000000000, 0.7000000000000012879 ) ) ;
#4080 = DIRECTION ( 'NONE',  ( 0.000000000000000000, -1.000000000000000000, 0.000000000000000000 ) ) ;
#4081 = ORIENTED_EDGE ( 'NONE', *, *, #2145, .F. ) ;
#4082 = ORIENTED_EDGE ( 'NONE', *, *, #1396, .F. ) ;
#4083 = DIRECTION ( 'NONE',  ( 0.000000000000000000, 1.000000000000000000, 0.000000000000000000 ) ) ;
#4084 = LINE ( 'NONE', #1119, #1643 ) ;
#4085 = EDGE_CURVE ( 'NONE', #3824, #3152, #1982, .T. ) ;
#4086 = VERTEX_POINT ( 'NONE', #334 ) ;
#4087 = VECTOR ( 'NONE', #1544, 1000.000000000000000 ) ;
#4088 = ORIENTED_EDGE ( 'NONE', *, *, #168, .T. ) ;
#4089 = DIRECTION ( 'NONE',  ( -1.000000000000000000, 0.000000000000000000, -1.734723475976806848E-16 ) ) ;
#4090 = CARTESIAN_POINT ( 'NONE',  ( 0.6749999999999992673, 0.000000000000000000, 0.7000000000000017319 ) ) ;
#4091 = CARTESIAN_POINT ( 'NONE',  ( 0.4249999999999993783, 0.000000000000000000, -0.09999999999999878431 ) ) ;
#4092 = MECHANICAL_DESIGN_GEOMETRIC_PRESENTATION_REPRESENTATION (  '', ( #1506 ), #2976 ) ;
#4093 = EDGE_CURVE ( 'NONE', #3815, #1837, #1701, .T. ) ;
#4094 = EDGE_LOOP ( 'NONE', ( #4248, #2014, #2144, #3541 ) ) ;
#4095 = FILL_AREA_STYLE ('',( #3767 ) ) ;
#4096 = PLANE ( 'NONE',  #2756 ) ;
#4097 = EDGE_CURVE ( 'NONE', #85, #2128, #3030, .T. ) ;
#4098 = ORIENTED_EDGE ( 'NONE', *, *, #311, .F. ) ;
#4099 = LINE ( 'NONE', #108, #3146 ) ;
#4100 = CARTESIAN_POINT ( 'NONE',  ( -0.4249999999999997113, 0.2000000000000000111, 0.5000000000000014433 ) ) ;
#4101 = LINE ( 'NONE', #1116, #1850 ) ;
#4102 = PLANE ( 'NONE',  #3349 ) ;
#4103 = APPLICATION_CONTEXT ( 'automotive_design' ) ;
#4104 = CARTESIAN_POINT ( 'NONE',  ( -0.4249999999999996003, 0.000000000000000000, -0.09999999999999892308 ) ) ;
#4105 = LINE ( 'NONE', #1439, #1845 ) ;
#4106 = CARTESIAN_POINT ( 'NONE',  ( 0.4249999999999994893, 0.5201562118716424044, -0.4999999999999988343 ) ) ;
#4107 = ORIENTED_EDGE ( 'NONE', *, *, #4227, .F. ) ;
#4108 = ORIENTED_EDGE ( 'NONE', *, *, #964, .T. ) ;
#4109 = ADVANCED_FACE ( 'NONE', ( #3006 ), #725, .F. ) ;
#4110 = DIRECTION ( 'NONE',  ( 1.734723475976806848E-16, 0.000000000000000000, -1.000000000000000000 ) ) ;
#4111 = CARTESIAN_POINT ( 'NONE',  ( 0.4249999999999993783, 0.2000000000000000111, 0.1000000000000016293 ) ) ;
#4112 = DIRECTION ( 'NONE',  ( -1.734723475976806848E-16, 0.000000000000000000, 1.000000000000000000 ) ) ;
#4113 = ORIENTED_EDGE ( 'NONE', *, *, #144, .T. ) ;
#4114 = EDGE_LOOP ( 'NONE', ( #196, #1931, #1524, #3803 ) ) ;
#4115 = ADVANCED_FACE ( 'NONE', ( #1027 ), #2350, .F. ) ;
#4116 = CARTESIAN_POINT ( 'NONE',  ( -0.4249999999999996003, 0.5201562118716424044, -0.09999999999999892308 ) ) ;
#4117 = VERTEX_POINT ( 'NONE', #1157 ) ;
#4118 = EDGE_CURVE ( 'NONE', #4202, #406, #2490, .T. ) ;
#4119 = FACE_OUTER_BOUND ( 'NONE', #515, .T. ) ;
#4120 = LINE ( 'NONE', #1134, #230 ) ;
#4121 = VECTOR ( 'NONE', #4281, 1000.000000000000000 ) ;
#4122 = DIRECTION ( 'NONE',  ( 0.000000000000000000, -1.000000000000000000, 0.000000000000000000 ) ) ;
#4123 = FACE_OUTER_BOUND ( 'NONE', #1229, .T. ) ;
#4124 = AXIS2_PLACEMENT_3D ( 'NONE', #1434, #2767, #4143 ) ;
#4125 = VECTOR ( 'NONE', #1260, 1000.000000000000000 ) ;
#4126 = ORIENTED_EDGE ( 'NONE', *, *, #3126, .F. ) ;
#4127 = DIRECTION ( 'NONE',  ( 0.000000000000000000, -1.000000000000000000, 0.000000000000000000 ) ) ;
#4128 = DIRECTION ( 'NONE',  ( -1.734723475976807094E-16, 0.000000000000000000, 1.000000000000000000 ) ) ;
#4129 = VECTOR ( 'NONE', #100, 1000.000000000000000 ) ;
#4130 = VERTEX_POINT ( 'NONE', #3420 ) ;
#4131 = ORIENTED_EDGE ( 'NONE', *, *, #1634, .F. ) ;
#4132 = CARTESIAN_POINT ( 'NONE',  ( -0.6749999999999992673, 0.2000000000000000111, -0.8999999999999985789 ) ) ;
#4133 = CARTESIAN_POINT ( 'NONE',  ( -3.469446951953613696E-16, 0.000000000000000000, 2.000000000000000000 ) ) ;
#4134 = EDGE_CURVE ( 'NONE', #264, #1581, #3487, .T. ) ;
#4135 = EDGE_LOOP ( 'NONE', ( #238, #2293, #3325, #657 ) ) ;
#4136 = ORIENTED_EDGE ( 'NONE', *, *, #34, .T. ) ;
#4137 = FILL_AREA_STYLE ('',( #3440 ) ) ;
#4138 = PLANE ( 'NONE',  #184 ) ;
#4139 = EDGE_CURVE ( 'NONE', #3477, #1316, #3161, .T. ) ;
#4140 = VECTOR ( 'NONE', #3922, 1000.000000000000000 ) ;
#4141 = EDGE_LOOP ( 'NONE', ( #2517, #2743, #3629, #541 ) ) ;
#4142 = DIRECTION ( 'NONE',  ( 1.000000000000000000, 0.000000000000000000, 1.734723475976806848E-16 ) ) ;
#4143 = DIRECTION ( 'NONE',  ( -1.734723475976806848E-16, 0.000000000000000000, 1.000000000000000000 ) ) ;
#4144 = DIRECTION ( 'NONE',  ( -1.000000000000000000, 0.000000000000000000, 1.561251128379127963E-15 ) ) ;
#4145 = VECTOR ( 'NONE', #2843, 1000.000000000000000 ) ;
#4146 = CARTESIAN_POINT ( 'NONE',  ( 0.4249999999999994338, 0.04999999999999999584, -0.2999999999999984346 ) ) ;
#4147 = EDGE_CURVE ( 'NONE', #1819, #107, #1807, .T. ) ;
#4148 = VECTOR ( 'NONE', #2949, 1000.000000000000000 ) ;
#4149 = EDGE_LOOP ( 'NONE', ( #2589, #4113, #4259, #516 ) ) ;
#4150 = DIRECTION ( 'NONE',  ( -1.734723475976806848E-16, 0.000000000000000000, 1.000000000000000000 ) ) ;
#4151 = MECHANICAL_DESIGN_GEOMETRIC_PRESENTATION_REPRESENTATION (  '', ( #2486 ), #3456 ) ;
#4152 = EDGE_CURVE ( 'NONE', #2721, #2303, #3731, .T. ) ;
#4153 = ORIENTED_EDGE ( 'NONE', *, *, #4277, .F. ) ;
#4154 = EDGE_LOOP ( 'NONE', ( #450, #445, #2546, #1576 ) ) ;
#4155 = AXIS2_PLACEMENT_3D ( 'NONE', #567, #3511, #3183 ) ;
#4156 = DIRECTION ( 'NONE',  ( 0.000000000000000000, -1.000000000000000000, 0.000000000000000000 ) ) ;
#4157 = FACE_OUTER_BOUND ( 'NONE', #2404, .T. ) ;
#4158 = VECTOR ( 'NONE', #3015, 1000.000000000000000 ) ;
#4159 = VERTEX_POINT ( 'NONE', #2071 ) ;
#4160 = ORIENTED_EDGE ( 'NONE', *, *, #2091, .F. ) ;
#4161 = FACE_OUTER_BOUND ( 'NONE', #1438, .T. ) ;
#4162 = CLOSED_SHELL ( 'NONE', ( #3338, #3666, #814, #3510, #3590, #2300 ) ) ;
#4163 = CARTESIAN_POINT ( 'NONE',  ( -0.4249999999999996003, 0.05000000000000000278, -7.372574772901422756E-17 ) ) ;
#4164 = ORIENTED_EDGE ( 'NONE', *, *, #1291, .F. ) ;
#4165 = FACE_OUTER_BOUND ( 'NONE', #2448, .T. ) ;
#4166 = ADVANCED_FACE ( 'NONE', ( #463 ), #418, .F. ) ;
#4167 = DIRECTION ( 'NONE',  ( 1.734723475976806848E-16, 0.000000000000000000, -1.000000000000000000 ) ) ;
#4168 = CARTESIAN_POINT ( 'NONE',  ( 0.4249999999999993228, 0.2000000000000000111, 0.3000000000000012657 ) ) ;
#4169 = CARTESIAN_POINT ( 'NONE',  ( -0.4249999999999998224, 0.2000000000000000111, 1.100000000000001199 ) ) ;
#4170 = EDGE_CURVE ( 'NONE', #2864, #1431, #3402, .T. ) ;
#4171 = CARTESIAN_POINT ( 'NONE',  ( 0.1999999999999999278, 0.2000000000000000944, 0.9999999999999988898 ) ) ;
#4172 = DIRECTION ( 'NONE',  ( -0.000000000000000000, -1.000000000000000000, 0.000000000000000000 ) ) ;
#4173 = ORIENTED_EDGE ( 'NONE', *, *, #796, .F. ) ;
#4174 = ORIENTED_EDGE ( 'NONE', *, *, #2432, .F. ) ;
#4175 = ADVANCED_FACE ( 'NONE', ( #1832 ), #3139, .T. ) ;
#4176 = CARTESIAN_POINT ( 'NONE',  ( 0.4249999999999994893, 0.04999999999999999584, -0.6999999999999985123 ) ) ;
#4177 = LINE ( 'NONE', #858, #321 ) ;
#4178 = ORIENTED_EDGE ( 'NONE', *, *, #4200, .T. ) ;
#4179 = ORIENTED_EDGE ( 'NONE', *, *, #4277, .T. ) ;
#4180 = DIRECTION ( 'NONE',  ( 1.000000000000000000, 0.000000000000000000, 1.734723475976806848E-16 ) ) ;
#4181 = LINE ( 'NONE', #4204, #3979 ) ;
#4182 = DIRECTION ( 'NONE',  ( -1.734723475976806848E-16, 0.000000000000000000, 1.000000000000000000 ) ) ;
#4183 = CARTESIAN_POINT ( 'NONE',  ( 0.4249999999999995448, 0.04999999999999999584, -0.8999999999999988010 ) ) ;
#4184 = EDGE_LOOP ( 'NONE', ( #2154, #1711, #3694, #3137 ) ) ;
#4185 = DIRECTION ( 'NONE',  ( -1.734723475976806848E-16, 0.000000000000000000, 1.000000000000000000 ) ) ;
#4186 = LINE ( 'NONE', #935, #1967 ) ;
#4187 = CARTESIAN_POINT ( 'NONE',  ( -0.6749999999999994893, 0.2000000000000000111, 0.5000000000000014433 ) ) ;
#4188 = DIRECTION ( 'NONE',  ( -1.000000000000000000, 0.000000000000000000, -1.734723475976806848E-16 ) ) ;
#4189 = AXIS2_PLACEMENT_3D ( 'NONE', #2943, #3601, #2572 ) ;
#4190 = FILL_AREA_STYLE_COLOUR ( '', #2556 ) ;
#4191 = LINE ( 'NONE', #533, #3453 ) ;
#4192 = AXIS2_PLACEMENT_3D ( 'NONE', #2254, #3611, #3459 ) ;
#4193 = VECTOR ( 'NONE', #3882, 1000.000000000000000 ) ;
#4194 = ADVANCED_FACE ( 'NONE', ( #155 ), #3071, .T. ) ;
#4195 = VERTEX_POINT ( 'NONE', #2419 ) ;
#4196 = EDGE_LOOP ( 'NONE', ( #3193, #284, #1762, #1126 ) ) ;
#4197 = VECTOR ( 'NONE', #4167, 1000.000000000000000 ) ;
#4198 = VECTOR ( 'NONE', #1168, 1000.000000000000000 ) ;
#4199 = DIRECTION ( 'NONE',  ( -0.7071067811865489050, -0.000000000000000000, 0.7071067811865462405 ) ) ;
#4200 = EDGE_CURVE ( 'NONE', #3596, #877, #2088, .T. ) ;
#4201 = ORIENTED_EDGE ( 'NONE', *, *, #713, .F. ) ;
#4202 = VERTEX_POINT ( 'NONE', #440 ) ;
#4203 = FACE_OUTER_BOUND ( 'NONE', #585, .T. ) ;
#4204 = CARTESIAN_POINT ( 'NONE',  ( -0.6749999999999992673, 0.000000000000000000, -0.8999999999999985789 ) ) ;
#4205 = DIRECTION ( 'NONE',  ( 1.000000000000000000, 0.000000000000000000, 0.000000000000000000 ) ) ;
#4206 = ADVANCED_FACE ( 'NONE', ( #1765 ), #3096, .T. ) ;
#4207 = ORIENTED_EDGE ( 'NONE', *, *, #1852, .F. ) ;
#4208 = CARTESIAN_POINT ( 'NONE',  ( 0.4249999999999992673, 0.5201562118716424044, 0.7000000000000012879 ) ) ;
#4209 = ORIENTED_EDGE ( 'NONE', *, *, #630, .F. ) ;
#4210 = SURFACE_STYLE_USAGE ( .BOTH. , #2196 ) ;
#4211 = LINE ( 'NONE', #1896, #3034 ) ;
#4212 = FACE_OUTER_BOUND ( 'NONE', #2960, .T. ) ;
#4213 = VECTOR ( 'NONE', #1017, 1000.000000000000000 ) ;
#4214 = DIRECTION ( 'NONE',  ( 0.000000000000000000, 1.000000000000000000, 0.000000000000000000 ) ) ;
#4215 = CARTESIAN_POINT ( 'NONE',  ( -0.4249999999999997669, 0.1999999999999999833, 0.9000000000000013545 ) ) ;
#4216 = FACE_OUTER_BOUND ( 'NONE', #2381, .T. ) ;
#4217 = VECTOR ( 'NONE', #1169, 1000.000000000000000 ) ;
#4218 = ORIENTED_EDGE ( 'NONE', *, *, #3499, .F. ) ;
#4219 = EDGE_CURVE ( 'NONE', #4071, #1977, #1115, .T. ) ;
#4220 = AXIS2_PLACEMENT_3D ( 'NONE', #2352, #2330, #1351 ) ;
#4221 = CARTESIAN_POINT ( 'NONE',  ( -0.5068778308447200454, 0.6999999999999999556, -0.9846742545641591349 ) ) ;
#4222 = ORIENTED_EDGE ( 'NONE', *, *, #3820, .T. ) ;
#4223 = AXIS2_PLACEMENT_3D ( 'NONE', #3116, #2415, #722 ) ;
#4224 = ORIENTED_EDGE ( 'NONE', *, *, #1580, .F. ) ;
#4225 = DIRECTION ( 'NONE',  ( 1.734723475976807094E-16, 0.000000000000000000, -1.000000000000000000 ) ) ;
#4226 = DIRECTION ( 'NONE',  ( 1.734723475976806848E-16, 0.000000000000000000, -1.000000000000000000 ) ) ;
#4227 = EDGE_CURVE ( 'NONE', #3985, #1406, #3818, .T. ) ;
#4228 = CARTESIAN_POINT ( 'NONE',  ( -0.4249999999999997669, 0.000000000000000000, 0.9000000000000013545 ) ) ;
#4229 = AXIS2_PLACEMENT_3D ( 'NONE', #1410, #4076, #3705 ) ;
#4230 = ORIENTED_EDGE ( 'NONE', *, *, #2359, .F. ) ;
#4231 = AXIS2_PLACEMENT_3D ( 'NONE', #834, #2555, #3908 ) ;
#4232 = DIRECTION ( 'NONE',  ( -1.000000000000000000, 0.000000000000000000, 1.561251128379127963E-15 ) ) ;
#4233 = VERTEX_POINT ( 'NONE', #1788 ) ;
#4234 = ADVANCED_FACE ( 'NONE', ( #2111 ), #3445, .F. ) ;
#4235 = DIRECTION ( 'NONE',  ( -1.000000000000000000, 0.000000000000000000, -1.734723475976806848E-16 ) ) ;
#4236 = LINE ( 'NONE', #2240, #1986 ) ;
#4237 = PLANE ( 'NONE',  #4258 ) ;
#4238 = DIRECTION ( 'NONE',  ( 0.000000000000000000, 0.000000000000000000, -1.000000000000000000 ) ) ;
#4239 = LINE ( 'NONE', #2201, #1574 ) ;
#4240 = PLANE ( 'NONE',  #1635 ) ;
#4241 = ORIENTED_EDGE ( 'NONE', *, *, #75, .T. ) ;
#4242 = LINE ( 'NONE', #2250, #597 ) ;
#4243 = EDGE_LOOP ( 'NONE', ( #4066, #2175, #2533, #2398 ) ) ;
#4244 = ORIENTED_EDGE ( 'NONE', *, *, #3159, .F. ) ;
#4245 = DIRECTION ( 'NONE',  ( -1.000000000000000000, 0.000000000000000000, 1.561251128379127765E-15 ) ) ;
#4246 = DIRECTION ( 'NONE',  ( -1.734723475976806848E-16, 0.000000000000000000, 1.000000000000000000 ) ) ;
#4247 = FACE_OUTER_BOUND ( 'NONE', #4114, .T. ) ;
#4248 = ORIENTED_EDGE ( 'NONE', *, *, #3457, .F. ) ;
#4249 = EDGE_CURVE ( 'NONE', #793, #3049, #4120, .T. ) ;
#4250 = CARTESIAN_POINT ( 'NONE',  ( 0.6749999999999992673, 0.2000000000000000111, 0.7000000000000017319 ) ) ;
#4251 = ORIENTED_EDGE ( 'NONE', *, *, #3816, .F. ) ;
#4252 = CARTESIAN_POINT ( 'NONE',  ( -0.4249999999999993783, 0.2000000000000000111, -1.099999999999998535 ) ) ;
#4253 = LINE ( 'NONE', #936, #2480 ) ;
#4254 = EDGE_CURVE ( 'NONE', #3857, #3300, #832, .T. ) ;
#4255 = PLANE ( 'NONE',  #3566 ) ;
#4256 = DIRECTION ( 'NONE',  ( -1.000000000000000000, 0.000000000000000000, 1.561251128379127963E-15 ) ) ;
#4257 = FACE_OUTER_BOUND ( 'NONE', #2638, .T. ) ;
#4258 = AXIS2_PLACEMENT_3D ( 'NONE', #1246, #3267, #3929 ) ;
#4259 = ORIENTED_EDGE ( 'NONE', *, *, #4093, .T. ) ;
#4260 = FILL_AREA_STYLE_COLOUR ( '', #374 ) ;
#4261 = CARTESIAN_POINT ( 'NONE',  ( 0.4249999999999994338, 0.000000000000000000, -0.2999999999999984346 ) ) ;
#4262 = AXIS2_PLACEMENT_3D ( 'NONE', #2879, #269, #246 ) ;
#4263 = VECTOR ( 'NONE', #951, 1000.000000000000000 ) ;
#4264 = VERTEX_POINT ( 'NONE', #2898 ) ;
#4265 = ORIENTED_EDGE ( 'NONE', *, *, #70, .F. ) ;
#4266 = STYLED_ITEM ( 'NONE', ( #1939 ), #3404 ) ;
#4267 = AXIS2_PLACEMENT_3D ( 'NONE', #946, #2271, #3606 ) ;
#4268 = FACE_OUTER_BOUND ( 'NONE', #1699, .T. ) ;
#4269 = CARTESIAN_POINT ( 'NONE',  ( -0.6750000000000013767, 0.05000000000000000278, 0.5000000000000014433 ) ) ;
#4270 = FILL_AREA_STYLE_COLOUR ( '', #104 ) ;
#4271 = ADVANCED_FACE ( 'NONE', ( #3200 ), #2570, .T. ) ;
#4272 = VECTOR ( 'NONE', #1354, 1000.000000000000000 ) ;
#4273 = ORIENTED_EDGE ( 'NONE', *, *, #2993, .F. ) ;
#4274 = CARTESIAN_POINT ( 'NONE',  ( 0.4249999999999993783, 0.5201562118716424044, -0.09999999999999878431 ) ) ;
#4275 = ORIENTED_EDGE ( 'NONE', *, *, #3184, .F. ) ;
#4276 = LINE ( 'NONE', #2939, #2664 ) ;
#4277 = EDGE_CURVE ( 'NONE', #1974, #3824, #2852, .T. ) ;
#4278 = CARTESIAN_POINT ( 'NONE',  ( -0.6749999999999996003, 0.000000000000000000, 1.100000000000001421 ) ) ;
#4279 = LINE ( 'NONE', #1284, #2231 ) ;
#4280 = ORIENTED_EDGE ( 'NONE', *, *, #1843, .F. ) ;
#4281 = DIRECTION ( 'NONE',  ( 1.000000000000000000, 0.000000000000000000, 1.734723475976806848E-16 ) ) ;
#4282 = DIRECTION ( 'NONE',  ( 0.000000000000000000, -1.000000000000000000, 0.000000000000000000 ) ) ;
#4283 = EDGE_CURVE ( 'NONE', #17, #1599, #4276, .T. ) ;
#4284 = AXIS2_PLACEMENT_3D ( 'NONE', #2319, #3653, #1383 ) ;
#4285 = ORIENTED_EDGE ( 'NONE', *, *, #2471, .F. ) ;
#4286 = LINE ( 'NONE', #231, #2959 ) ;
#4287 = EDGE_CURVE ( 'NONE', #2192, #1551, #2260, .T. ) ;
#4288 = VECTOR ( 'NONE', #145, 1000.000000000000000 ) ;
#4289 = ORIENTED_EDGE ( 'NONE', *, *, #3136, .T. ) ;
#4290 = ORIENTED_EDGE ( 'NONE', *, *, #2383, .F. ) ;
#4291 = AXIS2_PLACEMENT_3D ( 'NONE', #3186, #942, #3932 ) ;
#4292 = CARTESIAN_POINT ( 'NONE',  ( -0.6749999999999994893, 0.1999999999999999833, 0.7000000000000015099 ) ) ;
#4293 = PLANE ( 'NONE',  #715 ) ;
#4294 = DIRECTION ( 'NONE',  ( -1.000000000000000000, 0.000000000000000000, -1.734723475976806848E-16 ) ) ;
#4295 = VECTOR ( 'NONE', #544, 999.9999999999998863 ) ;
#4296 = VERTEX_POINT ( 'NONE', #241 ) ;
#4297 = LINE ( 'NONE', #1219, #3077 ) ;
#4298 = AXIS2_PLACEMENT_3D ( 'NONE', #1313, #2035, #4045 ) ;
#4299 = CARTESIAN_POINT ( 'NONE',  ( -0.6750000000000013767, 0.05000000000000000278, 1.250000000000000000 ) ) ;
#4300 = ORIENTED_EDGE ( 'NONE', *, *, #433, .T. ) ;
#4301 = EDGE_CURVE ( 'NONE', #2577, #1819, #4186, .T. ) ;
#4302 = PLANE ( 'NONE',  #15 ) ;
#4303 = CARTESIAN_POINT ( 'NONE',  ( 1.040834085586084454E-15, 2.239607805437113797, -1.000000000000001110 ) ) ;
#4304 = CARTESIAN_POINT ( 'NONE',  ( 0.4249999999999992673, 0.000000000000000000, 0.5000000000000016653 ) ) ;
#4305 = VERTEX_POINT ( 'NONE', #1517 ) ;
#4306 = SURFACE_STYLE_FILL_AREA ( #707 ) ;
#4307 = FACE_OUTER_BOUND ( 'NONE', #797, .T. ) ;
#4308 = DIRECTION ( 'NONE',  ( 1.734723475976807094E-16, 0.000000000000000000, -1.000000000000000000 ) ) ;
#4309 = ORIENTED_EDGE ( 'NONE', *, *, #1086, .T. ) ;
#4310 = ORIENTED_EDGE ( 'NONE', *, *, #2070, .T. ) ;
#4311 = EDGE_CURVE ( 'NONE', #258, #1321, #3222, .T. ) ;
#4312 = LINE ( 'NONE', #673, #2593 ) ;
#4313 = CARTESIAN_POINT ( 'NONE',  ( -0.4249999999999997113, 0.5201562118716424044, 0.7000000000000010658 ) ) ;
#4314 = FACE_OUTER_BOUND ( 'NONE', #792, .T. ) ;
#4315 = ORIENTED_EDGE ( 'NONE', *, *, #3881, .T. ) ;
#4316 = PLANE ( 'NONE',  #1964 ) ;
#4317 = CARTESIAN_POINT ( 'NONE',  ( -0.1999999999999997335, 2.239607805437113797, -0.8000000000000010436 ) ) ;
#4318 = ORIENTED_EDGE ( 'NONE', *, *, #3225, .F. ) ;
#4319 = PLANE ( 'NONE',  #3841 ) ;
#4320 = CARTESIAN_POINT ( 'NONE',  ( -0.6749999999999994893, 0.1999999999999999833, 0.7000000000000015099 ) ) ;
#4321 = LINE ( 'NONE', #3954, #4148 ) ;
#4322 = EDGE_CURVE ( 'NONE', #2209, #1991, #1560, .T. ) ;
ENDSEC;
END-ISO-10303-21;
