ISO-10303-21;
HEADER;
FILE_DESCRIPTION (( 'STEP AP214' ),
    '1' );
FILE_NAME ('9774030243R.STEP',
    '2023-11-06T17:22:21',
    ( '' ),
    ( '' ),
    'SwSTEP 2.0',
    'SolidWorks 2021',
    '' );
FILE_SCHEMA (( 'AUTOMOTIVE_DESIGN' ));
ENDSEC;

DATA;
#2 = DIRECTION ( 'NONE',  ( -1.000000000000000000, 0.000000000000000000, 0.000000000000000000 ) ) ;
#1 = FACE_OUTER_BOUND ( 'NONE', #2102, .T. ) ;
#3 = CARTESIAN_POINT ( 'NONE',  ( -0.4999999999999992784, 3.591666667212904951, 0.8660254037844384856 ) ) ;
#4 = CARTESIAN_POINT ( 'NONE',  ( 2.880091997926451166E-16, -1.574999999453762456, 1.154700538379250574 ) ) ;
#5 = CARTESIAN_POINT ( 'NONE',  ( -0.7834936500000029280, 2.066666666666667762, -0.4523502697358600666 ) ) ;
#6 = CARTESIAN_POINT ( 'NONE',  ( 0.9999999999999991118, 0.6083333338795705592, -0.5773502691896257311 ) ) ;
#7 = ORIENTED_EDGE ( 'NONE', *, *, #1340, .T. ) ;
#8 = CARTESIAN_POINT ( 'NONE',  ( -0.1745095803817548197, 0.1511950880057012225, -0.8603301344789860972 ) ) ;
#9 = CIRCLE ( 'NONE', #2062, 0.9999999999999993339 ) ;
#10 = CARTESIAN_POINT ( 'NONE',  ( 1.902841745357856745E-16, -0.4999999989075245010, 0.9047005394717241300 ) ) ;
#11 = CARTESIAN_POINT ( 'NONE',  ( 0.8931548869834176063, 0.06593750062809787538, 0.3146249312267567211 ) ) ;
#12 = CARTESIAN_POINT ( 'NONE',  ( -0.9999999999999990008, 0.4083333338795709921, 0.5773502691896258421 ) ) ;
#13 = CARTESIAN_POINT ( 'NONE',  ( -0.5000000000000000000, 3.908333333879571381, -0.8660254037844380415 ) ) ;
#14 = CARTESIAN_POINT ( 'NONE',  ( 7.598744161770200405E-17, 2.825000000546238343, 1.154700538379250574 ) ) ;
#15 = CYLINDRICAL_SURFACE ( 'NONE', #312, 0.7834936499999993753 ) ;
#16 = CARTESIAN_POINT ( 'NONE',  ( 0.7834936499999992643, 2.800000001092475266, -9.595029906247759787E-17 ) ) ;
#17 = VECTOR ( 'NONE', #1360, 1000.000000000000000 ) ;
#19 = CARTESIAN_POINT ( 'NONE',  ( 0.000000000000000000, 0.000000000000000000, 0.000000000000000000 ) ) ;
#18 = CARTESIAN_POINT ( 'NONE',  ( -0.3917468249999994101, 5.366666666666667140, 0.6785254046037934028 ) ) ;
#20 = CARTESIAN_POINT ( 'NONE',  ( 0.9999999999999996669, 2.091666667212904507, 0.5773502691896250649 ) ) ;
#21 = CARTESIAN_POINT ( 'NONE',  ( 0.7834936499999987092, 5.233333334425808836, -0.4523502697358622870 ) ) ;
#22 = CARTESIAN_POINT ( 'NONE',  ( 0.9999999999999991118, 4.500000000000000888, 1.224646799147352468E-16 ) ) ;
#23 = CARTESIAN_POINT ( 'NONE',  ( 0.9999999999999998890, -1.458333332787096426, 0.5773502691896249539 ) ) ;
#24 = CARTESIAN_POINT ( 'NONE',  ( -0.5000000000000001110, 6.258333333879572358, -0.8660254037844380415 ) ) ;
#25 = CARTESIAN_POINT ( 'NONE',  ( -2.166619679008476586E-17, -0.6999999989075250673, -0.9047005394717241300 ) ) ;
#26 = FACE_OUTER_BOUND ( 'NONE', #714, .T. ) ;
#27 = CARTESIAN_POINT ( 'NONE',  ( 0.5000000000000001110, -0.6916666661204292632, 0.8660254037844379305 ) ) ;
#28 = CARTESIAN_POINT ( 'NONE',  ( -0.9999999999999993339, 3.141666667212904773, -0.5773502691896251759 ) ) ;
#29 = CARTESIAN_POINT ( 'NONE',  ( 0.4999999999999992784, 4.591666667212905395, -0.8660254037844381525 ) ) ;
#30 = CARTESIAN_POINT ( 'NONE',  ( -0.4999999999999992784, 5.241666667212904862, 0.8660254037844384856 ) ) ;
#32 = CARTESIAN_POINT ( 'NONE',  ( -2.174999999999999822, 4.500000000000000888, 0.000000000000000000 ) ) ;
#31 = CARTESIAN_POINT ( 'NONE',  ( -0.3917468250000001317, 6.033333333333334103, -0.6785254046037930697 ) ) ;
#33 =( BOUNDED_CURVE ( )  B_SPLINE_CURVE ( 2, ( #1087, #2607, #121, #2852, #1879, #3080, #1375 ),
 .UNSPECIFIED., .F., .T. ) 
 B_SPLINE_CURVE_WITH_KNOTS ( ( 3, 2, 2, 3 ),
 ( 0.4545454545454544748, 0.4621212121212120438, 0.4696969696969697239, 0.4772727272727272929 ),
 .UNSPECIFIED. ) 
 CURVE ( )  GEOMETRIC_REPRESENTATION_ITEM ( )  RATIONAL_B_SPLINE_CURVE ( ( 1.000000000000000888, 0.8660254037844377084, 1.000000000000000000, 0.8660254037844387076, 1.000000000000000000, 0.8660254037844387076, 1.000000000000000000 ) ) 
 REPRESENTATION_ITEM ( '' )  );
#34 = CARTESIAN_POINT ( 'NONE',  ( -0.9999999999999993339, 1.891666667212904995, -0.5773502691896252870 ) ) ;
#35 = CARTESIAN_POINT ( 'NONE',  ( 0.3917468249999996877, 5.933333334425809014, 0.6785254046037929587 ) ) ;
#36 = CARTESIAN_POINT ( 'NONE',  ( 0.1745095809831655187, 4.348804912664041566, -0.8603301351389086582 ) ) ;
#37 = DIRECTION ( 'NONE',  ( 4.818676322157797005E-17, -1.000000000000000000, 0.000000000000000000 ) ) ;
#38 = CARTESIAN_POINT ( 'NONE',  ( -0.9999999999999988898, 0.4083333338795709921, 0.5773502691896259531 ) ) ;
#39 = CARTESIAN_POINT ( 'NONE',  ( -0.5000000000000000000, 4.258333333879571470, -0.8660254037844380415 ) ) ;
#40 = CARTESIAN_POINT ( 'NONE',  ( 0.7834936499999993753, -1.199999998907524512, -9.595029906247759787E-17 ) ) ;
#41 = CARTESIAN_POINT ( 'NONE',  ( -2.168404344971008868E-16, 4.500000000000000888, 0.000000000000000000 ) ) ;
#42 = CARTESIAN_POINT ( 'NONE',  ( -0.9999999999999993339, 3.541666667212904240, -0.5773502691896251759 ) ) ;
#43 = CARTESIAN_POINT ( 'NONE',  ( -1.111379536822743912E-18, 4.425000000546238432, 1.154700538379250574 ) ) ;
#44 = DIRECTION ( 'NONE',  ( -4.818676322157797005E-17, 1.000000000000000000, -0.000000000000000000 ) ) ;
#45 = CARTESIAN_POINT ( 'NONE',  ( -2.742940905524821066E-16, 4.225000000546238255, -1.154700538379250796 ) ) ;
#47 = CARTESIAN_POINT ( 'NONE',  ( -0.7455287778308943292, 4.448093928752325787, 0.5908730917380174974 ) ) ;
#46 = CARTESIAN_POINT ( 'NONE',  ( 0.7834936499999991533, 3.600000001092475532, -9.595029906247759787E-17 ) ) ;
#48 = CARTESIAN_POINT ( 'NONE',  ( -2.357446799752197157E-16, 3.425000000546237988, -1.154700538379250796 ) ) ;
#49 = CARTESIAN_POINT ( 'NONE',  ( -0.4999999999999989453, -1.608333332787095671, 0.8660254037844384856 ) ) ;
#50 = LINE ( 'NONE', #1496, #1397 ) ;
#51 = CARTESIAN_POINT ( 'NONE',  ( -0.7834936499999994863, 1.266666666666666829, -0.4523502697358619540 ) ) ;
#52 = CARTESIAN_POINT ( 'NONE',  ( -0.4999999999999991673, 1.241666667212904418, 0.8660254037844384856 ) ) ;
#53 = CARTESIAN_POINT ( 'NONE',  ( -3.966079011408511298E-17, 5.225000000546238255, 1.154700538379250574 ) ) ;
#54 = CARTESIAN_POINT ( 'NONE',  ( 0.7834936499999989312, 2.833333334425808925, -0.4523502697358622870 ) ) ;
#55 = CARTESIAN_POINT ( 'NONE',  ( 0.9999999999999996669, 3.341666667212904507, 0.5773502691896249539 ) ) ;
#56 = AXIS2_PLACEMENT_3D ( 'NONE', #2994, #2752, #1307 ) ;
#57 = CARTESIAN_POINT ( 'NONE',  ( 0.9999999999999996669, 1.291666667212905129, 0.5773502691896249539 ) ) ;
#58 = CARTESIAN_POINT ( 'NONE',  ( -3.152528392908233907E-16, 5.075000000546237899, -1.154700538379250574 ) ) ;
#59 = CARTESIAN_POINT ( 'NONE',  ( 0.7834936499999994863, 2.766666667759142939, 0.4523502697358617874 ) ) ;
#61 = CARTESIAN_POINT ( 'NONE',  ( 0.3917468249999992991, 3.666666667759141962, -0.6785254046037930697 ) ) ;
#60 = CARTESIAN_POINT ( 'NONE',  ( -3.445175103220143822E-16, 6.000000000000000888, -0.9047005394717241300 ) ) ;
#62 = CARTESIAN_POINT ( 'NONE',  ( 0.4999999999999998890, 3.258333333879571470, 0.8660254037844379305 ) ) ;
#63 = CARTESIAN_POINT ( 'NONE',  ( -0.7834936499999992643, 3.033333334425808658, 0.4523502697358625091 ) ) ;
#64 = CARTESIAN_POINT ( 'NONE',  ( -0.7834936499999995974, 3.000000001092475443, 0.000000000000000000 ) ) ;
#65 = CARTESIAN_POINT ( 'NONE',  ( 0.000000000000000000, 0.000000000000000000, 0.000000000000000000 ) ) ;
#66 = VERTEX_POINT ( 'NONE', #1476 ) ;
#67 = EDGE_CURVE ( 'NONE', #1097, #2883, #1711, .T. ) ;
#68 = CARTESIAN_POINT ( 'NONE',  ( 0.4999999999999993339, 1.841666667212904285, -0.8660254037844381525 ) ) ;
#69 = CARTESIAN_POINT ( 'NONE',  ( 0.9999999999999990008, 5.358333333879571114, -0.5773502691896257311 ) ) ;
#70 = CARTESIAN_POINT ( 'NONE',  ( 0.3917468249999994656, 0.7666666666666672736, -0.6785254046037930697 ) ) ;
#71 = DIRECTION ( 'NONE',  ( -4.818676322157797005E-17, 1.000000000000000000, -0.000000000000000000 ) ) ;
#72 = CARTESIAN_POINT ( 'NONE',  ( -0.7834936499999994863, 2.500000000000000444, 0.000000000000000000 ) ) ;
#73 = CARTESIAN_POINT ( 'NONE',  ( 0.4999999999999993339, 2.591666667212904951, -0.8660254037844381525 ) ) ;
#74 = EDGE_CURVE ( 'NONE', #1715, #2195, #1667, .T. ) ;
#75 = CARTESIAN_POINT ( 'NONE',  ( -0.9999999999999995559, 4.775000000546238077, 0.000000000000000000 ) ) ;
#76 = CARTESIAN_POINT ( 'NONE',  ( -0.3917468249999997432, -1.166666666666666519, -0.6785254046037930697 ) ) ;
#77 = PRODUCT_RELATED_PRODUCT_CATEGORY ( 'part', '', ( #188 ) ) ;
#78 = CARTESIAN_POINT ( 'NONE',  ( 2.174999999999998934, 1.048062100069320419E-16, 2.663606788145492628E-16 ) ) ;
#79 = CARTESIAN_POINT ( 'NONE',  ( 0.9999999999999993339, 0.5250000005462378549, -1.224646799147352468E-16 ) ) ;
#80 = CARTESIAN_POINT ( 'NONE',  ( 0.3917468249999993546, 2.866666667759142140, -0.6785254046037930697 ) ) ;
#81 = CARTESIAN_POINT ( 'NONE',  ( 2.174999999999999822, 3.100000000000000533, 2.663606788145493121E-16 ) ) ;
#82 = CARTESIAN_POINT ( 'NONE',  ( 0.7834936499999992643, 1.200000001092475621, -9.595029906247759787E-17 ) ) ;
#83 = VERTEX_POINT ( 'NONE', #246 ) ;
#84 = CARTESIAN_POINT ( 'NONE',  ( -0.9999999999999991118, -0.4583333327870956486, -0.5773502691896251759 ) ) ;
#85 = CARTESIAN_POINT ( 'NONE',  ( 0.9999999999999993339, 1.375000000546237944, -1.224646799147352468E-16 ) ) ;
#86 = CARTESIAN_POINT ( 'NONE',  ( -0.9999999999999991118, 5.958333333879570759, 0.5773502691896258421 ) ) ;
#87 = CARTESIAN_POINT ( 'NONE',  ( 0.7834936499999991533, 4.500000000000000888, 9.595029906247759787E-17 ) ) ;
#88 = DIRECTION ( 'NONE',  ( -1.000000000000000000, 0.000000000000000000, 0.000000000000000000 ) ) ;
#89 = CARTESIAN_POINT ( 'NONE',  ( 0.7834936499999993753, 1.866666666666666696, 0.4523502697358617874 ) ) ;
#90 = CARTESIAN_POINT ( 'NONE',  ( -0.9999999999999993339, 2.291666667212905129, -0.5773502691896251759 ) ) ;
#91 = CARTESIAN_POINT ( 'NONE',  ( 0.4999999999999998890, 4.508333333879571470, 0.8660254037844379305 ) ) ;
#92 = CARTESIAN_POINT ( 'NONE',  ( -0.7834936499999992643, 0.4666666666666672847, -0.4523502697358619540 ) ) ;
#93 = CARTESIAN_POINT ( 'NONE',  ( 0.7834936499999991533, 3.500000000000000444, -9.595029906247759787E-17 ) ) ;
#94 = CARTESIAN_POINT ( 'NONE',  ( -0.9999999999999988898, 1.558333333879571070, 0.5773502691896259531 ) ) ;
#95 = CARTESIAN_POINT ( 'NONE',  ( -0.3917468249999994101, 4.666666667759142406, 0.6785254046037934028 ) ) ;
#96 = CARTESIAN_POINT ( 'NONE',  ( 0.7834936499999992643, 2.400000001092475799, -9.595029906247759787E-17 ) ) ;
#97 = ORIENTED_EDGE ( 'NONE', *, *, #2218, .F. ) ;
#98 = EDGE_LOOP ( 'NONE', ( #1666, #418, #1210, #856 ) ) ;
#99 = CARTESIAN_POINT ( 'NONE',  ( 0.5000000000000001110, -1.491666666120429641, 0.8660254037844379305 ) ) ;
#100 = CARTESIAN_POINT ( 'NONE',  ( 0.5000000000000000000, 0.9083333338795714917, 0.8660254037844379305 ) ) ;
#101 = CARTESIAN_POINT ( 'NONE',  ( -0.9999999999999993339, 3.091666667212905395, -0.5773502691896251759 ) ) ;
#102 = CARTESIAN_POINT ( 'NONE',  ( -2.168404344971008868E-16, 4.500000000000000888, 0.000000000000000000 ) ) ;
#103 = EDGE_CURVE ( 'NONE', #1097, #668, #2227, .T. ) ;
#104 = CIRCLE ( 'NONE', #976, 2.174999999999999822 ) ;
#105 = CARTESIAN_POINT ( 'NONE',  ( 4.090520860153682921E-17, 2.600000000000000089, 0.9047005394717241300 ) ) ;
#106 = CARTESIAN_POINT ( 'NONE',  ( 0.9999999999999993339, 1.725000000546238477, -1.224646799147352468E-16 ) ) ;
#107 = CARTESIAN_POINT ( 'NONE',  ( 0.9999999999999991118, 3.008333333879571470, -0.5773502691896257311 ) ) ;
#108 = CARTESIAN_POINT ( 'NONE',  ( -0.3917468249999991881, 0.5666666666666666519, 0.6785254046037934028 ) ) ;
#109 = CARTESIAN_POINT ( 'NONE',  ( -2.481439838788584051E-16, 4.000000000000000000, -0.9047005394717241300 ) ) ;
#110 = CARTESIAN_POINT ( 'NONE',  ( -0.9999999999999988898, 1.158333333879571603, 0.5773502691896259531 ) ) ;
#111 = CARTESIAN_POINT ( 'NONE',  ( -2.915120708309213908E-16, 4.900000001092474911, -0.9047005394717241300 ) ) ;
#112 =( LENGTH_UNIT ( ) NAMED_UNIT ( * ) SI_UNIT ( .MILLI., .METRE. ) );
#113 = ORIENTED_EDGE ( 'NONE', *, *, #730, .F. ) ;
#114 = ORIENTED_EDGE ( 'NONE', *, *, #2936, .T. ) ;
#115 = EDGE_CURVE ( 'NONE', #668, #717, #965, .T. ) ;
#116 = CARTESIAN_POINT ( 'NONE',  ( -2.168404344971008868E-16, 4.500000000000000888, 0.000000000000000000 ) ) ;
#117 = CARTESIAN_POINT ( 'NONE',  ( 0.9999999999999993339, 3.325000000546238343, -1.224646799147352468E-16 ) ) ;
#118 = CARTESIAN_POINT ( 'NONE',  ( 1.121275140338854893E-16, 2.075000000546237899, 1.154700538379250574 ) ) ;
#119 = AXIS2_PLACEMENT_3D ( 'NONE', #19, #485, #1728 ) ;
#120 = STYLED_ITEM ( 'NONE', ( #1131 ), #2747 ) ;
#121 = CARTESIAN_POINT ( 'NONE',  ( -0.3917468249999999097, 2.433333333333333570, -0.6785254046037930697 ) ) ;
#122 = CARTESIAN_POINT ( 'NONE',  ( -0.4999999999999998890, 1.058333333879571292, -0.8660254037844380415 ) ) ;
#123 = CARTESIAN_POINT ( 'NONE',  ( 0.3917468249999994101, 1.966666666666667007, -0.6785254046037930697 ) ) ;
#124 = LINE ( 'NONE', #1103, #17 ) ;
#125 = CARTESIAN_POINT ( 'NONE',  ( 0.4999999999999993339, 2.191666667212905040, -0.8660254037844381525 ) ) ;
#126 = CARTESIAN_POINT ( 'NONE',  ( 0.4999999999999992784, 3.041666667212904240, -0.8660254037844381525 ) ) ;
#127 = CARTESIAN_POINT ( 'NONE',  ( -0.7834936499999991533, 0.1333333333333333870, 0.4523502697358625091 ) ) ;
#128 = CARTESIAN_POINT ( 'NONE',  ( 0.7834936499999989312, 3.133333333333333304, -0.4523502697358622870 ) ) ;
#129 = CARTESIAN_POINT ( 'NONE',  ( 1.338115574835955533E-16, 1.625000000546238166, 1.154700538379250796 ) ) ;
#130 = CARTESIAN_POINT ( 'NONE',  ( 0.7834936499999991533, 4.800000001092475266, -9.595029906247759787E-17 ) ) ;
#131 = DIRECTION ( 'NONE',  ( -1.000000000000000000, 0.000000000000000000, 0.000000000000000000 ) ) ;
#132 = ORIENTED_EDGE ( 'NONE', *, *, #1580, .F. ) ;
#133 = ORIENTED_EDGE ( 'NONE', *, *, #2788, .F. ) ;
#134 = CARTESIAN_POINT ( 'NONE',  ( -8.395637582724913195E-17, 0.2750000005462376329, -1.154700538379250796 ) ) ;
#135 = CARTESIAN_POINT ( 'NONE',  ( 0.9999999999999996669, 3.691666667212904596, 0.5773502691896249539 ) ) ;
#136 = CARTESIAN_POINT ( 'NONE',  ( -0.9999999999999990008, 1.608333333879570670, 0.5773502691896258421 ) ) ;
#137 = CARTESIAN_POINT ( 'NONE',  ( -0.4999999999999992784, 4.441666667212905040, 0.8660254037844384856 ) ) ;
#138 =( BOUNDED_CURVE ( )  B_SPLINE_CURVE ( 2, ( #1694, #1679, #681, #937, #202, #2404, #665 ),
 .UNSPECIFIED., .F., .T. ) 
 B_SPLINE_CURVE_WITH_KNOTS ( ( 3, 2, 2, 3 ),
 ( 0.6136363636363635354, 0.6212121212121211045, 0.6287878787878786735, 0.6363636363636362425 ),
 .UNSPECIFIED. ) 
 CURVE ( )  GEOMETRIC_REPRESENTATION_ITEM ( )  RATIONAL_B_SPLINE_CURVE ( ( 1.000000000000001998, 0.8660254037844367092, 1.000000000000000000, 0.8660254037844387076, 1.000000000000000000, 0.8660254037844407060, 0.9999999999999980016 ) ) 
 REPRESENTATION_ITEM ( '' )  );
#139 = CARTESIAN_POINT ( 'NONE',  ( -1.586458588206949587E-16, 1.825000000546237677, -1.154700538379250574 ) ) ;
#140 = CARTESIAN_POINT ( 'NONE',  ( 0.7834936499999990422, 1.133333333333333526, -0.4523502697358622870 ) ) ;
#141 = CARTESIAN_POINT ( 'NONE',  ( -0.7834936499999994863, 1.800000001092475488, 0.000000000000000000 ) ) ;
#142 = VERTEX_POINT ( 'NONE', #2222 ) ;
#143 = CARTESIAN_POINT ( 'NONE',  ( 0.9999999999999995559, -1.074999999453762012, -1.224646799147352468E-16 ) ) ;
#144 = CARTESIAN_POINT ( 'NONE',  ( 0.9999999999999993339, 3.775000000546237633, -1.224646799147352468E-16 ) ) ;
#145 = CARTESIAN_POINT ( 'NONE',  ( -0.7834936499999991533, -0.6666666666666661856, 0.4523502697358625091 ) ) ;
#146 = CARTESIAN_POINT ( 'NONE',  ( 0.7834936499999991533, 3.900000000000000355, -9.595029906247759787E-17 ) ) ;
#147 = CARTESIAN_POINT ( 'NONE',  ( -0.9999999999999995559, 6.325000000546237899, 0.000000000000000000 ) ) ;
#148 = CARTESIAN_POINT ( 'NONE',  ( -0.4999999999999991673, 1.191666667212904818, 0.8660254037844384856 ) ) ;
#149 = CARTESIAN_POINT ( 'NONE',  ( -0.7834936499999994863, 1.800000001092475488, 0.000000000000000000 ) ) ;
#150 = CARTESIAN_POINT ( 'NONE',  ( 0.3917468249999993546, 2.766666666666667496, -0.6785254046037930697 ) ) ;
#152 = ORIENTED_EDGE ( 'NONE', *, *, #2352, .T. ) ;
#151 = DIRECTION ( 'NONE',  ( -4.818676322157797005E-17, 1.000000000000000000, -0.000000000000000000 ) ) ;
#153 = VERTEX_POINT ( 'NONE', #277 ) ;
#154 = CARTESIAN_POINT ( 'NONE',  ( 0.5000000000000001110, 0.05833333387957138211, 0.8660254037844379305 ) ) ;
#155 = CARTESIAN_POINT ( 'NONE',  ( -2.168404344971008868E-16, 4.500000000000000888, 0.000000000000000000 ) ) ;
#156 = CARTESIAN_POINT ( 'NONE',  ( -0.9999999999999993339, 0.7750000005462380770, 0.000000000000000000 ) ) ;
#157 = CARTESIAN_POINT ( 'NONE',  ( 0.9999999999999993339, 4.141666667212905217, 0.5773502691896250649 ) ) ;
#158 = CARTESIAN_POINT ( 'NONE',  ( -0.9999999999999990008, 2.758333333879571470, 0.5773502691896258421 ) ) ;
#159 = CARTESIAN_POINT ( 'NONE',  ( 9.391064809262974671E-17, 1.500000001092475443, 0.9047005394717241300 ) ) ;
#160 = ORIENTED_EDGE ( 'NONE', *, *, #1121, .F. ) ;
#161 = CARTESIAN_POINT ( 'NONE',  ( -0.9999999999999991118, -0.4749999994537622006, 0.000000000000000000 ) ) ;
#162 = CONICAL_SURFACE ( 'NONE', #1852, 0.7834936499999992643, 0.7853981633974518317 ) ;
#163 = CARTESIAN_POINT ( 'NONE',  ( -0.4999999999999991673, 2.441666667212904152, 0.8660254037844384856 ) ) ;
#164 = EDGE_CURVE ( 'NONE', #392, #2700, #2647, .T. ) ;
#165 = CARTESIAN_POINT ( 'NONE',  ( 0.9999999999999990008, 5.808333333879570404, -0.5773502691896257311 ) ) ;
#166 = CARTESIAN_POINT ( 'NONE',  ( -0.7834936499999992643, 3.333333333333333925, 0.4523502697358625091 ) ) ;
#167 = CARTESIAN_POINT ( 'NONE',  ( -2.038608482545392373E-17, 4.825000000546238788, 1.154700538379250574 ) ) ;
#168 = CARTESIAN_POINT ( 'NONE',  ( -2.174999999999999378, -1.109733823351233885E-16, 0.000000000000000000 ) ) ;
#169 = CARTESIAN_POINT ( 'NONE',  ( 0.7834936499999989312, 2.833333334425809369, -0.4523502697358622870 ) ) ;
#171 = VERTEX_POINT ( 'NONE', #2986 ) ;
#170 = CARTESIAN_POINT ( 'NONE',  ( -2.168404344971008868E-16, 4.500000000000000888, 0.000000000000000000 ) ) ;
#172 = EDGE_LOOP ( 'NONE', ( #916, #1406, #581, #2079 ) ) ;
#173 = CARTESIAN_POINT ( 'NONE',  ( -8.154703766617025101E-17, 0.2250000005462379216, -1.154700538379250574 ) ) ;
#174 = FACE_OUTER_BOUND ( 'NONE', #2563, .T. ) ;
#175 = CARTESIAN_POINT ( 'NONE',  ( 1.506769246111478801E-16, 1.275000000546237411, 1.154700538379250574 ) ) ;
#176 = EDGE_CURVE ( 'NONE', #669, #1063, #1804, .T. ) ;
#177 = CARTESIAN_POINT ( 'NONE',  ( -0.9999999999999996669, 4.341666667212903619, -0.5773502691896252870 ) ) ;
#178 = CARTESIAN_POINT ( 'NONE',  ( 0.4999999999999993339, 1.391666667212904551, -0.8660254037844381525 ) ) ;
#179 = AXIS2_PLACEMENT_3D ( 'NONE', #3164, #1710, #3193 ) ;
#180 = CARTESIAN_POINT ( 'NONE',  ( 1.324600586698921622E-16, 0.7000000010924751770, 0.9047005394717241300 ) ) ;
#181 = ORIENTED_EDGE ( 'NONE', *, *, #1343, .T. ) ;
#182 = CARTESIAN_POINT ( 'NONE',  ( 0.9999999999999995559, -1.474999999453762145, -1.224646799147352468E-16 ) ) ;
#183 = CARTESIAN_POINT ( 'NONE',  ( -0.9999999999999993339, 1.975000000546237811, 0.000000000000000000 ) ) ;
#184 = CARTESIAN_POINT ( 'NONE',  ( 0.9999999999999991118, 5.375000000546237722, -1.224646799147352468E-16 ) ) ;
#185 = CARTESIAN_POINT ( 'NONE',  ( -0.4999999999999996669, -2.091666666120429507, -0.8660254037844380415 ) ) ;
#186 = EDGE_CURVE ( 'NONE', #908, #153, #1723, .T. ) ;
#187 = CARTESIAN_POINT ( 'NONE',  ( 0.7834936499999993753, 0.4000000010924752436, -9.595029906247759787E-17 ) ) ;
#188 = PRODUCT ( '9774030243R', '9774030243R', '', ( #682 ) ) ;
#190 = VERTEX_POINT ( 'NONE', #2835 ) ;
#189 = CARTESIAN_POINT ( 'NONE',  ( -0.7834936499999995974, 3.700000000000000622, 0.000000000000000000 ) ) ;
#191 = ORIENTED_EDGE ( 'NONE', *, *, #1058, .T. ) ;
#192 = CARTESIAN_POINT ( 'NONE',  ( 0.4999999999999994449, -0.2083333327870953988, -0.8660254037844381525 ) ) ;
#193 = CARTESIAN_POINT ( 'NONE',  ( -2.168404344971008868E-16, 4.500000000000000888, 0.000000000000000000 ) ) ;
#194 = CARTESIAN_POINT ( 'NONE',  ( -0.9999999999999993339, 1.575000000546237455, 0.000000000000000000 ) ) ;
#195 = CARTESIAN_POINT ( 'NONE',  ( 0.4999999999999992784, 3.041666667212904240, -0.8660254037844381525 ) ) ;
#196 = CARTESIAN_POINT ( 'NONE',  ( 0.9999999999999996669, 2.891666667212904773, 0.5773502691896249539 ) ) ;
#197 = CARTESIAN_POINT ( 'NONE',  ( 0.3917468249999999652, 0.3333333344258089803, 0.6785254046037929587 ) ) ;
#198 = CARTESIAN_POINT ( 'NONE',  ( -0.4999999999999997780, -0.5416666661204284638, -0.8660254037844380415 ) ) ;
#199 = CARTESIAN_POINT ( 'NONE',  ( -0.9999999999999993339, 0.7750000005462380770, 0.000000000000000000 ) ) ;
#200 = CARTESIAN_POINT ( 'NONE',  ( 2.336522614878487094E-16, -1.399999999999999911, 0.9047005394717241300 ) ) ;
#201 = CARTESIAN_POINT ( 'NONE',  ( -0.9999999999999991118, -2.024999999453763078, 0.000000000000000000 ) ) ;
#202 = CARTESIAN_POINT ( 'NONE',  ( -0.3917468249999991881, 0.9666666666666668961, 0.6785254046037934028 ) ) ;
#204 = VERTEX_POINT ( 'NONE', #549 ) ;
#203 = DIRECTION ( 'NONE',  ( -1.000000000000000000, 0.000000000000000000, 0.000000000000000000 ) ) ;
#205 = ORIENTED_EDGE ( 'NONE', *, *, #1634, .T. ) ;
#206 = CARTESIAN_POINT ( 'NONE',  ( -0.9999999999999986677, -0.8416666661204283972, 0.5773502691896258421 ) ) ;
#207 = DIRECTION ( 'NONE',  ( -4.818676322157797005E-17, 1.000000000000000000, -0.000000000000000000 ) ) ;
#208 = CARTESIAN_POINT ( 'NONE',  ( -4.540696524998669798E-17, -0.5249999994537627446, -1.154700538379250574 ) ) ;
#209 = LINE ( 'NONE', #1185, #531 ) ;
#210 = CARTESIAN_POINT ( 'NONE',  ( -1.180397232332407553E-16, 1.300000001092475932, -0.9047005394717241300 ) ) ;
#211 = CARTESIAN_POINT ( 'NONE',  ( 0.7834936499999992643, 1.200000001092475621, -9.595029906247759787E-17 ) ) ;
#212 = EDGE_CURVE ( 'NONE', #2603, #2166, #1154, .T. ) ;
#213 = CARTESIAN_POINT ( 'NONE',  ( -0.4999999999999991673, 2.041666667212904684, 0.8660254037844384856 ) ) ;
#214 = CARTESIAN_POINT ( 'NONE',  ( 0.4999999999999997780, 5.708333333879570759, 0.8660254037844379305 ) ) ;
#215 = EDGE_CURVE ( 'NONE', #3093, #1371, #2486, .T. ) ;
#216 = CARTESIAN_POINT ( 'NONE',  ( -0.9999999999999991118, 5.158333333879571825, 0.5773502691896258421 ) ) ;
#217 = CARTESIAN_POINT ( 'NONE',  ( 0.7834936499999991533, 0.4333333344258084030, -0.4523502697358622870 ) ) ;
#218 = ORIENTED_EDGE ( 'NONE', *, *, #1454, .F. ) ;
#219 = CARTESIAN_POINT ( 'NONE',  ( -4.299762708890780471E-17, -0.5749999994537624559, -1.154700538379250574 ) ) ;
#220 = CARTESIAN_POINT ( 'NONE',  ( 0.7834936500000024839, 2.033333334425809102, -0.4523502697358603442 ) ) ;
#221 = CARTESIAN_POINT ( 'NONE',  ( -0.4999999999999997780, 0.3083333338795707368, -0.8660254037844380415 ) ) ;
#222 = AXIS2_PLACEMENT_3D ( 'NONE', #102, #2277, #2260 ) ;
#223 = EDGE_CURVE ( 'NONE', #3100, #952, #124, .T. ) ;
#224 = CARTESIAN_POINT ( 'NONE',  ( -0.7834936499999995974, 4.500000000000000888, 0.000000000000000000 ) ) ;
#225 = CARTESIAN_POINT ( 'NONE',  ( 0.3917468249999995211, -0.3333333322408579824, -0.6785254046037930697 ) ) ;
#226 = CARTESIAN_POINT ( 'NONE',  ( 0.3881408346789909647, 0.03280016280701691239, 0.8893361472781590171 ) ) ;
#227 = CARTESIAN_POINT ( 'NONE',  ( -0.4999999999999991673, 1.241666667212904418, 0.8660254037844384856 ) ) ;
#228 = CARTESIAN_POINT ( 'NONE',  ( 0.4999999999999991673, 5.441666667212904152, -0.8660254037844381525 ) ) ;
#229 = VECTOR ( 'NONE', #478, 1000.000000000000000 ) ;
#230 = CARTESIAN_POINT ( 'NONE',  ( 1.816332575180844862E-17, 4.025000000546238077, 1.154700538379250574 ) ) ;
#231 = DIRECTION ( 'NONE',  ( 4.818676322157797005E-17, -1.000000000000000000, 0.000000000000000000 ) ) ;
#233 = ORIENTED_EDGE ( 'NONE', *, *, #2692, .F. ) ;
#232 = CARTESIAN_POINT ( 'NONE',  ( -0.1939660370505891240, 4.283495631035735940, 0.7591043907534790192 ) ) ;
#234 = CARTESIAN_POINT ( 'NONE',  ( -0.9999999999999986677, -2.041666666120427909, 0.5773502691896258421 ) ) ;
#235 = CARTESIAN_POINT ( 'NONE',  ( 0.7834936499999992643, 3.100000000000000533, -9.595029906247759787E-17 ) ) ;
#236 = CARTESIAN_POINT ( 'NONE',  ( -2.613225996135557344E-17, -0.9249999994537621006, -1.154700538379250574 ) ) ;
#237 = EDGE_LOOP ( 'NONE', ( #880, #533, #2152, #925 ) ) ;
#238 = CARTESIAN_POINT ( 'NONE',  ( 0.7834936499999990422, 1.633333334425809191, -0.4523502697358622870 ) ) ;
#239 = CARTESIAN_POINT ( 'NONE',  ( 0.3917468249999995211, -0.7333333322408581711, -0.6785254046037930697 ) ) ;
#240 = CARTESIAN_POINT ( 'NONE',  ( -2.168404344971008868E-16, 4.500000000000000888, 0.000000000000000000 ) ) ;
#241 = CARTESIAN_POINT ( 'NONE',  ( -0.4999999999999997780, -0.09166666612042857765, -0.8660254037844380415 ) ) ;
#242 = CARTESIAN_POINT ( 'NONE',  ( -0.9999999999999990008, 3.208333333879570759, 0.5773502691896258421 ) ) ;
#243 = CARTESIAN_POINT ( 'NONE',  ( 0.9999999999999991118, 3.358333333879571114, -0.5773502691896257311 ) ) ;
#244 = CARTESIAN_POINT ( 'NONE',  ( -0.9999999999999996669, 6.341666667212904507, -0.5773502691896251759 ) ) ;
#246 = CARTESIAN_POINT ( 'NONE',  ( -0.7834936499999994863, 1.800000001092475488, 0.000000000000000000 ) ) ;
#245 = DIRECTION ( 'NONE',  ( 0.7071067811865514585, -0.7071067811865435759, 0.000000000000000000 ) ) ;
#247 = CARTESIAN_POINT ( 'NONE',  ( 0.7834936499999987092, 6.033333334425809547, -0.4523502697358622870 ) ) ;
#248 = CARTESIAN_POINT ( 'NONE',  ( -0.7554390247976063844, 0.2165050071080597827, 0.2077839722816319512 ) ) ;
#249 = CARTESIAN_POINT ( 'NONE',  ( 0.9999999999999993339, -0.9916666661204291966, -0.5773502691896257311 ) ) ;
#250 = ORIENTED_EDGE ( 'NONE', *, *, #3073, .T. ) ;
#251 = DIRECTION ( 'NONE',  ( -4.818676322157797005E-17, 1.000000000000000000, -0.000000000000000000 ) ) ;
#252 = CARTESIAN_POINT ( 'NONE',  ( -0.7834936499999993753, -0.5999999989075247564, 0.000000000000000000 ) ) ;
#253 = DIRECTION ( 'NONE',  ( -4.818676322157797005E-17, 1.000000000000000000, -0.000000000000000000 ) ) ;
#254 = CARTESIAN_POINT ( 'NONE',  ( 0.5000000000000001110, 0.1083333338795710865, 0.8660254037844379305 ) ) ;
#255 = CARTESIAN_POINT ( 'NONE',  ( -0.4999999999999992784, 4.041666667212903796, 0.8660254037844384856 ) ) ;
#256 = CARTESIAN_POINT ( 'NONE',  ( -0.9999999999999991118, 4.358333333879571114, 0.5773502691896258421 ) ) ;
#257 = EDGE_CURVE ( 'NONE', #1873, #2337, #787, .T. ) ;
#258 = CARTESIAN_POINT ( 'NONE',  ( -0.5000000000000001110, 5.908333333879571825, -0.8660254037844380415 ) ) ;
#259 = CARTESIAN_POINT ( 'NONE',  ( -0.7834936499999995974, 4.200000001092475621, 0.000000000000000000 ) ) ;
#261 = ORIENTED_EDGE ( 'NONE', *, *, #1789, .F. ) ;
#260 = CARTESIAN_POINT ( 'NONE',  ( -3.637922156106455776E-16, 6.400000000000000355, -0.9047005394717241300 ) ) ;
#262 =( BOUNDED_CURVE ( )  B_SPLINE_CURVE ( 2, ( #332, #1022, #814, #1037, #1828, #1795, #2004 ),
 .UNSPECIFIED., .F., .T. ) 
 B_SPLINE_CURVE_WITH_KNOTS ( ( 3, 2, 2, 3 ),
 ( 0.5681818181818182323, 0.5757575757575758013, 0.5833333333333334814, 0.5909090909090910504 ),
 .UNSPECIFIED. ) 
 CURVE ( )  GEOMETRIC_REPRESENTATION_ITEM ( )  RATIONAL_B_SPLINE_CURVE ( ( 1.000000000000000000, 0.8660254037844387076, 1.000000000000000000, 0.8660254037844387076, 1.000000000000000000, 0.8660254037844367092, 1.000000000000001998 ) ) 
 REPRESENTATION_ITEM ( '' )  );
#263 = CARTESIAN_POINT ( 'NONE',  ( 0.9999999999999991118, 2.558333333879571292, -0.5773502691896257311 ) ) ;
#264 = CARTESIAN_POINT ( 'NONE',  ( -0.7834936499999997084, 5.366666667759142584, -0.4523502697358619540 ) ) ;
#265 = CARTESIAN_POINT ( 'NONE',  ( 9.872932446743041546E-17, 1.399999999999999911, 0.9047005394717241300 ) ) ;
#266 = CARTESIAN_POINT ( 'NONE',  ( 0.9999999999999995559, -1.424999999453762545, -1.224646799147352468E-16 ) ) ;
#267 =( BOUNDED_CURVE ( )  B_SPLINE_CURVE ( 2, ( #1891, #2259, #650, #1529, #70, #1546, #315 ),
 .UNSPECIFIED., .F., .T. ) 
 B_SPLINE_CURVE_WITH_KNOTS ( ( 3, 2, 2, 3 ),
 ( 0.6363636363636362425, 0.6439393939393938116, 0.6515151515151514916, 0.6590909090909090606 ),
 .UNSPECIFIED. ) 
 CURVE ( )  GEOMETRIC_REPRESENTATION_ITEM ( )  RATIONAL_B_SPLINE_CURVE ( ( 1.000000000000001998, 0.8660254037844367092, 1.000000000000000000, 0.8660254037844387076, 1.000000000000000000, 0.8660254037844387076, 1.000000000000000000 ) ) 
 REPRESENTATION_ITEM ( '' )  );
#268 = VECTOR ( 'NONE', #3005, 1000.000000000000000 ) ;
#269 = CARTESIAN_POINT ( 'NONE',  ( 0.7834936499999994863, -1.633333332240858748, 0.4523502697358617874 ) ) ;
#270 = CARTESIAN_POINT ( 'NONE',  ( 0.7834936499999993753, 0.4000000010924752436, -9.595029906247759787E-17 ) ) ;
#271 = CARTESIAN_POINT ( 'NONE',  ( 0.4999999999999994449, 0.2416666672129044735, -0.8660254037844381525 ) ) ;
#272 = CARTESIAN_POINT ( 'NONE',  ( 1.575398759072956151E-17, 4.075000000546237899, 1.154700538379250574 ) ) ;
#273 = CARTESIAN_POINT ( 'NONE',  ( -0.5000000000000000000, 4.658333333879570937, -0.8660254037844380415 ) ) ;
#274 = CARTESIAN_POINT ( 'NONE',  ( -6.134483356379519550E-17, 5.675000000546237544, 1.154700538379250574 ) ) ;
#275 = CARTESIAN_POINT ( 'NONE',  ( 0.7834936499999992643, 2.000000001092474999, -9.595029906247759787E-17 ) ) ;
#277 = CARTESIAN_POINT ( 'NONE',  ( 0.7834936499999991533, 3.500000000000000444, -9.595029906247759787E-17 ) ) ;
#276 = CARTESIAN_POINT ( 'NONE',  ( -9.401772841888147707E-17, 5.400000000000001243, 0.9047005394717241300 ) ) ;
#278 = EDGE_CURVE ( 'NONE', #83, #1453, #1615, .T. ) ;
#279 = CARTESIAN_POINT ( 'NONE',  ( -0.9999999999999988898, 2.758333333879571470, 0.5773502691896259531 ) ) ;
#280 = CARTESIAN_POINT ( 'NONE',  ( 0.7834936499999992643, 5.966666667759142229, 0.4523502697358617874 ) ) ;
#281 = CARTESIAN_POINT ( 'NONE',  ( 0.7991688620547799937, 4.299168905684382480, -0.1130256265284694805 ) ) ;
#282 = LINE ( 'NONE', #521, #2372 ) ;
#283 =( BOUNDED_CURVE ( )  B_SPLINE_CURVE ( 2, ( #2207, #5, #985, #942, #1683, #1698, #2670 ),
 .UNSPECIFIED., .F., .T. ) 
 B_SPLINE_CURVE_WITH_KNOTS ( ( 3, 2, 2, 3 ),
 ( 0.4999999999999999445, 0.5075757575757575690, 0.5151515151515151381, 0.5227272727272727071 ),
 .UNSPECIFIED. ) 
 CURVE ( )  GEOMETRIC_REPRESENTATION_ITEM ( )  RATIONAL_B_SPLINE_CURVE ( ( 1.000000000000000888, 0.8660254037844377084, 1.000000000000000000, 0.8660254037844387076, 1.000000000000000000, 0.8660254037844387076, 1.000000000000000000 ) ) 
 REPRESENTATION_ITEM ( '' )  );
#284 = CARTESIAN_POINT ( 'NONE',  ( 0.5000000000000001110, 0.5083333338795712475, 0.8660254037844379305 ) ) ;
#285 = CARTESIAN_POINT ( 'NONE',  ( -0.4999999999999992784, 4.391666667212905217, 0.8660254037844384856 ) ) ;
#286 = CARTESIAN_POINT ( 'NONE',  ( -0.7834936499999992643, -0.6333333322408578603, -0.4523502697358619540 ) ) ;
#287 = LINE ( 'NONE', #2521, #625 ) ;
#288 = CARTESIAN_POINT ( 'NONE',  ( 0.4999999999999992784, 3.041666667212904240, -0.8660254037844381525 ) ) ;
#289 = CARTESIAN_POINT ( 'NONE',  ( 0.9999999999999990008, 4.158333333879571825, -0.5773502691896257311 ) ) ;
#290 = CARTESIAN_POINT ( 'NONE',  ( -3.345275445794545861E-16, 5.475000000546238255, -1.154700538379250574 ) ) ;
#291 = CARTESIAN_POINT ( 'NONE',  ( -0.7834936499999978210, 4.166666667759142406, -0.4523502697358629532 ) ) ;
#293 = CARTESIAN_POINT ( 'NONE',  ( -0.5861750149831016499, 4.458074079340208051, 0.7619280521773088566 ) ) ;
#292 = CARTESIAN_POINT ( 'NONE',  ( -0.7834936499999995974, 5.300000000000000711, 0.000000000000000000 ) ) ;
#294 = CARTESIAN_POINT ( 'NONE',  ( -0.4999999999999992784, 3.191666667212905040, 0.8660254037844384856 ) ) ;
#295 = CARTESIAN_POINT ( 'NONE',  ( -0.4999999999999997780, -1.341666666120428841, -0.8660254037844380415 ) ) ;
#296 = CARTESIAN_POINT ( 'NONE',  ( -0.9117899609397369654, 4.411789960939673350, -0.2254736551256782129 ) ) ;
#297 = CARTESIAN_POINT ( 'NONE',  ( 0.9999999999999996669, 2.141666667212904329, 0.5773502691896250649 ) ) ;
#298 = CARTESIAN_POINT ( 'NONE',  ( -0.4999999999999993339, 5.591666667212905395, 0.8660254037844384856 ) ) ;
#299 = CARTESIAN_POINT ( 'NONE',  ( -0.3917468249999990770, -2.133333332240857416, 0.6785254046037934028 ) ) ;
#300 = CARTESIAN_POINT ( 'NONE',  ( 0.4999999999999998890, 4.508333333879571470, 0.8660254037844379305 ) ) ;
#301 =( BOUNDED_CURVE ( )  B_SPLINE_CURVE ( 2, ( #891, #2536, #2353, #1628, #2276, #556, #1872 ),
 .UNSPECIFIED., .F., .T. ) 
 B_SPLINE_CURVE_WITH_KNOTS ( ( 3, 2, 2, 3 ),
 ( 0.5227272727272727071, 0.5303030303030302761, 0.5378787878787878451, 0.5454545454545454142 ),
 .UNSPECIFIED. ) 
 CURVE ( )  GEOMETRIC_REPRESENTATION_ITEM ( )  RATIONAL_B_SPLINE_CURVE ( ( 1.000000000000000000, 0.8660254037844387076, 1.000000000000000000, 0.8660254037844387076, 1.000000000000000000, 0.8660254037844387076, 1.000000000000000000 ) ) 
 REPRESENTATION_ITEM ( '' )  );
#302 = CARTESIAN_POINT ( 'NONE',  ( -0.4999999999999991673, 1.591666667212904951, 0.8660254037844384856 ) ) ;
#303 = CARTESIAN_POINT ( 'NONE',  ( 0.7834936499999992643, 3.466666666666666341, 0.4523502697358617874 ) ) ;
#304 = CARTESIAN_POINT ( 'NONE',  ( 0.7834936499999991533, 4.000000001092475443, -9.595029906247759787E-17 ) ) ;
#305 = EDGE_CURVE ( 'NONE', #2061, #2776, #1407, .T. ) ;
#307 = CARTESIAN_POINT ( 'NONE',  ( 0.3917468249999993546, 3.566666666666667318, -0.6785254046037930697 ) ) ;
#306 = CARTESIAN_POINT ( 'NONE',  ( 0.7554390212795308868, 4.283494992892208586, 0.2077839850722779380 ) ) ;
#308 = CARTESIAN_POINT ( 'NONE',  ( 0.9999999999999996669, 3.291666667212904684, 0.5773502691896250649 ) ) ;
#309 = CARTESIAN_POINT ( 'NONE',  ( 0.7834936499999989312, 4.433333334425809902, -0.4523502697358622870 ) ) ;
#310 = FACE_OUTER_BOUND ( 'NONE', #640, .T. ) ;
#311 = DIRECTION ( 'NONE',  ( -4.818676322157797005E-17, 1.000000000000000000, -0.000000000000000000 ) ) ;
#312 = AXIS2_PLACEMENT_3D ( 'NONE', #529, #44, #3014 ) ;
#313 = CARTESIAN_POINT ( 'NONE',  ( -0.9999999999999993339, 2.375000000546237722, 0.000000000000000000 ) ) ;
#314 = CARTESIAN_POINT ( 'NONE',  ( 0.4999999999999997780, 5.658333333879570937, 0.8660254037844379305 ) ) ;
#315 = CARTESIAN_POINT ( 'NONE',  ( 0.7834936499999993753, 0.7000000000000000666, -9.595029906247759787E-17 ) ) ;
#316 = EDGE_CURVE ( 'NONE', #204, #2811, #2922, .T. ) ;
#317 = CARTESIAN_POINT ( 'NONE',  ( 0.3917468249999999652, 0.7333333344258091691, 0.6785254046037929587 ) ) ;
#318 = CARTESIAN_POINT ( 'NONE',  ( 0.3917468249999994656, 0.7666666666666672736, -0.6785254046037930697 ) ) ;
#319 = CARTESIAN_POINT ( 'NONE',  ( -1.586458588206949587E-16, 1.825000000546237677, -1.154700538379250574 ) ) ;
#320 = CARTESIAN_POINT ( 'NONE',  ( 0.9999999999999996669, 2.941666667212904596, 0.5773502691896249539 ) ) ;
#321 = DIRECTION ( 'NONE',  ( -4.818676322157797005E-17, 1.000000000000000000, -0.000000000000000000 ) ) ;
#322 = CARTESIAN_POINT ( 'NONE',  ( 0.7939582290231717021, 4.293958272484010408, 5.312893087541310193E-14 ) ) ;
#323 = CARTESIAN_POINT ( 'NONE',  ( 0.4999999999999998890, 3.658333333879571381, 0.8660254037844379305 ) ) ;
#324 = CARTESIAN_POINT ( 'NONE',  ( 0.3917468249999997987, 4.333333334425809369, 0.6785254046037929587 ) ) ;
#325 =( GEOMETRIC_REPRESENTATION_CONTEXT ( 3 ) GLOBAL_UNCERTAINTY_ASSIGNED_CONTEXT ( ( #632 ) ) GLOBAL_UNIT_ASSIGNED_CONTEXT ( ( #1447, #2929, #2432 ) ) REPRESENTATION_CONTEXT ( 'NONE', 'WORKASPACE' ) );
#326 = CARTESIAN_POINT ( 'NONE',  ( -0.3917468249999999652, 3.233333333333333837, -0.6785254046037930697 ) ) ;
#327 = EDGE_LOOP ( 'NONE', ( #594, #1926, #3139, #2355 ) ) ;
#328 = CARTESIAN_POINT ( 'NONE',  ( 0.9999999999999991118, 0.6083333338795705592, -0.5773502691896257311 ) ) ;
#329 = CARTESIAN_POINT ( 'NONE',  ( 0.9999999999999991118, 1.408333333879570715, -0.5773502691896257311 ) ) ;
#330 = CARTESIAN_POINT ( 'NONE',  ( -5.893549540271630223E-17, 5.625000000546237722, 1.154700538379250574 ) ) ;
#331 = CYLINDRICAL_SURFACE ( 'NONE', #1764, 0.7834936499999993753 ) ;
#332 = CARTESIAN_POINT ( 'NONE',  ( 0.7834936499999992643, 1.200000001092475621, -9.595029906247759787E-17 ) ) ;
#333 = CARTESIAN_POINT ( 'NONE',  ( -0.3917468249999999097, 1.633333333333333748, -0.6785254046037930697 ) ) ;
#334 = CARTESIAN_POINT ( 'NONE',  ( 0.9999999999999993339, 0.5250000005462378549, -1.224646799147352468E-16 ) ) ;
#335 = CARTESIAN_POINT ( 'NONE',  ( -0.9999999999999990008, 3.208333333879570759, 0.5773502691896258421 ) ) ;
#336 = CARTESIAN_POINT ( 'NONE',  ( -0.3917468249999997987, -0.3666666666666661967, -0.6785254046037930697 ) ) ;
#337 = CARTESIAN_POINT ( 'NONE',  ( -2.674186891674896498E-16, 4.399999999999999467, -0.9047005394717241300 ) ) ;
#338 = CARTESIAN_POINT ( 'NONE',  ( -1.200964482434326172E-16, 1.025000000546238299, -1.154700538379250796 ) ) ;
#339 = CARTESIAN_POINT ( 'NONE',  ( 0.7834936499999989312, 4.833333334425809369, -0.4523502697358622870 ) ) ;
#340 = CARTESIAN_POINT ( 'NONE',  ( 0.7834936499999991533, 4.500000000000000888, 9.595029906247759787E-17 ) ) ;
#341 = CARTESIAN_POINT ( 'NONE',  ( 0.7834936499999991533, 3.200000001092475621, -9.595029906247759787E-17 ) ) ;
#342 = ORIENTED_EDGE ( 'NONE', *, *, #3181, .T. ) ;
#343 = ORIENTED_EDGE ( 'NONE', *, *, #352, .T. ) ;
#344 = CARTESIAN_POINT ( 'NONE',  ( -4.540696524998669798E-17, -0.5249999994537627446, -1.154700538379250574 ) ) ;
#345 = CARTESIAN_POINT ( 'NONE',  ( 0.9999999999999996669, 0.9416666672129044846, 0.5773502691896250649 ) ) ;
#346 = CARTESIAN_POINT ( 'NONE',  ( -0.9999999999999995559, 4.725000000546238255, 0.000000000000000000 ) ) ;
#347 = CARTESIAN_POINT ( 'NONE',  ( -1.710451627243336481E-16, 2.399999999999999911, -0.9047005394717241300 ) ) ;
#348 = CARTESIAN_POINT ( 'NONE',  ( 0.9999999999999996669, 2.491666667212905306, 0.5773502691896249539 ) ) ;
#349 = CARTESIAN_POINT ( 'NONE',  ( 0.4999999999999998890, 3.708333333879570759, 0.8660254037844379305 ) ) ;
#350 = CARTESIAN_POINT ( 'NONE',  ( 1.758281456219551478E-16, -0.1999999999999996780, 0.9047005394717241300 ) ) ;
#351 = CARTESIAN_POINT ( 'NONE',  ( -1.691890726435672622E-17, 3.800000000000000711, 0.9047005394717241300 ) ) ;
#352 = EDGE_CURVE ( 'NONE', #1508, #2825, #2907, .T. ) ;
#353 = CARTESIAN_POINT ( 'NONE',  ( 0.5000000000000000000, 1.658333333879571159, 0.8660254037844379305 ) ) ;
#354 = CARTESIAN_POINT ( 'NONE',  ( -0.7834936499999995974, 3.800000001092475710, 0.000000000000000000 ) ) ;
#355 = FILL_AREA_STYLE_COLOUR ( '', #2071 ) ;
#356 = ORIENTED_EDGE ( 'NONE', *, *, #1928, .F. ) ;
#357 = ORIENTED_EDGE ( 'NONE', *, *, #730, .T. ) ;
#358 = CYLINDRICAL_SURFACE ( 'NONE', #1446, 0.7834936499999993753 ) ;
#359 = CARTESIAN_POINT ( 'NONE',  ( 0.9999999999999993339, 3.725000000546237811, -1.224646799147352468E-16 ) ) ;
#360 = CARTESIAN_POINT ( 'NONE',  ( -1.803299022704050721E-16, 2.275000000546237633, -1.154700538379250574 ) ) ;
#361 = CARTESIAN_POINT ( 'NONE',  ( 0.4999999999999998890, 4.108333333879571114, 0.8660254037844379305 ) ) ;
#362 =( BOUNDED_CURVE ( )  B_SPLINE_CURVE ( 2, ( #1093, #2075, #2561, #2666, #2179, #2635, #2694 ),
 .UNSPECIFIED., .F., .T. ) 
 B_SPLINE_CURVE_WITH_KNOTS ( ( 3, 2, 2, 3 ),
 ( 0.4318181818181818232, 0.4393939393939393923, 0.4469696969696970168, 0.4545454545454545858 ),
 .UNSPECIFIED. ) 
 CURVE ( )  GEOMETRIC_REPRESENTATION_ITEM ( )  RATIONAL_B_SPLINE_CURVE ( ( 1.000000000000000000, 0.8660254037844387076, 1.000000000000000000, 0.8660254037844387076, 1.000000000000000000, 0.8660254037844377084, 1.000000000000000888 ) ) 
 REPRESENTATION_ITEM ( '' )  );
#363 = CARTESIAN_POINT ( 'NONE',  ( 0.9999999999999993339, 2.525000000546238521, -1.224646799147352468E-16 ) ) ;
#364 = CARTESIAN_POINT ( 'NONE',  ( 0.7834936499999992643, 2.700000000000000622, -9.595029906247759787E-17 ) ) ;
#365 = CARTESIAN_POINT ( 'NONE',  ( -0.3917468249999999652, 3.633333333333333748, -0.6785254046037930697 ) ) ;
#366 = CARTESIAN_POINT ( 'NONE',  ( 0.9999999999999993339, 2.525000000546238521, -1.224646799147352468E-16 ) ) ;
#367 = CARTESIAN_POINT ( 'NONE',  ( -2.574287234249298044E-16, 3.875000000546238166, -1.154700538379250574 ) ) ;
#368 = CARTESIAN_POINT ( 'NONE',  ( 0.7834936499999994863, 0.2666666666666667740, 0.4523502697358617874 ) ) ;
#369 =( GEOMETRIC_REPRESENTATION_CONTEXT ( 3 ) GLOBAL_UNCERTAINTY_ASSIGNED_CONTEXT ( ( #1925 ) ) GLOBAL_UNIT_ASSIGNED_CONTEXT ( ( #1592, #2579, #1351 ) ) REPRESENTATION_CONTEXT ( 'NONE', 'WORKASPACE' ) );
#370 = CARTESIAN_POINT ( 'NONE',  ( 0.7834936499999992643, 3.466666666666667229, 0.4523502697358617874 ) ) ;
#371 = CARTESIAN_POINT ( 'NONE',  ( -0.9999999999999993339, 1.091666667212904507, -0.5773502691896252870 ) ) ;
#372 = CARTESIAN_POINT ( 'NONE',  ( 0.3917468249999993546, 3.266666667759142495, -0.6785254046037930697 ) ) ;
#373 = CARTESIAN_POINT ( 'NONE',  ( -0.9217335447908523438, -1.021224481424441180E-07, 0.3878237646255785487 ) ) ;
#374 = EDGE_LOOP ( 'NONE', ( #1790, #1629 ) ) ;
#375 = DIRECTION ( 'NONE',  ( -1.000000000000000000, 0.000000000000000000, 0.000000000000000000 ) ) ;
#376 = CARTESIAN_POINT ( 'NONE',  ( 1.816332575180844862E-17, 4.025000000546238077, 1.154700538379250574 ) ) ;
#377 = CARTESIAN_POINT ( 'NONE',  ( -0.4999999999999998890, 2.708333333879570759, -0.8660254037844380415 ) ) ;
#378 = CONICAL_SURFACE ( 'NONE', #2328, 0.9999999999999995559, 0.7853981633974538301 ) ;
#379 = CARTESIAN_POINT ( 'NONE',  ( -0.5000000000000000000, 3.108333333879571114, -0.8660254037844380415 ) ) ;
#380 = CARTESIAN_POINT ( 'NONE',  ( 9.526214690633318714E-17, 2.425000000546237988, 1.154700538379250574 ) ) ;
#381 = CARTESIAN_POINT ( 'NONE',  ( -0.3917468249999998542, 1.233333333333333615, -0.6785254046037930697 ) ) ;
#382 = CARTESIAN_POINT ( 'NONE',  ( 0.000000000000000000, 0.000000000000000000, 0.000000000000000000 ) ) ;
#383 = ORIENTED_EDGE ( 'NONE', *, *, #2460, .T. ) ;
#384 = CARTESIAN_POINT ( 'NONE',  ( 0.9999999999999996669, 0.09166666721290450681, 0.5773502691896249539 ) ) ;
#385 = CARTESIAN_POINT ( 'NONE',  ( -0.9999999999999993339, 3.175000000546237988, 0.000000000000000000 ) ) ;
#386 = CARTESIAN_POINT ( 'NONE',  ( 1.951028509105863432E-16, -0.5999999999999998668, 0.9047005394717241300 ) ) ;
#387 = CARTESIAN_POINT ( 'NONE',  ( -0.7834936499999994863, 4.066666666666667318, -0.4523502697358619540 ) ) ;
#388 = CARTESIAN_POINT ( 'NONE',  ( 0.4999999999999995559, -1.758333332787096470, -0.8660254037844381525 ) ) ;
#389 = CARTESIAN_POINT ( 'NONE',  ( 0.9999999999999991118, 1.358333333879571336, -0.5773502691896257311 ) ) ;
#390 = CARTESIAN_POINT ( 'NONE',  ( 0.7834936499999990422, 2.033333334425809102, -0.4523502697358622870 ) ) ;
#391 = CARTESIAN_POINT ( 'NONE',  ( 0.09656260403709505946, 0.1958572818608156352, 0.8053095335607490801 ) ) ;
#392 = VERTEX_POINT ( 'NONE', #2196 ) ;
#393 = CARTESIAN_POINT ( 'NONE',  ( -0.4999999999999990563, 0.04166666721290394892, 0.8660254037844384856 ) ) ;
#394 = CARTESIAN_POINT ( 'NONE',  ( 0.4999999999999993339, 1.041666667212904018, -0.8660254037844381525 ) ) ;
#395 = EDGE_CURVE ( 'NONE', #1181, #1331, #1477, .T. ) ;
#396 = CARTESIAN_POINT ( 'NONE',  ( -0.9999999999999993339, 3.575000000546237899, 0.000000000000000000 ) ) ;
#397 = CARTESIAN_POINT ( 'NONE',  ( 0.9999999999999993339, 2.925000000546237988, -1.224646799147352468E-16 ) ) ;
#398 = CARTESIAN_POINT ( 'NONE',  ( 0.7834936499999993753, 1.166666667759142406, 0.4523502697358617874 ) ) ;
#399 = ORIENTED_EDGE ( 'NONE', *, *, #1310, .T. ) ;
#400 = CARTESIAN_POINT ( 'NONE',  ( 0.9999999999999996669, 0.4916666672129046955, 0.5773502691896249539 ) ) ;
#401 = CARTESIAN_POINT ( 'NONE',  ( -0.9999999999999990008, 1.208333333879571425, 0.5773502691896258421 ) ) ;
#402 = CARTESIAN_POINT ( 'NONE',  ( -0.3917468249999991325, 0.1666666666666665186, 0.6785254046037934028 ) ) ;
#403 = CARTESIAN_POINT ( 'NONE',  ( 0.7834936499999989312, 3.533333333333333659, -0.4523502697358622870 ) ) ;
#404 = CARTESIAN_POINT ( 'NONE',  ( 0.9999999999999993339, 4.891666667212904329, 0.5773502691896249539 ) ) ;
#405 = CARTESIAN_POINT ( 'NONE',  ( 0.4999999999999993339, 0.9916666672129043070, -0.8660254037844381525 ) ) ;
#406 = CARTESIAN_POINT ( 'NONE',  ( 3.608653222673618511E-17, 2.700000001092475621, 0.9047005394717241300 ) ) ;
#407 = EDGE_CURVE ( 'NONE', #204, #3041, #2464, .T. ) ;
#409 = ORIENTED_EDGE ( 'NONE', *, *, #1243, .T. ) ;
#408 = CARTESIAN_POINT ( 'NONE',  ( 9.391064809262974671E-17, 1.500000001092475443, 0.9047005394717241300 ) ) ;
#410 = ORIENTED_EDGE ( 'NONE', *, *, #164, .F. ) ;
#411 = CARTESIAN_POINT ( 'NONE',  ( -0.9999999999999993339, -0.1083333327870951435, -0.5773502691896251759 ) ) ;
#412 = CARTESIAN_POINT ( 'NONE',  ( 0.7834936499999990422, 4.283493650000002262, 9.595029906247757321E-17 ) ) ;
#413 = CARTESIAN_POINT ( 'NONE',  ( 9.285280874525431853E-17, 2.475000000546237366, 1.154700538379250574 ) ) ;
#414 = CARTESIAN_POINT ( 'NONE',  ( -0.5000000000000000000, 3.508333333879571470, -0.8660254037844380415 ) ) ;
#415 = CARTESIAN_POINT ( 'NONE',  ( 0.9999999999999993339, 1.325000000546238121, -1.224646799147352468E-16 ) ) ;
#416 = CARTESIAN_POINT ( 'NONE',  ( 0.7834936499999993753, 1.566666667759141873, 0.4523502697358617874 ) ) ;
#417 = EDGE_CURVE ( 'NONE', #1560, #3120, #1467, .T. ) ;
#418 = ORIENTED_EDGE ( 'NONE', *, *, #1657, .T. ) ;
#419 = CARTESIAN_POINT ( 'NONE',  ( 0.9999999999999993339, -1.041666666120428797, -0.5773502691896257311 ) ) ;
#420 = AXIS2_PLACEMENT_3D ( 'NONE', #767, #1025, #1752 ) ;
#421 = CARTESIAN_POINT ( 'NONE',  ( 0.5000000000000000000, 0.9083333338795714917, 0.8660254037844379305 ) ) ;
#422 = CARTESIAN_POINT ( 'NONE',  ( -0.9999999999999995559, 5.975000000546238255, 0.000000000000000000 ) ) ;
#423 = CARTESIAN_POINT ( 'NONE',  ( -0.5000000000000001110, 5.858333333879572002, -0.8660254037844380415 ) ) ;
#424 = CARTESIAN_POINT ( 'NONE',  ( -2.168404344971008868E-16, 4.500000000000000888, 0.000000000000000000 ) ) ;
#425 = CARTESIAN_POINT ( 'NONE',  ( -0.3917468249999992991, 2.266666667759142051, 0.6785254046037934028 ) ) ;
#427 = ORIENTED_EDGE ( 'NONE', *, *, #1302, .T. ) ;
#426 = CARTESIAN_POINT ( 'NONE',  ( -0.3917468249999993546, 3.766666666666667496, 0.6785254046037934028 ) ) ;
#428 = VERTEX_POINT ( 'NONE', #1482 ) ;
#429 = CARTESIAN_POINT ( 'NONE',  ( -0.9999999999999990008, 0.7583333338795714695, 0.5773502691896258421 ) ) ;
#430 = CARTESIAN_POINT ( 'NONE',  ( 0.3917468249999992991, 3.966666666666666785, -0.6785254046037930697 ) ) ;
#431 = CARTESIAN_POINT ( 'NONE',  ( -0.9999999999999993339, 1.941666667212904596, -0.5773502691896251759 ) ) ;
#432 = CARTESIAN_POINT ( 'NONE',  ( 0.9999999999999993339, 2.975000000546237811, -1.224646799147352468E-16 ) ) ;
#433 = CARTESIAN_POINT ( 'NONE',  ( -1.393711535320637880E-16, 1.425000000546238432, -1.154700538379250574 ) ) ;
#434 = VECTOR ( 'NONE', #2725, 1000.000000000000000 ) ;
#435 = CARTESIAN_POINT ( 'NONE',  ( -0.3917468249999998542, 0.1333333344258084696, -0.6785254046037930697 ) ) ;
#436 = CARTESIAN_POINT ( 'NONE',  ( 0.9999999999999993339, -0.2749999994537616899, -1.224646799147352468E-16 ) ) ;
#437 = CARTESIAN_POINT ( 'NONE',  ( -0.9999999999999993339, 1.175000000546237322, 0.000000000000000000 ) ) ;
#438 = CARTESIAN_POINT ( 'NONE',  ( -0.3917468249999990770, -1.433333333333333348, 0.6785254046037934028 ) ) ;
#439 = CARTESIAN_POINT ( 'NONE',  ( 0.9999999999999998890, -1.858333332787096115, 0.5773502691896249539 ) ) ;
#441 = ORIENTED_EDGE ( 'NONE', *, *, #2738, .F. ) ;
#440 = CARTESIAN_POINT ( 'NONE',  ( 0.3917468249999997987, 3.833333333333333481, 0.6785254046037929587 ) ) ;
#442 = ORIENTED_EDGE ( 'NONE', *, *, #1874, .F. ) ;
#443 = CARTESIAN_POINT ( 'NONE',  ( -6.227233237753901862E-17, -0.1749999994537622949, -1.154700538379250574 ) ) ;
#444 = CARTESIAN_POINT ( 'NONE',  ( -0.7834936499999995974, 4.500000000000000888, 0.000000000000000000 ) ) ;
#445 = CARTESIAN_POINT ( 'NONE',  ( -0.4999999999999990563, -0.7583333327870955820, 0.8660254037844384856 ) ) ;
#446 = EDGE_CURVE ( 'NONE', #659, #2236, #2672, .T. ) ;
#447 = CARTESIAN_POINT ( 'NONE',  ( -0.4999999999999991673, 2.441666667212904152, 0.8660254037844384856 ) ) ;
#448 = CARTESIAN_POINT ( 'NONE',  ( -0.7807298364804691193, 0.1951011892557871497, -0.2257465390124540339 ) ) ;
#449 = EDGE_CURVE ( 'NONE', #190, #1665, #209, .T. ) ;
#450 = CARTESIAN_POINT ( 'NONE',  ( 0.7834936499999992643, 1.200000001092475621, -9.595029906247759787E-17 ) ) ;
#451 = CARTESIAN_POINT ( 'NONE',  ( -0.4999999999999990563, -1.208333332787095316, 0.8660254037844384856 ) ) ;
#452 = CARTESIAN_POINT ( 'NONE',  ( 0.4999999999999993339, 2.641666667212904773, -0.8660254037844381525 ) ) ;
#453 = CARTESIAN_POINT ( 'NONE',  ( 0.9999999999999993339, 5.341666667212905395, 0.5773502691896249539 ) ) ;
#454 = CARTESIAN_POINT ( 'NONE',  ( 0.9999999999999991118, 6.125000000546238610, -1.224646799147352468E-16 ) ) ;
#455 = CARTESIAN_POINT ( 'NONE',  ( -2.168404344971008868E-16, 4.500000000000000888, 0.000000000000000000 ) ) ;
#457 = ORIENTED_EDGE ( 'NONE', *, *, #1312, .F. ) ;
#456 = FACE_OUTER_BOUND ( 'NONE', #2668, .T. ) ;
#458 = ADVANCED_FACE ( 'NONE', ( #1226 ), #1945, .F. ) ;
#459 = CARTESIAN_POINT ( 'NONE',  ( 0.9999999999999991118, 0.5583333338795709588, -0.5773502691896257311 ) ) ;
#460 = LINE ( 'NONE', #2182, #2996 ) ;
#461 = CARTESIAN_POINT ( 'NONE',  ( 0.4999999999999994449, 0.2416666672129044735, -0.8660254037844381525 ) ) ;
#462 = DIRECTION ( 'NONE',  ( -4.818676322157797005E-17, 1.000000000000000000, -0.000000000000000000 ) ) ;
#463 = CARTESIAN_POINT ( 'NONE',  ( -0.3917468249999997987, -0.2666666655741908309, -0.6785254046037930697 ) ) ;
#464 = CARTESIAN_POINT ( 'NONE',  ( -1.399999999999999689, 3.100000000000000533, 0.000000000000000000 ) ) ;
#465 = CARTESIAN_POINT ( 'NONE',  ( 0.9999999999999991118, 1.408333333879571159, -0.5773502691896257311 ) ) ;
#466 = CARTESIAN_POINT ( 'NONE',  ( 0.9999999999999991118, 6.175000000546238432, -1.224646799147352468E-16 ) ) ;
#467 = AXIS2_PLACEMENT_3D ( 'NONE', #2240, #37, #1286 ) ;
#468 = CARTESIAN_POINT ( 'NONE',  ( 0.9999999999999993339, 4.491666667212904862, 0.5773502691896249539 ) ) ;
#469 = CYLINDRICAL_SURFACE ( 'NONE', #1082, 0.7834936499999993753 ) ;
#470 =( BOUNDED_CURVE ( )  B_SPLINE_CURVE ( 2, ( #1418, #1889, #2998, #1264, #2008 ),
 .UNSPECIFIED., .F., .T. ) 
 B_SPLINE_CURVE_WITH_KNOTS ( ( 3, 2, 3 ),
 ( 0.7045454545454544748, 0.7121212121212121549, 0.7141315626726121302 ),
 .UNSPECIFIED. ) 
 CURVE ( )  GEOMETRIC_REPRESENTATION_ITEM ( )  RATIONAL_B_SPLINE_CURVE ( ( 1.000000000000001998, 0.8660254037844367092, 1.000000000000000000, 0.9644476607544283375, 0.9477641050176126569 ) ) 
 REPRESENTATION_ITEM ( '' )  );
#472 = EDGE_LOOP ( 'NONE', ( #114, #899, #2392, #1420 ) ) ;
#471 = LINE ( 'NONE', #1404, #1973 ) ;
#473 = CARTESIAN_POINT ( 'NONE',  ( -0.3917468249999994101, 5.066666667759141873, 0.6785254046037934028 ) ) ;
#474 = CARTESIAN_POINT ( 'NONE',  ( 0.7834936499999993753, 0.7000000000000000666, -9.595029906247759787E-17 ) ) ;
#475 = CARTESIAN_POINT ( 'NONE',  ( 0.5000000000000001110, 0.5083333338795712475, 0.8660254037844379305 ) ) ;
#476 = ORIENTED_EDGE ( 'NONE', *, *, #2944, .F. ) ;
#477 = AXIS2_PLACEMENT_3D ( 'NONE', #155, #1136, #1409 ) ;
#478 = DIRECTION ( 'NONE',  ( -4.818676322157797005E-17, 1.000000000000000000, -0.000000000000000000 ) ) ;
#479 = CARTESIAN_POINT ( 'NONE',  ( 0.7834936499999993753, -1.599999998907524867, -9.595029906247759787E-17 ) ) ;
#480 = CARTESIAN_POINT ( 'NONE',  ( -0.7834936499999994863, 1.400000001092475355, 0.000000000000000000 ) ) ;
#481 = CARTESIAN_POINT ( 'NONE',  ( 2.663251563429350280E-16, -1.124999999453762722, 1.154700538379250574 ) ) ;
#482 = CARTESIAN_POINT ( 'NONE',  ( 0.4999999999999992784, 4.641666667212904329, -0.8660254037844381525 ) ) ;
#483 = CARTESIAN_POINT ( 'NONE',  ( -0.9999999999999993339, 3.091666667212905395, -0.5773502691896251759 ) ) ;
#484 = CARTESIAN_POINT ( 'NONE',  ( 0.4999999999999991673, 6.241666667212904862, -0.8660254037844381525 ) ) ;
#485 = DIRECTION ( 'NONE',  ( -4.818676322157797005E-17, 1.000000000000000000, -0.000000000000000000 ) ) ;
#486 =( BOUNDED_CURVE ( )  B_SPLINE_CURVE ( 2, ( #275, #1726, #2723, #1279, #1767, #1474, #1520 ),
 .UNSPECIFIED., .F., .T. ) 
 B_SPLINE_CURVE_WITH_KNOTS ( ( 3, 2, 2, 3 ),
 ( 0.4772727272727273484, 0.4848484848484849175, 0.4924242424242424310, 0.5000000000000000000 ),
 .UNSPECIFIED. ) 
 CURVE ( )  GEOMETRIC_REPRESENTATION_ITEM ( )  RATIONAL_B_SPLINE_CURVE ( ( 0.9999999999999990008, 0.8660254037844397068, 1.000000000000000000, 0.8660254037844387076, 1.000000000000000000, 0.8660254037844387076, 1.000000000000000000 ) ) 
 REPRESENTATION_ITEM ( '' )  );
#487 = CARTESIAN_POINT ( 'NONE',  ( 0.7834936499999990422, 5.200000001092475621, -9.595029906247759787E-17 ) ) ;
#488 = DIRECTION ( 'NONE',  ( -4.818676322157797005E-17, 1.000000000000000000, -0.000000000000000000 ) ) ;
#489 = CARTESIAN_POINT ( 'NONE',  ( -0.9999999999999990008, 0.008333333879570817282, 0.5773502691896258421 ) ) ;
#490 = VERTEX_POINT ( 'NONE', #2716 ) ;
#491 = CARTESIAN_POINT ( 'NONE',  ( 0.3917468249999997987, 3.933333334425809014, 0.6785254046037929587 ) ) ;
#492 = ADVANCED_FACE ( 'NONE', ( #1701 ), #748, .F. ) ;
#493 = CARTESIAN_POINT ( 'NONE',  ( -2.174999999999999822, 3.100000000000000533, 0.000000000000000000 ) ) ;
#494 = CARTESIAN_POINT ( 'NONE',  ( 0.4999999999999994449, -0.9583333327870960927, -0.8660254037844381525 ) ) ;
#495 = CARTESIAN_POINT ( 'NONE',  ( 0.9999999999999990008, 4.608333333879571114, -0.5773502691896257311 ) ) ;
#496 = CARTESIAN_POINT ( 'NONE',  ( 0.9999999999999993339, 4.091666667212905395, 0.5773502691896249539 ) ) ;
#497 = FACE_OUTER_BOUND ( 'NONE', #2810, .T. ) ;
#498 = CARTESIAN_POINT ( 'NONE',  ( 0.7834936500000022619, 4.033333334425809547, -0.4523502697358603442 ) ) ;
#499 = B_SPLINE_CURVE_WITH_KNOTS ( 'NONE', 3,
 ( #1805, #296, #2976, #2270, #2484, #1317, #1758, #36, #3038, #1045, #760, #792, #281, #2547 ),
 .UNSPECIFIED., .F., .F.,
 ( 4, 2, 2, 2, 2, 2, 4 ),
 ( 0.001878553440697205978, 0.002552504374743909225, 0.002889479841767260849, 0.003226455308790612472, 0.003900406242837315719, 0.004237381709860666909, 0.004574357176884018099 ),
 .UNSPECIFIED. ) ;
#501 = ORIENTED_EDGE ( 'NONE', *, *, #2888, .T. ) ;
#500 = CARTESIAN_POINT ( 'NONE',  ( -3.252428050333831868E-16, 5.599999999999999645, -0.9047005394717241300 ) ) ;
#502 = ADVANCED_FACE ( 'NONE', ( #2471 ), #2800, .T. ) ;
#503 = CARTESIAN_POINT ( 'NONE',  ( 0.9999999999999996669, 3.691666667212905040, 0.5773502691896250649 ) ) ;
#504 = CARTESIAN_POINT ( 'NONE',  ( 0.7834936499999987092, 5.633333334425810079, -0.4523502697358622870 ) ) ;
#505 = CYLINDRICAL_SURFACE ( 'NONE', #1709, 2.174999999999999822 ) ;
#506 = CARTESIAN_POINT ( 'NONE',  ( -8.395637582724913195E-17, 0.2750000005462375774, -1.154700538379250574 ) ) ;
#507 = CARTESIAN_POINT ( 'NONE',  ( -2.168404344971008868E-16, 4.500000000000000888, 0.000000000000000000 ) ) ;
#508 = CARTESIAN_POINT ( 'NONE',  ( -0.3917468249999997987, -0.6666666655741910752, -0.6785254046037930697 ) ) ;
#509 = CARTESIAN_POINT ( 'NONE',  ( -0.7834936499999994863, 1.300000000000000044, 0.000000000000000000 ) ) ;
#510 = CARTESIAN_POINT ( 'NONE',  ( 0.5000000000000001110, -0.2916666661204291300, 0.8660254037844379305 ) ) ;
#511 = CARTESIAN_POINT ( 'NONE',  ( 5.430339816799195235E-17, 3.275000000546237633, 1.154700538379250574 ) ) ;
#512 = CARTESIAN_POINT ( 'NONE',  ( -0.9999999999999993339, 2.725000000546237811, 0.000000000000000000 ) ) ;
#513 = CARTESIAN_POINT ( 'NONE',  ( 0.7834936499999991533, 3.500000000000000444, -9.595029906247759787E-17 ) ) ;
#514 = CARTESIAN_POINT ( 'NONE',  ( 0.9999999999999995559, 4.818676322157794540E-17, 0.000000000000000000 ) ) ;
#516 = DIRECTION ( 'NONE',  ( -4.818676322157797005E-17, 1.000000000000000000, -0.000000000000000000 ) ) ;
#515 = DIRECTION ( 'NONE',  ( -4.818676322157797005E-17, 1.000000000000000000, -0.000000000000000000 ) ) ;
#517 = CARTESIAN_POINT ( 'NONE',  ( 0.4999999999999992784, 3.391666667212904773, -0.8660254037844381525 ) ) ;
#518 = CARTESIAN_POINT ( 'NONE',  ( 0.4999999999999994449, -1.408333332787095049, -0.8660254037844381525 ) ) ;
#519 = VECTOR ( 'NONE', #1178, 1000.000000000000000 ) ;
#520 = CARTESIAN_POINT ( 'NONE',  ( 0.3917468249999993546, 3.166666666666666963, -0.6785254046037930697 ) ) ;
#521 = CARTESIAN_POINT ( 'NONE',  ( -0.7834936499999995974, 4.500000000000000888, 0.000000000000000000 ) ) ;
#522 = CARTESIAN_POINT ( 'NONE',  ( 1.506769246111478801E-16, 1.275000000546237633, 1.154700538379250796 ) ) ;
#523 = CARTESIAN_POINT ( 'NONE',  ( 0.9999999999999993339, 4.491666667212904862, 0.5773502691896249539 ) ) ;
#524 = AXIS2_PLACEMENT_3D ( 'NONE', #2335, #855, #131 ) ;
#525 = CARTESIAN_POINT ( 'NONE',  ( -0.7834936499999991533, -1.366666665574191253, 0.4523502697358625091 ) ) ;
#526 = PLANE ( 'NONE',  #2422 ) ;
#527 = CARTESIAN_POINT ( 'NONE',  ( 0.9999999999999993339, 4.541666667212903796, 0.5773502691896249539 ) ) ;
#528 = CARTESIAN_POINT ( 'NONE',  ( 0.9999999999999991118, 4.525000000546238077, -1.224646799147352468E-16 ) ) ;
#529 = CARTESIAN_POINT ( 'NONE',  ( -2.168404344971008868E-16, 4.500000000000000888, 0.000000000000000000 ) ) ;
#530 = CARTESIAN_POINT ( 'NONE',  ( -0.9999999999999995559, 4.325000000546237899, 0.000000000000000000 ) ) ;
#531 = VECTOR ( 'NONE', #251, 1000.000000000000000 ) ;
#533 = ORIENTED_EDGE ( 'NONE', *, *, #67, .T. ) ;
#532 = CARTESIAN_POINT ( 'NONE',  ( -0.7834936499999997084, 6.466666666666666785, -0.4523502697358619540 ) ) ;
#534 = CARTESIAN_POINT ( 'NONE',  ( 0.9999999999999991118, 2.958333333879571647, -0.5773502691896257311 ) ) ;
#535 = CARTESIAN_POINT ( 'NONE',  ( 0.7834936499999992643, 5.166666667759142406, 0.4523502697358617874 ) ) ;
#536 = CARTESIAN_POINT ( 'NONE',  ( 0.7834936499999956006, 3.133333333333334192, -0.4523502697358641189 ) ) ;
#537 = DIRECTION ( 'NONE',  ( -4.818676322157797005E-17, 1.000000000000000000, -0.000000000000000000 ) ) ;
#538 = CARTESIAN_POINT ( 'NONE',  ( -0.9999999999999993339, 1.541666667212904462, -0.5773502691896252870 ) ) ;
#539 = CARTESIAN_POINT ( 'NONE',  ( -0.9999999999999991118, 4.758333333879571470, 0.5773502691896258421 ) ) ;
#540 = EDGE_CURVE ( 'NONE', #3120, #669, #3145, .T. ) ;
#541 = CARTESIAN_POINT ( 'NONE',  ( 2.673829956903105055E-16, -2.099999998907524201, 0.9047005394717241300 ) ) ;
#542 = DIRECTION ( 'NONE',  ( -4.818676322157797005E-17, 1.000000000000000000, -0.000000000000000000 ) ) ;
#543 = ADVANCED_FACE ( 'NONE', ( #2602 ), #378, .F. ) ;
#544 = CARTESIAN_POINT ( 'NONE',  ( -0.9999999999999993339, 3.575000000546237899, 0.000000000000000000 ) ) ;
#545 = CARTESIAN_POINT ( 'NONE',  ( -0.4999999999999998890, 1.058333333879571292, -0.8660254037844380415 ) ) ;
#546 = CARTESIAN_POINT ( 'NONE',  ( -0.9999999999999995559, 5.575000000546237899, 0.000000000000000000 ) ) ;
#547 = CARTESIAN_POINT ( 'NONE',  ( -0.7834936499999959336, 2.133333333333333748, 0.4523502697358643965 ) ) ;
#549 = CARTESIAN_POINT ( 'NONE',  ( 0.7834936499999992643, 2.700000000000000622, -9.595029906247759787E-17 ) ) ;
#548 = CARTESIAN_POINT ( 'NONE',  ( 0.7834936499999987092, 6.333333333333333925, -0.4523502697358622870 ) ) ;
#550 = CARTESIAN_POINT ( 'NONE',  ( 0.9999999999999996669, 2.491666667212905306, 0.5773502691896250649 ) ) ;
#551 = CARTESIAN_POINT ( 'NONE',  ( 1.681182693810502051E-17, 3.100000001092475088, 0.9047005394717241300 ) ) ;
#552 = DIRECTION ( 'NONE',  ( -4.818676322157797005E-17, 1.000000000000000000, -0.000000000000000000 ) ) ;
#553 = CARTESIAN_POINT ( 'NONE',  ( 0.7834936499999992643, 1.100000000000000311, -9.595029906247759787E-17 ) ) ;
#554 = CARTESIAN_POINT ( 'NONE',  ( -1.417804916931427059E-16, 1.475000000546238033, -1.154700538379250796 ) ) ;
#555 = CARTESIAN_POINT ( 'NONE',  ( -7.821020069134748532E-17, 6.025000000546238077, 1.154700538379250574 ) ) ;
#556 = CARTESIAN_POINT ( 'NONE',  ( -0.7834936499999992643, 1.733333333333333171, 0.4523502697358623981 ) ) ;
#557 = CARTESIAN_POINT ( 'NONE',  ( 0.3917468249999999097, 2.233333333333333837, 0.6785254046037929587 ) ) ;
#558 = CARTESIAN_POINT ( 'NONE',  ( 1.723609680608580181E-16, 0.8250000005462377883, 1.154700538379250574 ) ) ;
#559 = CARTESIAN_POINT ( 'NONE',  ( 0.9999999999999996669, 3.341666667212904507, 0.5773502691896249539 ) ) ;
#560 = CARTESIAN_POINT ( 'NONE',  ( -0.7834936499999994863, 2.600000001092475532, 0.000000000000000000 ) ) ;
#561 = FACE_OUTER_BOUND ( 'NONE', #3194, .T. ) ;
#562 = CARTESIAN_POINT ( 'NONE',  ( 0.4999999999999992784, 3.791666667212904684, -0.8660254037844381525 ) ) ;
#563 = CARTESIAN_POINT ( 'NONE',  ( -1.951385443877655369E-16, 2.900000001092475355, -0.9047005394717241300 ) ) ;
#564 = DIRECTION ( 'NONE',  ( -4.818676322157797005E-17, 1.000000000000000000, -0.000000000000000000 ) ) ;
#565 = CARTESIAN_POINT ( 'NONE',  ( -0.9999999999999991118, -1.658333332787095271, -0.5773502691896251759 ) ) ;
#566 = ORIENTED_EDGE ( 'NONE', *, *, #3190, .T. ) ;
#567 = CARTESIAN_POINT ( 'NONE',  ( -0.4999999999999997780, -0.8916666661204288857, -0.8660254037844380415 ) ) ;
#568 = CARTESIAN_POINT ( 'NONE',  ( -1.610551969817738273E-16, 1.875000000546237500, -1.154700538379250796 ) ) ;
#569 = CARTESIAN_POINT ( 'NONE',  ( -0.9999999999999995559, 5.525000000546238077, 0.000000000000000000 ) ) ;
#570 = CARTESIAN_POINT ( 'NONE',  ( -1.493789659868917275E-16, 3.100000000000000533, 0.000000000000000000 ) ) ;
#571 = CARTESIAN_POINT ( 'NONE',  ( -0.7834936499999994863, 2.600000001092475532, 0.000000000000000000 ) ) ;
#572 = CARTESIAN_POINT ( 'NONE',  ( 0.3917468249999999652, 1.033333333333334103, 0.6785254046037929587 ) ) ;
#573 = CARTESIAN_POINT ( 'NONE',  ( 0.4999999999999994449, 0.5916666672129049509, -0.8660254037844381525 ) ) ;
#574 = CARTESIAN_POINT ( 'NONE',  ( -0.9999999999999996669, 4.741666667212904862, -0.5773502691896251759 ) ) ;
#575 = CARTESIAN_POINT ( 'NONE',  ( -1.684752041528419264E-17, -0.7999999999999994893, -0.9047005394717241300 ) ) ;
#576 = CARTESIAN_POINT ( 'NONE',  ( 0.3917468249999997432, 5.033333333333334103, 0.6785254046037929587 ) ) ;
#577 = CARTESIAN_POINT ( 'NONE',  ( -0.9999999999999988898, 0.7583333338795714695, 0.5773502691896259531 ) ) ;
#578 = CARTESIAN_POINT ( 'NONE',  ( -0.7834936499999994863, 4.166666667759142406, -0.4523502697358619540 ) ) ;
#579 = VECTOR ( 'NONE', #3171, 1000.000000000000000 ) ;
#580 = DIRECTION ( 'NONE',  ( -1.000000000000000000, 0.000000000000000000, 0.000000000000000000 ) ) ;
#581 = ORIENTED_EDGE ( 'NONE', *, *, #971, .F. ) ;
#582 = CARTESIAN_POINT ( 'NONE',  ( -0.9999999999999993339, -0.05833333278709544600, -0.5773502691896251759 ) ) ;
#583 = CARTESIAN_POINT ( 'NONE',  ( -0.4999999999999998890, 2.308333333879570848, -0.8660254037844380415 ) ) ;
#584 = CARTESIAN_POINT ( 'NONE',  ( -0.4999999999999992784, 4.791666667212904684, 0.8660254037844384856 ) ) ;
#585 = CARTESIAN_POINT ( 'NONE',  ( 0.7554390212795308868, 4.283494992892208586, 0.2077839850722779380 ) ) ;
#586 =( BOUNDED_CURVE ( )  B_SPLINE_CURVE ( 2, ( #1052, #1323, #2035, #2507, #1564, #54, #3029 ),
 .UNSPECIFIED., .F., .T. ) 
 B_SPLINE_CURVE_WITH_KNOTS ( ( 3, 2, 2, 3 ),
 ( 0.3636363636363636465, 0.3712121212121212155, 0.3787878787878787845, 0.3863636363636363535 ),
 .UNSPECIFIED. ) 
 CURVE ( )  GEOMETRIC_REPRESENTATION_ITEM ( )  RATIONAL_B_SPLINE_CURVE ( ( 1.000000000000000000, 0.8660254037844387076, 1.000000000000000000, 0.8660254037844387076, 1.000000000000000000, 0.8660254037844387076, 1.000000000000000000 ) ) 
 REPRESENTATION_ITEM ( '' )  );
#587 = CARTESIAN_POINT ( 'NONE',  ( 6.017991389016802463E-17, 2.200000000000000622, 0.9047005394717241300 ) ) ;
#588 =( BOUNDED_CURVE ( )  B_SPLINE_CURVE ( 2, ( #2620, #2864, #2520, #408, #813, #1306, #1051 ),
 .UNSPECIFIED., .F., .T. ) 
 B_SPLINE_CURVE_WITH_KNOTS ( ( 3, 2, 2, 3 ),
 ( 0.5227272727272727071, 0.5303030303030302761, 0.5378787878787878451, 0.5454545454545454142 ),
 .UNSPECIFIED. ) 
 CURVE ( )  GEOMETRIC_REPRESENTATION_ITEM ( )  RATIONAL_B_SPLINE_CURVE ( ( 1.000000000000000000, 0.8660254037844387076, 1.000000000000000000, 0.8660254037844387076, 1.000000000000000000, 0.8660254037844387076, 1.000000000000000000 ) ) 
 REPRESENTATION_ITEM ( '' )  );
#589 = CARTESIAN_POINT ( 'NONE',  ( -0.9999999999999993339, 1.891666667212904773, -0.5773502691896251759 ) ) ;
#590 = CARTESIAN_POINT ( 'NONE',  ( -0.4999999999999992784, 4.841666667212904507, 0.8660254037844384856 ) ) ;
#591 = CARTESIAN_POINT ( 'NONE',  ( -0.7834936499999993753, 0.1000000000000002554, 0.000000000000000000 ) ) ;
#592 = CARTESIAN_POINT ( 'NONE',  ( -3.059680997447519914E-16, 5.200000000000000178, -0.9047005394717241300 ) ) ;
#593 = CARTESIAN_POINT ( 'NONE',  ( -0.3917468249999993546, 3.866666667759142140, 0.6785254046037934028 ) ) ;
#594 = ORIENTED_EDGE ( 'NONE', *, *, #2440, .F. ) ;
#595 = ORIENTED_EDGE ( 'NONE', *, *, #2888, .F. ) ;
#596 = CARTESIAN_POINT ( 'NONE',  ( -2.144132496763966830E-16, 3.300000001092475266, -0.9047005394717241300 ) ) ;
#597 = CARTESIAN_POINT ( 'NONE',  ( -0.9999999999999993339, 3.925000000546237988, 0.000000000000000000 ) ) ;
#598 = CARTESIAN_POINT ( 'NONE',  ( 0.9999999999999996669, 2.541666667212904684, 0.5773502691896249539 ) ) ;
#599 = CARTESIAN_POINT ( 'NONE',  ( -0.7834936499999994863, 2.900000000000000355, 0.000000000000000000 ) ) ;
#600 = CARTESIAN_POINT ( 'NONE',  ( -0.9999999999999990008, 1.158333333879571603, 0.5773502691896258421 ) ) ;
#601 = CARTESIAN_POINT ( 'NONE',  ( -0.7834936499999992643, 2.133333333333333748, 0.4523502697358625091 ) ) ;
#602 = CARTESIAN_POINT ( 'NONE',  ( -0.7834936500000029280, 3.666666666666667407, -0.4523502697358600666 ) ) ;
#603 =( BOUNDED_CURVE ( )  B_SPLINE_CURVE ( 2, ( #259, #291, #2984, #996, #1265, #498, #304 ),
 .UNSPECIFIED., .F., .T. ) 
 B_SPLINE_CURVE_WITH_KNOTS ( ( 3, 2, 2, 3 ),
 ( 0.2272727272727272929, 0.2348484848484848897, 0.2424242424242424865, 0.2500000000000000555 ),
 .UNSPECIFIED. ) 
 CURVE ( )  GEOMETRIC_REPRESENTATION_ITEM ( )  RATIONAL_B_SPLINE_CURVE ( ( 0.9999999999999995559, 0.8660254037844391517, 1.000000000000000000, 0.8660254037844387076, 1.000000000000000000, 0.8660254037844377084, 1.000000000000000888 ) ) 
 REPRESENTATION_ITEM ( '' )  );
#604 = CARTESIAN_POINT ( 'NONE',  ( 1.530862627722267734E-16, 1.225000000546238033, 1.154700538379250574 ) ) ;
#605 = CARTESIAN_POINT ( 'NONE',  ( 0.9999999999999991118, 4.175000000546238432, -1.224646799147352468E-16 ) ) ;
#606 = EDGE_CURVE ( 'NONE', #2205, #1378, #301, .T. ) ;
#607 = CARTESIAN_POINT ( 'NONE',  ( 0.3917468249999994656, 0.3666666666666670293, -0.6785254046037930697 ) ) ;
#608 = CARTESIAN_POINT ( 'NONE',  ( 0.3917468249999993546, 3.566666666666667318, -0.6785254046037930697 ) ) ;
#609 = B_SPLINE_CURVE_WITH_KNOTS ( 'NONE', 3,
 ( #1627, #391, #1112, #2093, #2133, #1078, #2863, #373 ),
 .UNSPECIFIED., .F., .F.,
 ( 4, 2, 2, 4 ),
 ( 0.000000000000000000, 0.0003246212782773721006, 0.0006492425565547442013, 0.001298485113109488403 ),
 .UNSPECIFIED. ) ;
#610 = DIRECTION ( 'NONE',  ( -4.818676322157797005E-17, 1.000000000000000000, -0.000000000000000000 ) ) ;
#611 = CARTESIAN_POINT ( 'NONE',  ( -0.3917468249999993546, 3.466666667759142229, 0.6785254046037934028 ) ) ;
#612 = CARTESIAN_POINT ( 'NONE',  ( -1.324957521470713066E-16, 1.600000000000000755, -0.9047005394717241300 ) ) ;
#613 = ORIENTED_EDGE ( 'NONE', *, *, #3141, .F. ) ;
#614 = DIRECTION ( 'NONE',  ( 0.7071067811865500152, 0.7071067811865450192, 8.659560562354963673E-17 ) ) ;
#615 = CARTESIAN_POINT ( 'NONE',  ( -0.9999999999999990008, 3.958333333879571203, 0.5773502691896258421 ) ) ;
#616 = CARTESIAN_POINT ( 'NONE',  ( 0.9999999999999996669, 1.741666667212904196, 0.5773502691896249539 ) ) ;
#617 = CARTESIAN_POINT ( 'NONE',  ( 0.9999999999999991118, 3.008333333879571470, -0.5773502691896257311 ) ) ;
#618 = CARTESIAN_POINT ( 'NONE',  ( 0.4999999999999993339, 2.191666667212905040, -0.8660254037844381525 ) ) ;
#619 = CARTESIAN_POINT ( 'NONE',  ( 9.872932446743041546E-17, 1.399999999999999911, 0.9047005394717241300 ) ) ;
#620 = CARTESIAN_POINT ( 'NONE',  ( 2.163050331290563688E-17, 3.000000000000000444, 0.9047005394717241300 ) ) ;
#621 = ORIENTED_EDGE ( 'NONE', *, *, #3069, .F. ) ;
#622 = CARTESIAN_POINT ( 'NONE',  ( 0.4999999999999994449, -0.6083333327870955598, -0.8660254037844381525 ) ) ;
#623 = CARTESIAN_POINT ( 'NONE',  ( -0.9999999999999990008, 3.608333333879571114, 0.5773502691896258421 ) ) ;
#624 = CARTESIAN_POINT ( 'NONE',  ( -0.7834936499999993753, -0.2999999999999999334, 0.000000000000000000 ) ) ;
#625 = VECTOR ( 'NONE', #2766, 1000.000000000000000 ) ;
#626 = CARTESIAN_POINT ( 'NONE',  ( -0.3917468249999993546, 3.766666666666667496, 0.6785254046037934028 ) ) ;
#627 = CARTESIAN_POINT ( 'NONE',  ( 0.9999999999999990008, 4.958333333879571647, -0.5773502691896257311 ) ) ;
#628 = CARTESIAN_POINT ( 'NONE',  ( 1.723609680608579688E-16, 0.8250000005462377883, 1.154700538379250796 ) ) ;
#629 = CARTESIAN_POINT ( 'NONE',  ( -0.3917468249999992436, 1.866666667759142584, 0.6785254046037934028 ) ) ;
#631 = ORIENTED_EDGE ( 'NONE', *, *, #2701, .F. ) ;
#630 = DIRECTION ( 'NONE',  ( -4.818676322157797005E-17, 1.000000000000000000, -0.000000000000000000 ) ) ;
#632 = UNCERTAINTY_MEASURE_WITH_UNIT (LENGTH_MEASURE( 1.000000000000000082E-05 ), #1447, 'distance_accuracy_value', 'NONE');
#633 = ORIENTED_EDGE ( 'NONE', *, *, #3030, .T. ) ;
#634 = CARTESIAN_POINT ( 'NONE',  ( -0.3917468249999999652, 3.333333334425808925, -0.6785254046037930697 ) ) ;
#635 = CARTESIAN_POINT ( 'NONE',  ( -0.4999999999999992784, 3.191666667212905040, 0.8660254037844384856 ) ) ;
#636 = CARTESIAN_POINT ( 'NONE',  ( 1.314022193225166847E-16, 1.675000000546237766, 1.154700538379250574 ) ) ;
#637 = CARTESIAN_POINT ( 'NONE',  ( -0.9999999999999995559, 4.375000000546237722, 0.000000000000000000 ) ) ;
#638 = CARTESIAN_POINT ( 'NONE',  ( 0.4999999999999993339, 1.791666667212904684, -0.8660254037844381525 ) ) ;
#639 = CARTESIAN_POINT ( 'NONE',  ( 0.7834936499999993753, -0.3999999989075242457, -9.595029906247759787E-17 ) ) ;
#640 = EDGE_LOOP ( 'NONE', ( #2836, #2391, #2319, #356 ) ) ;
#641 = EDGE_CURVE ( 'NONE', #717, #2883, #3176, .T. ) ;
#642 = CARTESIAN_POINT ( 'NONE',  ( 0.4999999999999994449, -1.008333332787095804, -0.8660254037844381525 ) ) ;
#643 = CARTESIAN_POINT ( 'NONE',  ( 9.285280874525431853E-17, 2.475000000546237366, 1.154700538379250574 ) ) ;
#644 = CARTESIAN_POINT ( 'NONE',  ( -0.3917468249999990770, -1.033333333333333215, 0.6785254046037934028 ) ) ;
#645 = CARTESIAN_POINT ( 'NONE',  ( -2.288692785902272097E-16, 3.600000000000000089, -0.9047005394717241300 ) ) ;
#646 = CARTESIAN_POINT ( 'NONE',  ( 0.4999999999999991673, 5.391666667212904329, -0.8660254037844381525 ) ) ;
#647 = CARTESIAN_POINT ( 'NONE',  ( 0.5000000000000000000, 0.8583333338795717804, 0.8660254037844379305 ) ) ;
#648 = CARTESIAN_POINT ( 'NONE',  ( -0.7834936499999993753, 2.166666667759142406, -0.4523502697358619540 ) ) ;
#649 = CARTESIAN_POINT ( 'NONE',  ( -0.7834936499999994863, 2.900000000000000355, 0.000000000000000000 ) ) ;
#651 = ORIENTED_EDGE ( 'NONE', *, *, #3018, .T. ) ;
#650 = CARTESIAN_POINT ( 'NONE',  ( -0.3917468249999998542, 0.8333333333333334814, -0.6785254046037930697 ) ) ;
#652 = CARTESIAN_POINT ( 'NONE',  ( -0.9999999999999991118, -0.9083333327870954932, -0.5773502691896251759 ) ) ;
#653 = EDGE_CURVE ( 'NONE', #1361, #3100, #267, .T. ) ;
#654 = LINE ( 'NONE', #412, #1860 ) ;
#655 = CARTESIAN_POINT ( 'NONE',  ( 0.4999999999999993339, 2.641666667212904773, -0.8660254037844381525 ) ) ;
#656 = CARTESIAN_POINT ( 'NONE',  ( 3.502869287936075693E-17, 3.675000000546237988, 1.154700538379250796 ) ) ;
#657 = CARTESIAN_POINT ( 'NONE',  ( 0.9999999999999996669, 2.491666667212905306, 0.5773502691896249539 ) ) ;
#658 = CARTESIAN_POINT ( 'NONE',  ( 0.3917468249999994656, 0.8666666677591416956, -0.6785254046037930697 ) ) ;
#659 = VERTEX_POINT ( 'NONE', #2781 ) ;
#660 = CARTESIAN_POINT ( 'NONE',  ( 0.9999999999999993339, -0.6416666661204287747, -0.5773502691896257311 ) ) ;
#661 = CARTESIAN_POINT ( 'NONE',  ( -0.4999999999999991673, 1.641666667212904773, 0.8660254037844384856 ) ) ;
#662 = CARTESIAN_POINT ( 'NONE',  ( 0.7834936499999994863, -1.700000000000000178, -9.595029906247759787E-17 ) ) ;
#663 = CARTESIAN_POINT ( 'NONE',  ( -0.7834936499999994863, 2.900000000000000355, 0.000000000000000000 ) ) ;
#664 = CARTESIAN_POINT ( 'NONE',  ( 0.4999999999999991673, 6.191666667212905040, -0.8660254037844381525 ) ) ;
#665 = CARTESIAN_POINT ( 'NONE',  ( -0.7834936499999994863, 0.9000000000000005773, 0.000000000000000000 ) ) ;
#666 = CARTESIAN_POINT ( 'NONE',  ( -0.7834936499999992643, 2.233333334425808836, 0.4523502697358625091 ) ) ;
#668 = VERTEX_POINT ( 'NONE', #3011 ) ;
#667 = FACE_OUTER_BOUND ( 'NONE', #3092, .T. ) ;
#669 = VERTEX_POINT ( 'NONE', #2882 ) ;
#670 = CARTESIAN_POINT ( 'NONE',  ( 1.916356733494891149E-16, 0.4250000005462384323, 1.154700538379250574 ) ) ;
#671 = FACE_OUTER_BOUND ( 'NONE', #1387, .T. ) ;
#672 = CARTESIAN_POINT ( 'NONE',  ( 0.5000000000000000000, 2.108333333879571114, 0.8660254037844379305 ) ) ;
#673 = CARTESIAN_POINT ( 'NONE',  ( -2.188793128476674629E-16, 3.075000000546238343, -1.154700538379250796 ) ) ;
#674 = CARTESIAN_POINT ( 'NONE',  ( 0.9999999999999991118, 2.158333333879571381, -0.5773502691896257311 ) ) ;
#675 = CARTESIAN_POINT ( 'NONE',  ( 0.7834936499999990422, 0.8333333344258085917, -0.4523502697358622870 ) ) ;
#676 = CARTESIAN_POINT ( 'NONE',  ( -0.9999999999999993339, 0.2916666672129050175, -0.5773502691896251759 ) ) ;
#677 = AXIS2_PLACEMENT_3D ( 'NONE', #65, #1046, #1318 ) ;
#678 = CARTESIAN_POINT ( 'NONE',  ( 0.9999999999999993339, 1.775000000546238077, -1.224646799147352468E-16 ) ) ;
#679 = CARTESIAN_POINT ( 'NONE',  ( 0.9999999999999990008, 5.408333333879570937, -0.5773502691896257311 ) ) ;
#680 = CARTESIAN_POINT ( 'NONE',  ( 0.4999999999999992784, 4.991666667212904862, -0.8660254037844381525 ) ) ;
#681 = CARTESIAN_POINT ( 'NONE',  ( 0.3917468249999999652, 1.033333333333334103, 0.6785254046037929587 ) ) ;
#682 = PRODUCT_CONTEXT ( 'NONE', #732, 'mechanical' ) ;
#683 = VECTOR ( 'NONE', #564, 1000.000000000000000 ) ;
#684 = EDGE_CURVE ( 'NONE', #1453, #2123, #588, .T. ) ;
#686 = ORIENTED_EDGE ( 'NONE', *, *, #971, .T. ) ;
#685 = CARTESIAN_POINT ( 'NONE',  ( 0.7834936499999992643, 1.500000000000000444, -9.595029906247759787E-17 ) ) ;
#687 = ORIENTED_EDGE ( 'NONE', *, *, #407, .T. ) ;
#688 = CARTESIAN_POINT ( 'NONE',  ( 0.9999999999999998890, -1.108333332787095005, 0.5773502691896249539 ) ) ;
#689 = LINE ( 'NONE', #1423, #2789 ) ;
#690 = CARTESIAN_POINT ( 'NONE',  ( 1.892263351884102217E-16, 0.4750000005462381436, 1.154700538379250574 ) ) ;
#691 = CARTESIAN_POINT ( 'NONE',  ( 0.5000000000000000000, 2.508333333879571470, 0.8660254037844379305 ) ) ;
#692 = DIRECTION ( 'NONE',  ( -1.000000000000000000, 0.000000000000000000, 0.000000000000000000 ) ) ;
#693 = VECTOR ( 'NONE', #907, 1000.000000000000000 ) ;
#694 = CARTESIAN_POINT ( 'NONE',  ( 0.3917468249999994656, 0.06666666775914220633, -0.6785254046037930697 ) ) ;
#695 = PRODUCT_DEFINITION_FORMATION_WITH_SPECIFIED_SOURCE ( 'ANY', '', #188, .NOT_KNOWN. ) ;
#696 = CARTESIAN_POINT ( 'NONE',  ( -0.9999999999999991118, -0.9083333327870954932, -0.5773502691896251759 ) ) ;
#697 = CARTESIAN_POINT ( 'NONE',  ( -0.4999999999999998890, 2.308333333879570848, -0.8660254037844380415 ) ) ;
#698 = CARTESIAN_POINT ( 'NONE',  ( 2.170189016197819203E-17, -1.599999999999998979, -0.9047005394717241300 ) ) ;
#699 = CARTESIAN_POINT ( 'NONE',  ( -0.9999999999999996669, 5.891666667212905217, -0.5773502691896251759 ) ) ;
#700 = DIRECTION ( 'NONE',  ( -1.000000000000000000, 0.000000000000000000, 0.000000000000000000 ) ) ;
#701 = ORIENTED_EDGE ( 'NONE', *, *, #1021, .F. ) ;
#702 = EDGE_LOOP ( 'NONE', ( #2498, #1421, #132, #892 ) ) ;
#703 = CARTESIAN_POINT ( 'NONE',  ( 2.301850839267515304E-16, -0.3749999994537619452, 1.154700538379250574 ) ) ;
#704 = CARTESIAN_POINT ( 'NONE',  ( -0.7834936499999994863, 1.300000000000000044, 0.000000000000000000 ) ) ;
#705 = CARTESIAN_POINT ( 'NONE',  ( -0.9999999999999986677, -0.7916666661204286859, 0.5773502691896258421 ) ) ;
#706 = CARTESIAN_POINT ( 'NONE',  ( 0.9207531751267662434, 0.07924682487323579660, 1.416262747066819454E-13 ) ) ;
#707 = CARTESIAN_POINT ( 'NONE',  ( 0.3917468250000000207, -0.06666666557419119454, 0.6785254046037929587 ) ) ;
#708 = CARTESIAN_POINT ( 'NONE',  ( -2.168404344971008868E-16, 4.500000000000000888, 0.000000000000000000 ) ) ;
#709 = CARTESIAN_POINT ( 'NONE',  ( -1.417804916931427059E-16, 1.475000000546238033, -1.154700538379250574 ) ) ;
#710 = CARTESIAN_POINT ( 'NONE',  ( 0.9999999999999991118, 5.775000000546238077, -1.224646799147352468E-16 ) ) ;
#711 = CARTESIAN_POINT ( 'NONE',  ( -0.5000000000000000000, 3.058333333879571292, -0.8660254037844380415 ) ) ;
#712 = DIRECTION ( 'NONE',  ( -1.000000000000000000, 0.000000000000000000, 0.000000000000000000 ) ) ;
#714 = EDGE_LOOP ( 'NONE', ( #1648, #1808, #2622, #2711 ) ) ;
#713 = CARTESIAN_POINT ( 'NONE',  ( 0.008146709268444386753, 4.324557626956105238, 0.8312171501598478729 ) ) ;
#715 = CARTESIAN_POINT ( 'NONE',  ( -1.008217429548014218E-16, 0.6250000005462380548, -1.154700538379250574 ) ) ;
#716 = CARTESIAN_POINT ( 'NONE',  ( -0.9999999999999993339, 0.3750000005462378883, 0.000000000000000000 ) ) ;
#717 = VERTEX_POINT ( 'NONE', #1386 ) ;
#718 = CARTESIAN_POINT ( 'NONE',  ( -0.7939582283305763877, 0.2060417282085941215, 5.586660981941647728E-14 ) ) ;
#719 = CARTESIAN_POINT ( 'NONE',  ( -0.7834936499999992643, -1.433333332240858349, -0.4523502697358619540 ) ) ;
#720 = CARTESIAN_POINT ( 'NONE',  ( 0.9207531751267662434, 0.07924682487323579660, 1.416262747066819454E-13 ) ) ;
#721 = CARTESIAN_POINT ( 'NONE',  ( -0.9999999999999991118, -0.4249999994537624892, 0.000000000000000000 ) ) ;
#722 = CARTESIAN_POINT ( 'NONE',  ( -0.5000000000000000000, 5.108333333879571114, -0.8660254037844380415 ) ) ;
#723 = CIRCLE ( 'NONE', #677, 0.9999999999999995559 ) ;
#724 = CARTESIAN_POINT ( 'NONE',  ( -0.4999999999999992784, 3.591666667212904951, 0.8660254037844384856 ) ) ;
#725 = CARTESIAN_POINT ( 'NONE',  ( -7.949031265597837676E-17, 0.5000000010924755545, -0.9047005394717241300 ) ) ;
#727 = CARTESIAN_POINT ( 'NONE',  ( -0.9207531758193715499, 4.420753175819362113, 1.383092581445705755E-13 ) ) ;
#726 = CARTESIAN_POINT ( 'NONE',  ( 0.3302454047836659301, 4.381910675260114019, 0.8245881973448465629 ) ) ;
#728 = CARTESIAN_POINT ( 'NONE',  ( -0.7834936499999997084, 5.400000001092475799, 0.000000000000000000 ) ) ;
#729 = CARTESIAN_POINT ( 'NONE',  ( 0.4999999999999994449, 0.6416666672129046622, -0.8660254037844381525 ) ) ;
#730 = EDGE_CURVE ( 'NONE', #2195, #1715, #3118, .T. ) ;
#731 = ORIENTED_EDGE ( 'NONE', *, *, #1972, .T. ) ;
#732 = APPLICATION_CONTEXT ( 'automotive_design' ) ;
#733 = CARTESIAN_POINT ( 'NONE',  ( -0.3917468249999992991, 2.566666666666666874, 0.6785254046037934028 ) ) ;
#734 = CARTESIAN_POINT ( 'NONE',  ( -0.7834936499999991533, -0.9666666655741910086, 0.4523502697358625091 ) ) ;
#735 = CARTESIAN_POINT ( 'NONE',  ( -0.7939582283305763877, 0.2060417282085941215, 5.586660981941647728E-14 ) ) ;
#736 = CARTESIAN_POINT ( 'NONE',  ( 0.9999999999999993339, -0.2249999994537619785, -1.224646799147352468E-16 ) ) ;
#737 = CARTESIAN_POINT ( 'NONE',  ( -0.9999999999999991118, 4.408333333879570937, 0.5773502691896258421 ) ) ;
#738 = ADVANCED_FACE ( 'NONE', ( #2373 ), #3063, .F. ) ;
#739 = CARTESIAN_POINT ( 'NONE',  ( 0.9999999999999996669, 3.691666667212904596, 0.5773502691896249539 ) ) ;
#740 = FACE_OUTER_BOUND ( 'NONE', #98, .T. ) ;
#741 = CARTESIAN_POINT ( 'NONE',  ( -0.9999999999999988898, 3.958333333879571203, 0.5773502691896259531 ) ) ;
#743 = ORIENTED_EDGE ( 'NONE', *, *, #2396, .T. ) ;
#742 = CARTESIAN_POINT ( 'NONE',  ( 0.7834936499999991533, 3.900000000000000355, -9.595029906247759787E-17 ) ) ;
#744 = CARTESIAN_POINT ( 'NONE',  ( 9.526214690633319946E-17, 2.425000000546237988, 1.154700538379250796 ) ) ;
#745 = CARTESIAN_POINT ( 'NONE',  ( -0.3917468250000001317, 5.733333334425808836, -0.6785254046037930697 ) ) ;
#746 = CARTESIAN_POINT ( 'NONE',  ( -0.3917468249999991881, 0.5666666666666666519, 0.6785254046037934028 ) ) ;
#747 = CARTESIAN_POINT ( 'NONE',  ( -0.4999999999999997780, -0.4916666661204287525, -0.8660254037844380415 ) ) ;
#748 = CYLINDRICAL_SURFACE ( 'NONE', #1246, 0.7834936499999993753 ) ;
#749 = CARTESIAN_POINT ( 'NONE',  ( -0.7834936499999993753, -1.399999998907524246, 0.000000000000000000 ) ) ;
#750 = CARTESIAN_POINT ( 'NONE',  ( -0.3917468249999991881, 0.2666666677591418289, 0.6785254046037934028 ) ) ;
#751 = CARTESIAN_POINT ( 'NONE',  ( 0.9999999999999993339, -1.391666666120429330, -0.5773502691896257311 ) ) ;
#752 = CARTESIAN_POINT ( 'NONE',  ( -0.9999999999999996669, 4.341666667212904507, -0.5773502691896251759 ) ) ;
#753 = CARTESIAN_POINT ( 'NONE',  ( -2.164699746865885203E-16, 3.025000000546238077, -1.154700538379250574 ) ) ;
#754 = CARTESIAN_POINT ( 'NONE',  ( 0.9999999999999991118, 5.375000000546237722, -1.224646799147352468E-16 ) ) ;
#755 = CARTESIAN_POINT ( 'NONE',  ( -0.7834936499999994863, 0.9000000000000005773, 0.000000000000000000 ) ) ;
#757 = CARTESIAN_POINT ( 'NONE',  ( -0.2425701371335534096, 4.473633832531852761, 0.9461519955174916285 ) ) ;
#756 = CARTESIAN_POINT ( 'NONE',  ( -1.325671389961438556E-16, 6.200000000000001066, 0.9047005394717241300 ) ) ;
#758 = CARTESIAN_POINT ( 'NONE',  ( 0.9999999999999993339, 3.325000000546238343, -1.224646799147352468E-16 ) ) ;
#759 = CARTESIAN_POINT ( 'NONE',  ( 0.7834936499999990422, 6.000000001092476332, -9.595029906247759787E-17 ) ) ;
#760 = CARTESIAN_POINT ( 'NONE',  ( 0.6996733617533844596, 4.316558211443203952, -0.4357095796335149207 ) ) ;
#761 = CARTESIAN_POINT ( 'NONE',  ( -0.9999999999999986677, -1.991666666120428308, 0.5773502691896258421 ) ) ;
#762 = CARTESIAN_POINT ( 'NONE',  ( 0.9999999999999990008, 5.758333333879571470, -0.5773502691896257311 ) ) ;
#763 = CARTESIAN_POINT ( 'NONE',  ( -0.3917468249999997432, -1.866666665574190809, -0.6785254046037930697 ) ) ;
#764 = CARTESIAN_POINT ( 'NONE',  ( -0.9999999999999991118, -2.108333332787096115, -0.5773502691896251759 ) ) ;
#765 = CARTESIAN_POINT ( 'NONE',  ( -0.5000000000000000000, 4.708333333879570759, -0.8660254037844380415 ) ) ;
#766 = CARTESIAN_POINT ( 'NONE',  ( -0.9999999999999993339, 3.525000000546238521, 0.000000000000000000 ) ) ;
#767 = CARTESIAN_POINT ( 'NONE',  ( -1.493789659868917275E-16, 3.100000000000000533, 0.000000000000000000 ) ) ;
#768 = CARTESIAN_POINT ( 'NONE',  ( -0.7834936499999994863, 2.100000000000000089, 0.000000000000000000 ) ) ;
#770 = ORIENTED_EDGE ( 'NONE', *, *, #1874, .T. ) ;
#769 = CARTESIAN_POINT ( 'NONE',  ( -0.7834936499999997084, 5.700000000000000178, 0.000000000000000000 ) ) ;
#771 = CARTESIAN_POINT ( 'NONE',  ( -0.9999999999999993339, 3.891666667212904773, -0.5773502691896252870 ) ) ;
#772 = ADVANCED_FACE ( 'NONE', ( #667 ), #331, .F. ) ;
#773 = CARTESIAN_POINT ( 'NONE',  ( -0.3917468250000000762, 5.333333334425809369, -0.6785254046037930697 ) ) ;
#774 = CARTESIAN_POINT ( 'NONE',  ( -2.168404344971008868E-16, 4.500000000000000888, 0.000000000000000000 ) ) ;
#775 = CARTESIAN_POINT ( 'NONE',  ( 0.9999999999999993339, -1.791666666120429907, -0.5773502691896257311 ) ) ;
#776 = EDGE_CURVE ( 'NONE', #2205, #2407, #2291, .T. ) ;
#777 = CARTESIAN_POINT ( 'NONE',  ( -0.4999999999999997780, 0.3083333338795707368, -0.8660254037844380415 ) ) ;
#778 = CARTESIAN_POINT ( 'NONE',  ( 0.9999999999999991118, 5.725000000546238255, -1.224646799147352468E-16 ) ) ;
#779 = CONICAL_SURFACE ( 'NONE', #56, 0.9999999999999995559, 0.7853981633974538301 ) ;
#780 = CARTESIAN_POINT ( 'NONE',  ( 0.3917468249999995766, -1.933333332240858793, -0.6785254046037930697 ) ) ;
#781 = FACE_OUTER_BOUND ( 'NONE', #3165, .T. ) ;
#782 = CARTESIAN_POINT ( 'NONE',  ( 0.9999999999999993339, 3.375000000546237722, -1.224646799147352468E-16 ) ) ;
#783 = CARTESIAN_POINT ( 'NONE',  ( -1.779205641093261295E-16, 2.225000000546237811, -1.154700538379250574 ) ) ;
#784 = ADVANCED_FACE ( 'NONE', ( #2134 ), #1113, .F. ) ;
#785 = CARTESIAN_POINT ( 'NONE',  ( -0.7834936499999995974, 3.300000000000000266, 0.000000000000000000 ) ) ;
#786 = CARTESIAN_POINT ( 'NONE',  ( 0.4999999999999998890, 4.058333333879571292, 0.8660254037844379305 ) ) ;
#787 = CIRCLE ( 'NONE', #2799, 0.7834936499999992643 ) ;
#789 = CARTESIAN_POINT ( 'NONE',  ( -0.7834936499999997084, 3.766666667759142495, -0.4523502697358619540 ) ) ;
#788 = CARTESIAN_POINT ( 'NONE',  ( 0.7834936499999987092, 5.933333333333333570, -0.4523502697358622870 ) ) ;
#790 = CARTESIAN_POINT ( 'NONE',  ( 0.4999999999999993339, 1.791666667212904684, -0.8660254037844381525 ) ) ;
#791 = CARTESIAN_POINT ( 'NONE',  ( -1.181111100823133043E-16, 5.900000001092474911, 0.9047005394717241300 ) ) ;
#792 = CARTESIAN_POINT ( 'NONE',  ( 0.7807298370944502075, 4.304898811442975592, -0.2257465393116221408 ) ) ;
#793 = CARTESIAN_POINT ( 'NONE',  ( -0.9999999999999991118, -2.058333332787096293, -0.5773502691896251759 ) ) ;
#794 = CARTESIAN_POINT ( 'NONE',  ( -0.4999999999999997780, 0.7083333338795708700, -0.8660254037844380415 ) ) ;
#795 = CARTESIAN_POINT ( 'NONE',  ( 0.9999999999999993339, 4.091666667212905395, 0.5773502691896249539 ) ) ;
#796 =( BOUNDED_CURVE ( )  B_SPLINE_CURVE ( 2, ( #270, #1947, #1245, #2442, #750, #2924, #2214 ),
 .UNSPECIFIED., .F., .T. ) 
 B_SPLINE_CURVE_WITH_KNOTS ( ( 3, 2, 2, 3 ),
 ( 0.6590909090909090606, 0.6666666666666666297, 0.6742424242424241987, 0.6798440269999030949 ),
 .UNSPECIFIED. ) 
 CURVE ( )  GEOMETRIC_REPRESENTATION_ITEM ( )  RATIONAL_B_SPLINE_CURVE ( ( 1.000000000000000000, 0.8660254037844387076, 1.000000000000000000, 0.8660254037844387076, 1.000000000000000000, 0.9009376342776962421, 0.9483709860973965622 ) ) 
 REPRESENTATION_ITEM ( '' )  );
#797 = PRESENTATION_STYLE_ASSIGNMENT (( #2018 ) ) ;
#798 = DIRECTION ( 'NONE',  ( -1.000000000000000000, -4.818676322157797005E-17, 0.000000000000000000 ) ) ;
#799 = CARTESIAN_POINT ( 'NONE',  ( -0.7834936499999992643, 0.8666666666666665853, -0.4523502697358619540 ) ) ;
#800 = CARTESIAN_POINT ( 'NONE',  ( 0.9999999999999996669, 0.8916666672129047733, 0.5773502691896249539 ) ) ;
#801 = CARTESIAN_POINT ( 'NONE',  ( 0.9999999999999991118, 5.775000000546238077, -1.224646799147352468E-16 ) ) ;
#803 = CARTESIAN_POINT ( 'NONE',  ( 0.7834936500000022619, 3.633333334425808303, -0.4523502697358603442 ) ) ;
#802 = CARTESIAN_POINT ( 'NONE',  ( -3.619361255298792164E-17, 4.200000000000000178, 0.9047005394717241300 ) ) ;
#804 = CARTESIAN_POINT ( 'NONE',  ( 0.9999999999999993339, 2.925000000546237988, -1.224646799147352468E-16 ) ) ;
#805 = CARTESIAN_POINT ( 'NONE',  ( -2.173758363915737340E-17, 3.900000001092475799, 0.9047005394717241300 ) ) ;
#806 = LINE ( 'NONE', #1787, #683 ) ;
#807 = CARTESIAN_POINT ( 'NONE',  ( -0.3917468249999998542, 1.233333333333333615, -0.6785254046037930697 ) ) ;
#808 = ORIENTED_EDGE ( 'NONE', *, *, #684, .T. ) ;
#809 = MANIFOLD_SOLID_BREP ( 'M2', #2128 ) ;
#810 = CARTESIAN_POINT ( 'NONE',  ( 0.5000000000000001110, 0.5083333338795712475, 0.8660254037844379305 ) ) ;
#811 = CARTESIAN_POINT ( 'NONE',  ( 0.9999999999999991118, 1.808333333879571070, -0.5773502691896257311 ) ) ;
#812 = CARTESIAN_POINT ( 'NONE',  ( -0.9999999999999991118, 5.558333333879572180, 0.5773502691896258421 ) ) ;
#813 = CARTESIAN_POINT ( 'NONE',  ( -0.3917468249999992436, 1.466666667759142451, 0.6785254046037934028 ) ) ;
#814 = CARTESIAN_POINT ( 'NONE',  ( 0.3917468249999999652, 1.133333334425808525, 0.6785254046037929587 ) ) ;
#815 =( BOUNDED_CURVE ( )  B_SPLINE_CURVE ( 2, ( #847, #1812, #317, #1290, #1261, #1548, #2801 ),
 .UNSPECIFIED., .F., .T. ) 
 B_SPLINE_CURVE_WITH_KNOTS ( ( 3, 2, 2, 3 ),
 ( 0.6136363636363636465, 0.6212121212121212155, 0.6287878787878787845, 0.6363636363636363535 ),
 .UNSPECIFIED. ) 
 CURVE ( )  GEOMETRIC_REPRESENTATION_ITEM ( )  RATIONAL_B_SPLINE_CURVE ( ( 1.000000000000000000, 0.8660254037844387076, 1.000000000000000000, 0.8660254037844387076, 1.000000000000000000, 0.8660254037844387076, 1.000000000000000000 ) ) 
 REPRESENTATION_ITEM ( '' )  );
#816 = CARTESIAN_POINT ( 'NONE',  ( -0.3917468249999991881, 1.366666666666667140, 0.6785254046037934028 ) ) ;
#817 = CARTESIAN_POINT ( 'NONE',  ( -0.4999999999999997780, 0.6583333338795712697, -0.8660254037844380415 ) ) ;
#818 = CARTESIAN_POINT ( 'NONE',  ( 0.4999999999999992784, 3.841666667212904507, -0.8660254037844381525 ) ) ;
#819 = CARTESIAN_POINT ( 'NONE',  ( 0.3917468249999995766, -1.233333333333332726, -0.6785254046037930697 ) ) ;
#820 = CARTESIAN_POINT ( 'NONE',  ( 0.3917468249999991881, 5.966666666666666785, -0.6785254046037930697 ) ) ;
#821 = CARTESIAN_POINT ( 'NONE',  ( 0.9999999999999991118, 0.5583333338795709588, -0.5773502691896257311 ) ) ;
#822 = CARTESIAN_POINT ( 'NONE',  ( 0.3917468249999992436, 4.866666667759141696, -0.6785254046037930697 ) ) ;
#823 = LINE ( 'NONE', #1256, #2905 ) ;
#824 = CARTESIAN_POINT ( 'NONE',  ( 0.9999999999999998890, -1.858333332787096115, 0.5773502691896249539 ) ) ;
#825 = ORIENTED_EDGE ( 'NONE', *, *, #1576, .F. ) ;
#826 = ORIENTED_EDGE ( 'NONE', *, *, #776, .T. ) ;
#827 = AXIS2_PLACEMENT_3D ( 'NONE', #708, #1720, #1704 ) ;
#828 = ADVANCED_FACE ( 'NONE', ( #1953 ), #870, .F. ) ;
#829 = CARTESIAN_POINT ( 'NONE',  ( 0.4999999999999994449, -0.1583333327870957152, -0.8660254037844381525 ) ) ;
#830 = CARTESIAN_POINT ( 'NONE',  ( -1.803299022704050474E-16, 2.275000000546237633, -1.154700538379250796 ) ) ;
#831 = CARTESIAN_POINT ( 'NONE',  ( 0.4999999999999998890, 4.858333333879572002, 0.8660254037844379305 ) ) ;
#832 = DIRECTION ( 'NONE',  ( -1.000000000000000000, 0.000000000000000000, 0.000000000000000000 ) ) ;
#833 = AXIS2_PLACEMENT_3D ( 'NONE', #2028, #552, #2745 ) ;
#834 = CARTESIAN_POINT ( 'NONE',  ( -0.3917468249999992436, 2.166666666666667407, 0.6785254046037934028 ) ) ;
#835 = CARTESIAN_POINT ( 'NONE',  ( 0.4999999999999993339, 0.9916666672129043070, -0.8660254037844381525 ) ) ;
#836 = CARTESIAN_POINT ( 'NONE',  ( 0.9999999999999996669, 3.741666667212904418, 0.5773502691896249539 ) ) ;
#837 = CARTESIAN_POINT ( 'NONE',  ( 0.7834936499999993753, -1.300000000000000044, -9.595029906247759787E-17 ) ) ;
#838 = CARTESIAN_POINT ( 'NONE',  ( 0.3917468249999997987, 3.833333333333333481, 0.6785254046037929587 ) ) ;
#839 = CARTESIAN_POINT ( 'NONE',  ( -0.9999999999999993339, 0.2916666672129050175, -0.5773502691896252870 ) ) ;
#840 = CARTESIAN_POINT ( 'NONE',  ( -0.7834936499999994863, 4.566666667759141873, -0.4523502697358619540 ) ) ;
#841 = CARTESIAN_POINT ( 'NONE',  ( 0.3917468249999993546, 2.466666667759142229, -0.6785254046037930697 ) ) ;
#842 = ORIENTED_EDGE ( 'NONE', *, *, #2440, .T. ) ;
#843 = CARTESIAN_POINT ( 'NONE',  ( 0.9999999999999995559, -1.424999999453762545, -1.224646799147352468E-16 ) ) ;
#844 = CARTESIAN_POINT ( 'NONE',  ( 0.9999999999999993339, 0.5750000005462375663, -1.224646799147352468E-16 ) ) ;
#845 = CARTESIAN_POINT ( 'NONE',  ( 3.743803104043964403E-17, 3.625000000546238166, 1.154700538379250574 ) ) ;
#846 = CARTESIAN_POINT ( 'NONE',  ( -0.9999999999999996669, 4.741666667212904862, -0.5773502691896251759 ) ) ;
#847 = CARTESIAN_POINT ( 'NONE',  ( 0.7834936499999992643, 0.8000000010924754879, -9.595029906247759787E-17 ) ) ;
#848 = CARTESIAN_POINT ( 'NONE',  ( 0.7834936499999992643, 1.500000000000000444, -9.595029906247759787E-17 ) ) ;
#849 = CARTESIAN_POINT ( 'NONE',  ( -1.393711535320637880E-16, 1.425000000546238432, -1.154700538379250574 ) ) ;
#850 = CARTESIAN_POINT ( 'NONE',  ( -0.5000000000000000000, 3.908333333879571381, -0.8660254037844380415 ) ) ;
#851 = CARTESIAN_POINT ( 'NONE',  ( 0.7834936499999993753, -0.8999999999999998002, -9.595029906247759787E-17 ) ) ;
#852 = CARTESIAN_POINT ( 'NONE',  ( -0.3917468250000000207, 4.433333333333334458, -0.6785254046037930697 ) ) ;
#853 = CARTESIAN_POINT ( 'NONE',  ( 0.5000000000000000000, 1.258333333879571025, 0.8660254037844379305 ) ) ;
#854 = CARTESIAN_POINT ( 'NONE',  ( -2.336879549650279031E-16, 3.700000001092475621, -0.9047005394717241300 ) ) ;
#855 = DIRECTION ( 'NONE',  ( -4.818676322157797005E-17, 1.000000000000000000, -0.000000000000000000 ) ) ;
#856 = ORIENTED_EDGE ( 'NONE', *, *, #2298, .F. ) ;
#857 = VERTEX_POINT ( 'NONE', #685 ) ;
#858 = FACE_OUTER_BOUND ( 'NONE', #1958, .T. ) ;
#859 = CARTESIAN_POINT ( 'NONE',  ( 0.4999999999999992784, 2.991666667212904862, -0.8660254037844381525 ) ) ;
#860 = CARTESIAN_POINT ( 'NONE',  ( 0.9999999999999993339, 2.575000000546237899, -1.224646799147352468E-16 ) ) ;
#861 = CARTESIAN_POINT ( 'NONE',  ( -0.4999999999999992784, 4.041666667212903796, 0.8660254037844384856 ) ) ;
#862 = CARTESIAN_POINT ( 'NONE',  ( 0.9999999999999993339, 2.125000000546237722, -1.224646799147352468E-16 ) ) ;
#863 = CARTESIAN_POINT ( 'NONE',  ( -0.3917468249999992436, 1.766666666666667274, 0.6785254046037934028 ) ) ;
#864 = CARTESIAN_POINT ( 'NONE',  ( -0.9999999999999993339, 0.3250000005462381769, 0.000000000000000000 ) ) ;
#865 = CARTESIAN_POINT ( 'NONE',  ( -3.520717697901634672E-18, 4.475000000546238255, 1.154700538379250574 ) ) ;
#866 = CARTESIAN_POINT ( 'NONE',  ( 0.7834936499999994863, -0.1333333333333333870, 0.4523502697358617874 ) ) ;
#867 = CARTESIAN_POINT ( 'NONE',  ( 0.7834936499999992643, 4.266666666666667496, 0.4523502697358617874 ) ) ;
#868 = CARTESIAN_POINT ( 'NONE',  ( 0.9999999999999996669, 1.691666667212904374, 0.5773502691896250649 ) ) ;
#869 = CARTESIAN_POINT ( 'NONE',  ( 0.7834936499999992643, 3.166666667759142406, 0.4523502697358617874 ) ) ;
#871 = EDGE_LOOP ( 'NONE', ( #595, #731, #686, #342, #2943 ) ) ;
#870 = CYLINDRICAL_SURFACE ( 'NONE', #179, 0.7834936499999993753 ) ;
#872 = ORIENTED_EDGE ( 'NONE', *, *, #3040, .T. ) ;
#873 = DIRECTION ( 'NONE',  ( -4.818676322157797005E-17, 1.000000000000000000, -0.000000000000000000 ) ) ;
#874 = CARTESIAN_POINT ( 'NONE',  ( -0.9999999999999990008, 3.158333333879571381, 0.5773502691896258421 ) ) ;
#875 = CARTESIAN_POINT ( 'NONE',  ( 0.5000000000000000000, 0.9083333338795714917, 0.8660254037844379305 ) ) ;
#876 = EDGE_CURVE ( 'NONE', #1181, #1371, #471, .T. ) ;
#877 = CARTESIAN_POINT ( 'NONE',  ( -0.9999999999999988898, 3.208333333879570759, 0.5773502691896259531 ) ) ;
#878 = CARTESIAN_POINT ( 'NONE',  ( 1.530862627722267734E-16, 1.225000000546238033, 1.154700538379250574 ) ) ;
#879 = CARTESIAN_POINT ( 'NONE',  ( -9.876501794460958451E-17, 0.9000000010924757987, -0.9047005394717241300 ) ) ;
#880 = ORIENTED_EDGE ( 'NONE', *, *, #1212, .T. ) ;
#881 = CARTESIAN_POINT ( 'NONE',  ( -0.9999999999999991118, -1.274999999453761745, 0.000000000000000000 ) ) ;
#882 = CARTESIAN_POINT ( 'NONE',  ( 0.9999999999999991118, 3.808333333879571736, -0.5773502691896257311 ) ) ;
#883 = CARTESIAN_POINT ( 'NONE',  ( 0.3917468250000000762, -0.9666666666666660079, 0.6785254046037929587 ) ) ;
#884 = AXIS2_PLACEMENT_3D ( 'NONE', #1943, #2933, #2903 ) ;
#885 = CARTESIAN_POINT ( 'NONE',  ( -0.3917468249999999652, 3.633333333333333748, -0.6785254046037930697 ) ) ;
#886 = ADVANCED_FACE ( 'NONE', ( #456 ), #3179, .F. ) ;
#887 = CARTESIAN_POINT ( 'NONE',  ( 0.4999999999999997780, 5.658333333879570937, 0.8660254037844379305 ) ) ;
#888 = CARTESIAN_POINT ( 'NONE',  ( 0.9999999999999991118, 0.1583333338795716583, -0.5773502691896257311 ) ) ;
#889 = CARTESIAN_POINT ( 'NONE',  ( 0.3917468249999999097, 1.933333334425808792, 0.6785254046037929587 ) ) ;
#890 = CARTESIAN_POINT ( 'NONE',  ( -0.9999999999999995559, 4.500000000000000888, 0.000000000000000000 ) ) ;
#892 = ORIENTED_EDGE ( 'NONE', *, *, #446, .F. ) ;
#891 = CARTESIAN_POINT ( 'NONE',  ( 0.7834936499999992643, 1.900000000000000577, -9.595029906247759787E-17 ) ) ;
#893 = CARTESIAN_POINT ( 'NONE',  ( -0.4999999999999997780, -0.5416666661204284638, -0.8660254037844380415 ) ) ;
#894 = DIRECTION ( 'NONE',  ( -4.818676322157797005E-17, 1.000000000000000000, -0.000000000000000000 ) ) ;
#895 = CARTESIAN_POINT ( 'NONE',  ( 0.9999999999999993339, 2.175000000546237544, -1.224646799147352468E-16 ) ) ;
#896 = CARTESIAN_POINT ( 'NONE',  ( -0.9999999999999993339, 3.941666667212904596, -0.5773502691896252870 ) ) ;
#897 = CARTESIAN_POINT ( 'NONE',  ( -0.4999999999999998890, 2.658333333879571381, -0.8660254037844380415 ) ) ;
#898 = CARTESIAN_POINT ( 'NONE',  ( 0.3917468249999994101, 1.266666667759141829, -0.6785254046037930697 ) ) ;
#899 = ORIENTED_EDGE ( 'NONE', *, *, #2503, .T. ) ;
#900 = CARTESIAN_POINT ( 'NONE',  ( -0.9999999999999986677, -0.4416666661204290967, 0.5773502691896258421 ) ) ;
#901 = CARTESIAN_POINT ( 'NONE',  ( -0.9999999999999993339, 2.341666667212904507, -0.5773502691896251759 ) ) ;
#902 = CARTESIAN_POINT ( 'NONE',  ( -0.5000000000000001110, 5.508333333879571470, -0.8660254037844380415 ) ) ;
#903 = CARTESIAN_POINT ( 'NONE',  ( 2.163050331290563688E-17, 3.000000000000000888, 0.9047005394717241300 ) ) ;
#904 = CARTESIAN_POINT ( 'NONE',  ( -3.966079011408511298E-17, 5.225000000546238255, 1.154700538379250574 ) ) ;
#905 = DIRECTION ( 'NONE',  ( -4.818676322157797005E-17, 1.000000000000000000, -0.000000000000000000 ) ) ;
#906 = CARTESIAN_POINT ( 'NONE',  ( 0.7834936499999990422, 2.433333334425809014, -0.4523502697358622870 ) ) ;
#908 = VERTEX_POINT ( 'NONE', #1432 ) ;
#907 = DIRECTION ( 'NONE',  ( -4.818676322157797005E-17, 1.000000000000000000, -0.000000000000000000 ) ) ;
#909 = ORIENTED_EDGE ( 'NONE', *, *, #2202, .T. ) ;
#910 = CARTESIAN_POINT ( 'NONE',  ( 0.9999999999999996669, -0.3083333327870956819, 0.5773502691896249539 ) ) ;
#911 = DIRECTION ( 'NONE',  ( -1.000000000000000000, 0.000000000000000000, 0.000000000000000000 ) ) ;
#912 = CARTESIAN_POINT ( 'NONE',  ( 0.5000000000000000000, 1.708333333879570981, 0.8660254037844379305 ) ) ;
#913 = CARTESIAN_POINT ( 'NONE',  ( 0.4999999999999998890, 3.708333333879570759, 0.8660254037844379305 ) ) ;
#914 = CARTESIAN_POINT ( 'NONE',  ( -0.4999999999999991673, 2.391666667212904329, 0.8660254037844384856 ) ) ;
#915 = CARTESIAN_POINT ( 'NONE',  ( -0.7834936499999991533, 0.2333333344258087250, 0.4523502697358625091 ) ) ;
#916 = ORIENTED_EDGE ( 'NONE', *, *, #3131, .F. ) ;
#917 = CARTESIAN_POINT ( 'NONE',  ( 0.5000000000000001110, 0.4583333338795715362, 0.8660254037844379305 ) ) ;
#918 = CARTESIAN_POINT ( 'NONE',  ( -0.9999999999999993339, 1.141666667212904329, -0.5773502691896251759 ) ) ;
#919 = CARTESIAN_POINT ( 'NONE',  ( -0.9999999999999995559, 5.175000000546237544, 0.000000000000000000 ) ) ;
#920 = CARTESIAN_POINT ( 'NONE',  ( -0.9999999999999996669, 5.091666667212904507, -0.5773502691896251759 ) ) ;
#921 = CARTESIAN_POINT ( 'NONE',  ( -0.7834936499999994863, 0.6000000010924757543, 0.000000000000000000 ) ) ;
#922 =( BOUNDED_CURVE ( )  B_SPLINE_CURVE ( 2, ( #2812, #1876, #634, #596, #3152, #2868, #2338 ),
 .UNSPECIFIED., .F., .T. ) 
 B_SPLINE_CURVE_WITH_KNOTS ( ( 3, 2, 2, 3 ),
 ( 0.3181818181818181768, 0.3257575757575757458, 0.3333333333333333703, 0.3409090909090909394 ),
 .UNSPECIFIED. ) 
 CURVE ( )  GEOMETRIC_REPRESENTATION_ITEM ( )  RATIONAL_B_SPLINE_CURVE ( ( 1.000000000000000000, 0.8660254037844387076, 1.000000000000000000, 0.8660254037844387076, 1.000000000000000000, 0.8660254037844377084, 1.000000000000000888 ) ) 
 REPRESENTATION_ITEM ( '' )  );
#924 = ORIENTED_EDGE ( 'NONE', *, *, #2202, .F. ) ;
#923 = CARTESIAN_POINT ( 'NONE',  ( -0.7834936499999927140, 0.9666666677591415624, -0.4523502697358657842 ) ) ;
#925 = ORIENTED_EDGE ( 'NONE', *, *, #115, .F. ) ;
#926 = CARTESIAN_POINT ( 'NONE',  ( 2.494597892153827258E-16, -0.7749999994537621895, 1.154700538379250574 ) ) ;
#927 = CARTESIAN_POINT ( 'NONE',  ( -0.3917468249999993546, 4.266666667759142051, 0.6785254046037934028 ) ) ;
#928 = CARTESIAN_POINT ( 'NONE',  ( 0.9999999999999991118, 1.008333333879570803, -0.5773502691896257311 ) ) ;
#929 = CARTESIAN_POINT ( 'NONE',  ( 0.9999999999999996669, 3.741666667212904418, 0.5773502691896250649 ) ) ;
#930 = CARTESIAN_POINT ( 'NONE',  ( -0.4999999999999998890, 1.458333333879571647, -0.8660254037844380415 ) ) ;
#931 = CARTESIAN_POINT ( 'NONE',  ( -0.3917468249999999097, 1.333333334425808925, -0.6785254046037930697 ) ) ;
#932 = CARTESIAN_POINT ( 'NONE',  ( -6.227233237753901862E-17, -0.1749999994537622949, -1.154700538379250574 ) ) ;
#933 = AXIS2_PLACEMENT_3D ( 'NONE', #168, #231, #2879 ) ;
#934 = CARTESIAN_POINT ( 'NONE',  ( -0.9999999999999993339, 2.741666667212904862, -0.5773502691896251759 ) ) ;
#935 = CARTESIAN_POINT ( 'NONE',  ( 2.529269667764799048E-16, -1.799999999999999378, 0.9047005394717241300 ) ) ;
#936 = CARTESIAN_POINT ( 'NONE',  ( -0.5000000000000001110, 6.258333333879572358, -0.8660254037844380415 ) ) ;
#937 = CARTESIAN_POINT ( 'NONE',  ( 1.180040297560616355E-16, 1.000000000000000000, 0.9047005394717241300 ) ) ;
#939 = ORIENTED_EDGE ( 'NONE', *, *, #1928, .T. ) ;
#938 = CARTESIAN_POINT ( 'NONE',  ( -0.09656261756269501895, 4.304142718062586859, 0.8053095318695301374 ) ) ;
#940 = ORIENTED_EDGE ( 'NONE', *, *, #176, .T. ) ;
#941 = CARTESIAN_POINT ( 'NONE',  ( -0.4999999999999990563, -0.4083333327870950491, 0.8660254037844384856 ) ) ;
#942 = CARTESIAN_POINT ( 'NONE',  ( -1.517704574357025020E-16, 2.000000000000000000, -0.9047005394717241300 ) ) ;
#943 = CARTESIAN_POINT ( 'NONE',  ( 0.9999999999999991118, 0.2083333338795713419, -0.5773502691896257311 ) ) ;
#944 = CARTESIAN_POINT ( 'NONE',  ( -0.6996733610187221286, 0.1834417892311636378, -0.4357095795850350339 ) ) ;
#945 = CARTESIAN_POINT ( 'NONE',  ( -0.3917468249999998542, 0.9333333344258087916, -0.6785254046037930697 ) ) ;
#946 = CARTESIAN_POINT ( 'NONE',  ( 0.5861750085141615996, 0.04192592102809543364, 0.7619280567752718669 ) ) ;
#947 = CARTESIAN_POINT ( 'NONE',  ( -1.610551969817738766E-16, 1.875000000546237500, -1.154700538379250574 ) ) ;
#948 = CARTESIAN_POINT ( 'NONE',  ( -0.7834936499999992643, -1.499999999999999556, 0.000000000000000000 ) ) ;
#949 = CARTESIAN_POINT ( 'NONE',  ( -0.9999999999999991118, -1.658333332787095271, -0.5773502691896251759 ) ) ;
#950 = CARTESIAN_POINT ( 'NONE',  ( -7.467163628117775732E-17, 0.4000000000000001887, -0.9047005394717241300 ) ) ;
#952 = VERTEX_POINT ( 'NONE', #2204 ) ;
#951 = CARTESIAN_POINT ( 'NONE',  ( 0.7834936499999992643, 3.866666666666666696, 0.4523502697358617874 ) ) ;
#953 = CARTESIAN_POINT ( 'NONE',  ( 0.9999999999999995559, -0.6749999994537618786, -1.224646799147352468E-16 ) ) ;
#954 = CARTESIAN_POINT ( 'NONE',  ( -0.7834936499999992643, 1.333333333333333703, 0.4523502697358623981 ) ) ;
#955 = CARTESIAN_POINT ( 'NONE',  ( -0.9999999999999991118, -0.8583333327870957818, -0.5773502691896251759 ) ) ;
#956 = CARTESIAN_POINT ( 'NONE',  ( 0.7834936500000029280, 2.666666666666667851, 0.4523502697358598446 ) ) ;
#957 = CARTESIAN_POINT ( 'NONE',  ( -0.7834936499999991533, -0.5666666655741915415, 0.4523502697358625091 ) ) ;
#958 = CARTESIAN_POINT ( 'NONE',  ( 0.9269991336600218457, 0.07300086633998228991, 0.1571198635875614980 ) ) ;
#959 = CARTESIAN_POINT ( 'NONE',  ( 1.892263351884102217E-16, 0.4750000005462381436, 1.154700538379250574 ) ) ;
#960 = CARTESIAN_POINT ( 'NONE',  ( -0.9999999999999995559, 6.375000000546237722, 0.000000000000000000 ) ) ;
#961 = CARTESIAN_POINT ( 'NONE',  ( -0.9999999999999990008, 3.558333333879570848, 0.5773502691896258421 ) ) ;
#962 = EDGE_CURVE ( 'NONE', #1873, #2591, #2604, .T. ) ;
#963 = CYLINDRICAL_SURFACE ( 'NONE', #1801, 0.7834936499999993753 ) ;
#964 = APPLICATION_PROTOCOL_DEFINITION ( 'draft international standard', 'automotive_design', 1998, #3112 ) ;
#965 = LINE ( 'NONE', #32, #991 ) ;
#966 = CARTESIAN_POINT ( 'NONE',  ( -0.7834936499999992643, 5.033333334425809547, 0.4523502697358625091 ) ) ;
#967 = CARTESIAN_POINT ( 'NONE',  ( -0.3917468249999999097, 2.133333334425808303, -0.6785254046037930697 ) ) ;
#968 = CARTESIAN_POINT ( 'NONE',  ( -0.9999999999999986677, -1.191666666120428708, 0.5773502691896258421 ) ) ;
#969 = ORIENTED_EDGE ( 'NONE', *, *, #223, .F. ) ;
#970 = CARTESIAN_POINT ( 'NONE',  ( -0.7991688613511807038, 0.2008310950192118971, -0.1130256261914038968 ) ) ;
#971 = EDGE_CURVE ( 'NONE', #2621, #1611, #2783, .T. ) ;
#972 = CARTESIAN_POINT ( 'NONE',  ( 0.7834936499999959336, 3.966666667759141340, 0.4523502697358637858 ) ) ;
#973 = CARTESIAN_POINT ( 'NONE',  ( -0.2679491924309622131, -2.157136719958364868, -1.000000000000092149 ) ) ;
#974 = CARTESIAN_POINT ( 'NONE',  ( -2.613225996135557344E-17, -0.9249999994537621006, -1.154700538379250574 ) ) ;
#975 = CARTESIAN_POINT ( 'NONE',  ( -0.4999999999999991673, 2.841666667212904507, 0.8660254037844384856 ) ) ;
#976 = AXIS2_PLACEMENT_3D ( 'NONE', #2000, #1987, #2746 ) ;
#977 = CARTESIAN_POINT ( 'NONE',  ( -0.9999999999999990008, 3.158333333879571381, 0.5773502691896258421 ) ) ;
#978 = CARTESIAN_POINT ( 'NONE',  ( -0.1939660370505891240, 4.283495631035735940, 0.7591043907534790192 ) ) ;
#979 = CARTESIAN_POINT ( 'NONE',  ( 0.9999999999999991118, 4.125000000546238610, -1.224646799147352468E-16 ) ) ;
#981 = EDGE_LOOP ( 'NONE', ( #1134, #1122, #1395, #2580 ) ) ;
#980 = CYLINDRICAL_SURFACE ( 'NONE', #1231, 1.399999999999999467 ) ;
#982 = ADVANCED_FACE ( 'NONE', ( #1 ), #980, .T. ) ;
#983 = CARTESIAN_POINT ( 'NONE',  ( -0.5000000000000000000, 3.458333333879571647, -0.8660254037844380415 ) ) ;
#984 = CARTESIAN_POINT ( 'NONE',  ( 0.9999999999999998890, -1.908333332787095493, 0.5773502691896249539 ) ) ;
#985 = CARTESIAN_POINT ( 'NONE',  ( -0.3917468249999999097, 2.033333333333334103, -0.6785254046037930697 ) ) ;
#986 = CARTESIAN_POINT ( 'NONE',  ( -0.9999999999999990008, 0.4083333338795709921, 0.5773502691896258421 ) ) ;
#987 = ORIENTED_EDGE ( 'NONE', *, *, #1243, .F. ) ;
#988 = CARTESIAN_POINT ( 'NONE',  ( 0.3917468249999998542, 2.633333333333333748, 0.6785254046037929587 ) ) ;
#989 = CARTESIAN_POINT ( 'NONE',  ( 0.7834936499999994863, -0.8333333322408574828, 0.4523502697358617874 ) ) ;
#990 = CARTESIAN_POINT ( 'NONE',  ( -0.4999999999999989453, -2.008333332787095138, 0.8660254037844384856 ) ) ;
#991 = VECTOR ( 'NONE', #2466, 1000.000000000000000 ) ;
#992 = CARTESIAN_POINT ( 'NONE',  ( -6.857554672724355680E-18, -1.324999999453762234, -1.154700538379250574 ) ) ;
#993 = CARTESIAN_POINT ( 'NONE',  ( -0.9999999999999991118, 4.808333333879570404, 0.5773502691896258421 ) ) ;
#994 = CARTESIAN_POINT ( 'NONE',  ( -0.9999999999999990008, 2.758333333879571470, 0.5773502691896258421 ) ) ;
#995 = CARTESIAN_POINT ( 'NONE',  ( 0.4999999999999991673, 5.841666667212904507, -0.8660254037844381525 ) ) ;
#996 = CARTESIAN_POINT ( 'NONE',  ( -2.529626602536590985E-16, 4.100000001092475088, -0.9047005394717241300 ) ) ;
#998 = EDGE_LOOP ( 'NONE', ( #1855, #501, #3150, #1301 ) ) ;
#997 = CARTESIAN_POINT ( 'NONE',  ( 0.7834936499999990422, 5.900000000000000355, -9.595029906247759787E-17 ) ) ;
#999 = CARTESIAN_POINT ( 'NONE',  ( -0.9999999999999988898, 1.958333333879571203, 0.5773502691896259531 ) ) ;
#1000 = CARTESIAN_POINT ( 'NONE',  ( 0.3917468249999997432, 5.133333334425808303, 0.6785254046037929587 ) ) ;
#1001 = CARTESIAN_POINT ( 'NONE',  ( -0.9217335447908523438, -1.021224481424441180E-07, 0.3878237646255785487 ) ) ;
#1002 = CARTESIAN_POINT ( 'NONE',  ( -2.935687958411132527E-16, 4.625000000546238610, -1.154700538379250574 ) ) ;
#1003 = CARTESIAN_POINT ( 'NONE',  ( 0.3917468250000000762, -1.666666665574191963, 0.6785254046037929587 ) ) ;
#1004 = CARTESIAN_POINT ( 'NONE',  ( -0.2262691412023301318, 0.006186572360210980392, 0.9805120814931047590 ) ) ;
#1005 = CARTESIAN_POINT ( 'NONE',  ( -0.5000000000000000000, 3.108333333879571114, -0.8660254037844380415 ) ) ;
#1006 = EDGE_CURVE ( 'NONE', #1560, #908, #1950, .T. ) ;
#1007 = CARTESIAN_POINT ( 'NONE',  ( 0.4999999999999992784, 3.791666667212904684, -0.8660254037844381525 ) ) ;
#1008 = CARTESIAN_POINT ( 'NONE',  ( -0.9999999999999996669, 5.141666667212904329, -0.5773502691896251759 ) ) ;
#1009 = CARTESIAN_POINT ( 'NONE',  ( 0.3917468249999998542, 2.733333334425808836, 0.6785254046037929587 ) ) ;
#1010 = ADVANCED_FACE ( 'NONE', ( #2150 ), #162, .F. ) ;
#1012 = ORIENTED_EDGE ( 'NONE', *, *, #2396, .F. ) ;
#1011 = CARTESIAN_POINT ( 'NONE',  ( 0.7834936499999959336, 3.566666667759141873, 0.4523502697358637858 ) ) ;
#1013 = CARTESIAN_POINT ( 'NONE',  ( -0.4999999999999991673, 1.991666667212905084, 0.8660254037844384856 ) ) ;
#1014 = CARTESIAN_POINT ( 'NONE',  ( -3.107867761195526355E-16, 5.300000001092476154, -0.9047005394717241300 ) ) ;
#1015 = CARTESIAN_POINT ( 'NONE',  ( -0.7834936500000029280, 3.266666666666667496, -0.4523502697358600666 ) ) ;
#1016 = DIRECTION ( 'NONE',  ( -4.818676322157797005E-17, 1.000000000000000000, -0.000000000000000000 ) ) ;
#1017 = CARTESIAN_POINT ( 'NONE',  ( -0.9999999999999993339, 0.3750000005462378883, 0.000000000000000000 ) ) ;
#1018 = CARTESIAN_POINT ( 'NONE',  ( -2.742940905524821066E-16, 4.225000000546238255, -1.154700538379250574 ) ) ;
#1019 =( BOUNDED_CURVE ( )  B_SPLINE_CURVE ( 2, ( #1384, #1906, #1191, #950, #1708, #2897, #2928 ),
 .UNSPECIFIED., .F., .T. ) 
 B_SPLINE_CURVE_WITH_KNOTS ( ( 3, 2, 2, 3 ),
 ( 0.6818181818181817677, 0.6893939393939394478, 0.6969696969696969058, 0.7045454545454544748 ),
 .UNSPECIFIED. ) 
 CURVE ( )  GEOMETRIC_REPRESENTATION_ITEM ( )  RATIONAL_B_SPLINE_CURVE ( ( 1.000000000000000000, 0.8660254037844387076, 1.000000000000000000, 0.8660254037844387076, 1.000000000000000000, 0.8660254037844407060, 0.9999999999999980016 ) ) 
 REPRESENTATION_ITEM ( '' )  );
#1020 = CARTESIAN_POINT ( 'NONE',  ( -0.7834936499999990422, -1.766666665574191386, 0.4523502697358625091 ) ) ;
#1021 = EDGE_CURVE ( 'NONE', #490, #952, #2273, .T. ) ;
#1022 = CARTESIAN_POINT ( 'NONE',  ( 0.7834936499999994863, 1.166666667759142406, 0.4523502697358617874 ) ) ;
#1023 = CARTESIAN_POINT ( 'NONE',  ( -0.9999999999999995559, 4.775000000546238077, 0.000000000000000000 ) ) ;
#1024 = CARTESIAN_POINT ( 'NONE',  ( -0.9999999999999995559, 4.725000000546238255, 0.000000000000000000 ) ) ;
#1025 = DIRECTION ( 'NONE',  ( -4.818676322157797005E-17, 1.000000000000000000, -0.000000000000000000 ) ) ;
#1026 = CARTESIAN_POINT ( 'NONE',  ( -0.5000000000000000000, 4.258333333879571470, -0.8660254037844380415 ) ) ;
#1028 = CARTESIAN_POINT ( 'NONE',  ( -0.7895469363182286981, 4.444550610988268424, 0.5242626638344105583 ) ) ;
#1027 = CARTESIAN_POINT ( 'NONE',  ( -0.7834936499999997084, 6.066666666666667318, -0.4523502697358619540 ) ) ;
#1029 = CIRCLE ( 'NONE', #2213, 0.9999999999999993339 ) ;
#1030 = CARTESIAN_POINT ( 'NONE',  ( -0.9999999999999993339, 2.291666667212905129, -0.5773502691896252870 ) ) ;
#1031 = CARTESIAN_POINT ( 'NONE',  ( -0.9999999999999986677, -1.641666666120428886, 0.5773502691896258421 ) ) ;
#1032 = CARTESIAN_POINT ( 'NONE',  ( 0.7834936499999991533, 3.200000001092475621, -9.595029906247759787E-17 ) ) ;
#1033 = CARTESIAN_POINT ( 'NONE',  ( -0.4999999999999996669, -2.091666666120429507, -0.8660254037844380415 ) ) ;
#1034 = CARTESIAN_POINT ( 'NONE',  ( 0.5000000000000000000, 1.708333333879570981, 0.8660254037844379305 ) ) ;
#1035 = CARTESIAN_POINT ( 'NONE',  ( -0.9999999999999995559, 4.325000000546237899, 0.000000000000000000 ) ) ;
#1036 = SURFACE_SIDE_STYLE ('',( #2637 ) ) ;
#1037 = CARTESIAN_POINT ( 'NONE',  ( 1.131853533812609668E-16, 1.100000001092475310, 0.9047005394717241300 ) ) ;
#1038 = CARTESIAN_POINT ( 'NONE',  ( -0.9999999999999993339, 1.125000000546237722, 0.000000000000000000 ) ) ;
#1039 = CARTESIAN_POINT ( 'NONE',  ( 0.4999999999999997780, 5.308333333879571292, 0.8660254037844379305 ) ) ;
#1040 = CARTESIAN_POINT ( 'NONE',  ( 0.7834936499999992643, 1.600000001092475754, -9.595029906247759787E-17 ) ) ;
#1042 = CARTESIAN_POINT ( 'NONE',  ( 0.7834936499999989312, 3.533333333333333659, -0.4523502697358622870 ) ) ;
#1041 = CARTESIAN_POINT ( 'NONE',  ( -0.3917468249999993546, 3.466666667759142229, 0.6785254046037934028 ) ) ;
#1043 = CARTESIAN_POINT ( 'NONE',  ( -2.164699746865885203E-16, 3.025000000546238521, -1.154700538379250796 ) ) ;
#1044 = CARTESIAN_POINT ( 'NONE',  ( -0.7834936499999995974, 3.000000001092475443, 0.000000000000000000 ) ) ;
#1045 = CARTESIAN_POINT ( 'NONE',  ( 0.6369862389047969975, 4.322438270967814411, -0.5320963620124313787 ) ) ;
#1046 = DIRECTION ( 'NONE',  ( -4.818676322157797005E-17, 1.000000000000000000, -0.000000000000000000 ) ) ;
#1047 = ORIENTED_EDGE ( 'NONE', *, *, #2831, .F. ) ;
#1048 = CARTESIAN_POINT ( 'NONE',  ( -0.4999999999999997780, 0.3083333338795707368, -0.8660254037844380415 ) ) ;
#1049 = CARTESIAN_POINT ( 'NONE',  ( 0.9999999999999996669, 1.741666667212904196, 0.5773502691896250649 ) ) ;
#1050 = CARTESIAN_POINT ( 'NONE',  ( -0.5000000000000000000, 5.058333333879571292, -0.8660254037844380415 ) ) ;
#1051 = CARTESIAN_POINT ( 'NONE',  ( -0.7834936499999994863, 1.400000001092475355, 0.000000000000000000 ) ) ;
#1052 = CARTESIAN_POINT ( 'NONE',  ( -0.7834936499999995974, 3.000000001092475443, 0.000000000000000000 ) ) ;
#1053 = CARTESIAN_POINT ( 'NONE',  ( 0.3917468249999994101, 2.366666666666667140, -0.6785254046037930697 ) ) ;
#1054 = CARTESIAN_POINT ( 'NONE',  ( -0.4999999999999998890, 2.258333333879571025, -0.8660254037844380415 ) ) ;
#1055 = CARTESIAN_POINT ( 'NONE',  ( -2.767034287135610491E-16, 4.275000000546237189, -1.154700538379250574 ) ) ;
#1056 = CARTESIAN_POINT ( 'NONE',  ( 1.565534403333239771E-16, 0.2000000000000005385, 0.9047005394717241300 ) ) ;
#1057 = CARTESIAN_POINT ( 'NONE',  ( 0.7834936499999990422, 6.300000000000000711, -9.595029906247759787E-17 ) ) ;
#1058 = EDGE_CURVE ( 'NONE', #1063, #2420, #2612, .T. ) ;
#1059 = CARTESIAN_POINT ( 'NONE',  ( 0.9999999999999993339, 1.725000000546238477, -1.224646799147352468E-16 ) ) ;
#1060 = CARTESIAN_POINT ( 'NONE',  ( -0.7834936499999994863, 2.966666667759143561, -0.4523502697358619540 ) ) ;
#1061 = CARTESIAN_POINT ( 'NONE',  ( 0.7834936499999992643, 3.100000000000000533, -9.595029906247759787E-17 ) ) ;
#1062 = CARTESIAN_POINT ( 'NONE',  ( -0.9999999999999991118, -1.624999999453762278, 0.000000000000000000 ) ) ;
#1063 = VERTEX_POINT ( 'NONE', #2010 ) ;
#1064 = ORIENTED_EDGE ( 'NONE', *, *, #2777, .T. ) ;
#1065 = CARTESIAN_POINT ( 'NONE',  ( 0.9999999999999996669, 0.1416666672129042182, 0.5773502691896249539 ) ) ;
#1066 = CARTESIAN_POINT ( 'NONE',  ( -0.9999999999999988898, 2.008333333879571025, 0.5773502691896259531 ) ) ;
#1067 = CARTESIAN_POINT ( 'NONE',  ( 0.9999999999999990008, 4.958333333879571647, -0.5773502691896257311 ) ) ;
#1068 = CARTESIAN_POINT ( 'NONE',  ( -0.9999999999999995559, 4.500000000000000888, 0.000000000000000000 ) ) ;
#1069 = EDGE_CURVE ( 'NONE', #2337, #190, #2946, .T. ) ;
#1070 = CARTESIAN_POINT ( 'NONE',  ( -0.7834936499999992643, 1.333333333333333925, 0.4523502697358625091 ) ) ;
#1071 = B_SPLINE_CURVE_WITH_KNOTS ( 'NONE', 3,
 ( #2292, #2815, #2019, #585 ),
 .UNSPECIFIED., .F., .F.,
 ( 4, 4 ),
 ( 0.004574357176884018099, 0.004785841078782998234 ),
 .UNSPECIFIED. ) ;
#1072 = CARTESIAN_POINT ( 'NONE',  ( -0.4999999999999998890, 1.458333333879571647, -0.8660254037844380415 ) ) ;
#1073 = CARTESIAN_POINT ( 'NONE',  ( 5.430339816799195235E-17, 3.275000000546237633, 1.154700538379250574 ) ) ;
#1074 = CARTESIAN_POINT ( 'NONE',  ( -3.612222570391531718E-17, -0.4000000000000001887, -0.9047005394717241300 ) ) ;
#1075 = CARTESIAN_POINT ( 'NONE',  ( 0.7834936499999989312, 3.933333333333333570, -0.4523502697358622870 ) ) ;
#1076 = CARTESIAN_POINT ( 'NONE',  ( -8.154703766617023869E-17, 0.2250000005462379216, -1.154700538379250796 ) ) ;
#1077 = CARTESIAN_POINT ( 'NONE',  ( 0.7834936499999989312, 4.033333334425809547, -0.4523502697358622870 ) ) ;
#1078 = CARTESIAN_POINT ( 'NONE',  ( -0.6329314376696139055, 0.06906290190608167789, 0.7148721519258190993 ) ) ;
#1079 = CARTESIAN_POINT ( 'NONE',  ( -0.7939582283305763877, 0.2060417282085941215, 5.586660981941647728E-14 ) ) ;
#1080 = ORIENTED_EDGE ( 'NONE', *, *, #2492, .T. ) ;
#1081 = VERTEX_POINT ( 'NONE', #322 ) ;
#1082 = AXIS2_PLACEMENT_3D ( 'NONE', #3192, #1663, #700 ) ;
#1083 = CARTESIAN_POINT ( 'NONE',  ( -0.9999999999999986677, -1.591666666120429063, 0.5773502691896258421 ) ) ;
#1084 = CARTESIAN_POINT ( 'NONE',  ( 1.699516298997791002E-16, 0.8750000005462374997, 1.154700538379250796 ) ) ;
#1085 = CARTESIAN_POINT ( 'NONE',  ( -0.5000000000000000000, 3.058333333879571292, -0.8660254037844380415 ) ) ;
#1086 = CARTESIAN_POINT ( 'NONE',  ( 0.5000000000000000000, 2.908333333879570937, 0.8660254037844379305 ) ) ;
#1087 = CARTESIAN_POINT ( 'NONE',  ( -0.7834936499999994863, 2.500000000000000444, 0.000000000000000000 ) ) ;
#1088 = CARTESIAN_POINT ( 'NONE',  ( 0.7834936499999993753, 1.066666666666667096, 0.4523502697358617874 ) ) ;
#1089 = CARTESIAN_POINT ( 'NONE',  ( -0.9999999999999993339, 1.525000000546237855, 0.000000000000000000 ) ) ;
#1090 = CARTESIAN_POINT ( 'NONE',  ( 0.9999999999999993339, 2.975000000546237811, -1.224646799147352468E-16 ) ) ;
#1091 = CARTESIAN_POINT ( 'NONE',  ( -0.3917468249999991325, -0.6333333333333329707, 0.6785254046037934028 ) ) ;
#1092 = CARTESIAN_POINT ( 'NONE',  ( -0.7834936499999992643, 4.133333333333334636, 0.4523502697358625091 ) ) ;
#1093 = CARTESIAN_POINT ( 'NONE',  ( 0.7834936499999992643, 2.400000001092475799, -9.595029906247759787E-17 ) ) ;
#1094 = CARTESIAN_POINT ( 'NONE',  ( 0.7834936499999992643, 4.766666667759142939, 0.4523502697358617874 ) ) ;
#1095 = AXIS2_PLACEMENT_3D ( 'NONE', #1794, #151, #2112 ) ;
#1096 = ORIENTED_EDGE ( 'NONE', *, *, #1972, .F. ) ;
#1097 = VERTEX_POINT ( 'NONE', #78 ) ;
#1098 = CARTESIAN_POINT ( 'NONE',  ( -0.3917468250000000207, 4.033333333333333215, -0.6785254046037930697 ) ) ;
#1099 = CARTESIAN_POINT ( 'NONE',  ( -0.9999999999999993339, 3.525000000546238521, 0.000000000000000000 ) ) ;
#1100 = CARTESIAN_POINT ( 'NONE',  ( -0.4999999999999991673, 2.041666667212904684, 0.8660254037844384856 ) ) ;
#1101 = CARTESIAN_POINT ( 'NONE',  ( -0.9999999999999993339, 1.891666667212904773, -0.5773502691896251759 ) ) ;
#1102 = CARTESIAN_POINT ( 'NONE',  ( 7.945461917879918307E-17, 1.800000000000000266, 0.9047005394717241300 ) ) ;
#1103 = CARTESIAN_POINT ( 'NONE',  ( 0.7834936499999991533, 4.500000000000000888, 9.595029906247759787E-17 ) ) ;
#1104 = CARTESIAN_POINT ( 'NONE',  ( -0.9999999999999986677, -1.241666666120428753, 0.5773502691896258421 ) ) ;
#1105 = CARTESIAN_POINT ( 'NONE',  ( 0.9999999999999993339, 4.941666667212904152, 0.5773502691896249539 ) ) ;
#1106 = CARTESIAN_POINT ( 'NONE',  ( 0.3917468249999995211, -0.4333333333333332926, -0.6785254046037930697 ) ) ;
#1107 = ADVANCED_FACE ( 'NONE', ( #2465 ), #3035, .F. ) ;
#1108 = CARTESIAN_POINT ( 'NONE',  ( 0.7834936499999992643, 4.666666666666667851, 0.4523502697358617874 ) ) ;
#1109 = CARTESIAN_POINT ( 'NONE',  ( 0.4999999999999993339, 1.391666667212904551, -0.8660254037844381525 ) ) ;
#1110 = CARTESIAN_POINT ( 'NONE',  ( 0.3917468249999997432, 4.733333334425808836, 0.6785254046037929587 ) ) ;
#1111 = ADVANCED_FACE ( 'NONE', ( #561 ), #2384, .T. ) ;
#1112 = CARTESIAN_POINT ( 'NONE',  ( -0.008146723214001030250, 0.1754423729646105989, 0.8312171500966206716 ) ) ;
#1114 = ORIENTED_EDGE ( 'NONE', *, *, #962, .F. ) ;
#1113 = CYLINDRICAL_SURFACE ( 'NONE', #1716, 0.7834936499999993753 ) ;
#1115 = CARTESIAN_POINT ( 'NONE',  ( 1.399999999999999245, 4.500000000000000888, 1.714505518806293898E-16 ) ) ;
#1116 = CARTESIAN_POINT ( 'NONE',  ( -2.357446799752197157E-16, 3.425000000546238432, -1.154700538379250574 ) ) ;
#1117 = CARTESIAN_POINT ( 'NONE',  ( -0.4999999999999991673, 1.241666667212904418, 0.8660254037844384856 ) ) ;
#1118 = CARTESIAN_POINT ( 'NONE',  ( -0.9999999999999988898, 3.608333333879571558, 0.5773502691896259531 ) ) ;
#1119 = CARTESIAN_POINT ( 'NONE',  ( -0.9999999999999993339, 1.491666667212904640, -0.5773502691896251759 ) ) ;
#1120 = CARTESIAN_POINT ( 'NONE',  ( 0.7834936499999990422, 1.533333333333333659, -0.4523502697358622870 ) ) ;
#1121 = EDGE_CURVE ( 'NONE', #1924, #428, #2115, .T. ) ;
#1122 = ORIENTED_EDGE ( 'NONE', *, *, #1789, .T. ) ;
#1123 = CARTESIAN_POINT ( 'NONE',  ( 2.687344945040139705E-16, -1.174999999453762323, 1.154700538379250574 ) ) ;
#1124 = CARTESIAN_POINT ( 'NONE',  ( 1.575398759072956151E-17, 4.075000000546237899, 1.154700538379250574 ) ) ;
#1125 = CARTESIAN_POINT ( 'NONE',  ( 0.7834936499999991533, -0.8666666666666665853, -0.4523502697358622870 ) ) ;
#1126 =( BOUNDED_CURVE ( )  B_SPLINE_CURVE ( 2, ( #2321, #2828, #1098, #3134, #430, #1838, #2096 ),
 .UNSPECIFIED., .F., .T. ) 
 B_SPLINE_CURVE_WITH_KNOTS ( ( 3, 2, 2, 3 ),
 ( 0.2727272727272727071, 0.2803030303030302761, 0.2878787878787879007, 0.2954545454545454697 ),
 .UNSPECIFIED. ) 
 CURVE ( )  GEOMETRIC_REPRESENTATION_ITEM ( )  RATIONAL_B_SPLINE_CURVE ( ( 1.000000000000000000, 0.8660254037844387076, 1.000000000000000000, 0.8660254037844387076, 1.000000000000000000, 0.8660254037844387076, 1.000000000000000000 ) ) 
 REPRESENTATION_ITEM ( '' )  );
#1127 = CARTESIAN_POINT ( 'NONE',  ( -5.546831784161911089E-17, 4.600000000000000533, 0.9047005394717241300 ) ) ;
#1128 = CARTESIAN_POINT ( 'NONE',  ( -0.9999999999999991118, -2.058333332787096293, -0.5773502691896251759 ) ) ;
#1129 = CARTESIAN_POINT ( 'NONE',  ( 0.9999999999999996669, 0.09166666721290450681, 0.5773502691896250649 ) ) ;
#1130 = CARTESIAN_POINT ( 'NONE',  ( 0.7834936499999993753, 2.766666667759142495, 0.4523502697358617874 ) ) ;
#1131 = PRESENTATION_STYLE_ASSIGNMENT (( #2881 ) ) ;
#1133 = ORIENTED_EDGE ( 'NONE', *, *, #186, .T. ) ;
#1132 = DIRECTION ( 'NONE',  ( -4.818676322157797005E-17, 1.000000000000000000, -0.000000000000000000 ) ) ;
#1134 = ORIENTED_EDGE ( 'NONE', *, *, #3141, .T. ) ;
#1135 = CARTESIAN_POINT ( 'NONE',  ( 0.9999999999999993339, -0.6416666661204287747, -0.5773502691896257311 ) ) ;
#1136 = DIRECTION ( 'NONE',  ( -4.818676322157797005E-17, 1.000000000000000000, -0.000000000000000000 ) ) ;
#1137 = CARTESIAN_POINT ( 'NONE',  ( 0.9999999999999991118, 1.408333333879571159, -0.5773502691896257311 ) ) ;
#1138 = VECTOR ( 'NONE', #321, 1000.000000000000000 ) ;
#1139 = CARTESIAN_POINT ( 'NONE',  ( 0.9999999999999993339, 3.775000000546237633, -1.224646799147352468E-16 ) ) ;
#1140 = CARTESIAN_POINT ( 'NONE',  ( 1.338115574835955533E-16, 1.625000000546238166, 1.154700538379250574 ) ) ;
#1141 = CARTESIAN_POINT ( 'NONE',  ( -0.7834936499999994863, 0.6000000010924757543, 0.000000000000000000 ) ) ;
#1142 = VERTEX_POINT ( 'NONE', #1001 ) ;
#1143 = CARTESIAN_POINT ( 'NONE',  ( 2.494597892153827258E-16, -0.7749999994537621895, 1.154700538379250574 ) ) ;
#1144 = CARTESIAN_POINT ( 'NONE',  ( -0.9999999999999990008, 2.808333333879570848, 0.5773502691896258421 ) ) ;
#1145 = CARTESIAN_POINT ( 'NONE',  ( -0.3917468249999996877, -1.966666666666667007, -0.6785254046037930697 ) ) ;
#1146 = CARTESIAN_POINT ( 'NONE',  ( -0.3917468249999999652, 3.233333333333333837, -0.6785254046037930697 ) ) ;
#1147 = CARTESIAN_POINT ( 'NONE',  ( -0.4999999999999992784, 4.791666667212904684, 0.8660254037844384856 ) ) ;
#1148 = DIRECTION ( 'NONE',  ( -1.000000000000000000, 0.000000000000000000, 0.000000000000000000 ) ) ;
#1149 = CARTESIAN_POINT ( 'NONE',  ( -1.758638390991343169E-16, 2.500000001092475888, -0.9047005394717241300 ) ) ;
#1151 = ORIENTED_EDGE ( 'NONE', *, *, #2250, .F. ) ;
#1150 = DIRECTION ( 'NONE',  ( -1.000000000000000000, 0.000000000000000000, 0.000000000000000000 ) ) ;
#1152 = EDGE_LOOP ( 'NONE', ( #2873, #2272, #3042 ) ) ;
#1153 = AXIS2_PLACEMENT_3D ( 'NONE', #1974, #2184, #2963 ) ;
#1154 =( BOUNDED_CURVE ( )  B_SPLINE_CURVE ( 2, ( #2025, #1784, #3017, #620, #2513, #2572, #2590 ),
 .UNSPECIFIED., .F., .T. ) 
 B_SPLINE_CURVE_WITH_KNOTS ( ( 3, 2, 2, 3 ),
 ( 0.3863636363636362980, 0.3939393939393938671, 0.4015151515151514361, 0.4090909090909090606 ),
 .UNSPECIFIED. ) 
 CURVE ( )  GEOMETRIC_REPRESENTATION_ITEM ( )  RATIONAL_B_SPLINE_CURVE ( ( 1.000000000000000888, 0.8660254037844377084, 1.000000000000000000, 0.8660254037844387076, 1.000000000000000000, 0.8660254037844397068, 0.9999999999999990008 ) ) 
 REPRESENTATION_ITEM ( '' )  );
#1155 = CARTESIAN_POINT ( 'NONE',  ( -0.4999999999999991673, 0.7916666672129045734, 0.8660254037844384856 ) ) ;
#1156 = CARTESIAN_POINT ( 'NONE',  ( 0.5000000000000001110, 0.1083333338795710865, 0.8660254037844379305 ) ) ;
#1157 = CARTESIAN_POINT ( 'NONE',  ( -0.4999999999999991673, 2.441666667212904152, 0.8660254037844384856 ) ) ;
#1158 = CARTESIAN_POINT ( 'NONE',  ( -0.9999999999999993339, 3.175000000546237988, 0.000000000000000000 ) ) ;
#1159 = CARTESIAN_POINT ( 'NONE',  ( 0.5000000000000000000, 2.858333333879571558, 0.8660254037844379305 ) ) ;
#1160 = CARTESIAN_POINT ( 'NONE',  ( -0.7834936499999993753, 1.366666667759142140, -0.4523502697358619540 ) ) ;
#1161 = ORIENTED_EDGE ( 'NONE', *, *, #223, .T. ) ;
#1162 = CARTESIAN_POINT ( 'NONE',  ( 0.5000000000000001110, -1.541666666120429241, 0.8660254037844379305 ) ) ;
#1163 = CARTESIAN_POINT ( 'NONE',  ( 0.5000000000000000000, 2.108333333879571114, 0.8660254037844379305 ) ) ;
#1164 = CARTESIAN_POINT ( 'NONE',  ( -0.4999999999999992784, 5.241666667212904862, 0.8660254037844384856 ) ) ;
#1165 = CARTESIAN_POINT ( 'NONE',  ( 1.241715061590681277E-17, -1.724999999453761701, -1.154700538379250574 ) ) ;
#1166 = FACE_OUTER_BOUND ( 'NONE', #327, .T. ) ;
#1167 = ORIENTED_EDGE ( 'NONE', *, *, #395, .F. ) ;
#1168 = ORIENTED_EDGE ( 'NONE', *, *, #1399, .T. ) ;
#1169 = CARTESIAN_POINT ( 'NONE',  ( 0.9999999999999993339, -0.2749999994537616899, -1.224646799147352468E-16 ) ) ;
#1170 = CARTESIAN_POINT ( 'NONE',  ( -0.9999999999999993339, 1.541666667212904462, -0.5773502691896251759 ) ) ;
#1171 = CARTESIAN_POINT ( 'NONE',  ( -0.9999999999999988898, 2.808333333879570848, 0.5773502691896259531 ) ) ;
#1172 = CARTESIAN_POINT ( 'NONE',  ( 7.598744161770200405E-17, 2.825000000546238343, 1.154700538379250574 ) ) ;
#1173 = CARTESIAN_POINT ( 'NONE',  ( -0.3917468249999991325, -0.1333333322408583321, 0.6785254046037934028 ) ) ;
#1174 = CARTESIAN_POINT ( 'NONE',  ( 0.9999999999999995559, -0.6749999994537618786, -1.224646799147352468E-16 ) ) ;
#1175 = CARTESIAN_POINT ( 'NONE',  ( -0.9999999999999993339, 0.7416666672129040849, -0.5773502691896251759 ) ) ;
#1176 = CARTESIAN_POINT ( 'NONE',  ( -0.2099364907922925405, -1.982136720504602101, -0.7834936500000685422 ) ) ;
#1177 = CARTESIAN_POINT ( 'NONE',  ( 0.4999999999999997780, 6.058333333879571292, 0.8660254037844379305 ) ) ;
#1178 = DIRECTION ( 'NONE',  ( -4.818676322157797005E-17, 1.000000000000000000, -0.000000000000000000 ) ) ;
#1180 = VERTEX_POINT ( 'NONE', #1541 ) ;
#1179 = CARTESIAN_POINT ( 'NONE',  ( 0.2222747465281365853, 4.363591759609003695, 0.8411279468923392733 ) ) ;
#1181 = VERTEX_POINT ( 'NONE', #1526 ) ;
#1182 = CARTESIAN_POINT ( 'NONE',  ( 0.9999999999999993339, -1.041666666120428797, -0.5773502691896257311 ) ) ;
#1183 = CARTESIAN_POINT ( 'NONE',  ( -0.7834936499999960446, 2.166666667759141962, -0.4523502697358639524 ) ) ;
#1184 = CARTESIAN_POINT ( 'NONE',  ( 0.4999999999999994449, -0.1583333327870957152, -0.8660254037844381525 ) ) ;
#1185 = CARTESIAN_POINT ( 'NONE',  ( -0.7834936499999995974, 4.500000000000000888, 0.000000000000000000 ) ) ;
#1186 = CARTESIAN_POINT ( 'NONE',  ( -0.3917468249999991881, 1.066666667759142317, 0.6785254046037934028 ) ) ;
#1187 = CARTESIAN_POINT ( 'NONE',  ( -0.7778787182966554470, 0.2127933271912712809, 0.1401956610385503565 ) ) ;
#1188 = CARTESIAN_POINT ( 'NONE',  ( 0.9999999999999996669, 2.141666667212904329, 0.5773502691896249539 ) ) ;
#1189 = CARTESIAN_POINT ( 'NONE',  ( -3.345275445794545861E-16, 5.475000000546238255, -1.154700538379250574 ) ) ;
#1190 = CARTESIAN_POINT ( 'NONE',  ( 3.048745669201973695E-16, -1.924999999453762323, 1.154700538379250574 ) ) ;
#1191 = CARTESIAN_POINT ( 'NONE',  ( -0.3917468249999998542, 0.4333333333333332926, -0.6785254046037930697 ) ) ;
#1193 = ORIENTED_EDGE ( 'NONE', *, *, #653, .T. ) ;
#1192 = CARTESIAN_POINT ( 'NONE',  ( -0.7834936499999994863, 1.000000001092474999, 0.000000000000000000 ) ) ;
#1194 = CARTESIAN_POINT ( 'NONE',  ( 0.9999999999999991118, 0.1583333338795716583, -0.5773502691896257311 ) ) ;
#1195 = DIRECTION ( 'NONE',  ( -1.000000000000000000, 0.000000000000000000, 0.000000000000000000 ) ) ;
#1196 = CARTESIAN_POINT ( 'NONE',  ( 0.9999999999999993339, 0.5750000005462375663, -1.224646799147352468E-16 ) ) ;
#1197 = DIRECTION ( 'NONE',  ( -4.818676322157797005E-17, 1.000000000000000000, -0.000000000000000000 ) ) ;
#1198 = PRESENTATION_LAYER_ASSIGNMENT (  '', '', ( #2020 ) ) ;
#1199 = CARTESIAN_POINT ( 'NONE',  ( 0.7834936499999991533, -0.3666666655741910863, -0.4523502697358622870 ) ) ;
#1200 = CARTESIAN_POINT ( 'NONE',  ( 0.7455287738554706722, 0.05190607167819390882, 0.5908730961594388376 ) ) ;
#1201 = CARTESIAN_POINT ( 'NONE',  ( -0.4999999999999998890, 1.108333333879571114, -0.8660254037844380415 ) ) ;
#1202 = CARTESIAN_POINT ( 'NONE',  ( 0.4999999999999991673, 5.841666667212904507, -0.8660254037844381525 ) ) ;
#1203 = CARTESIAN_POINT ( 'NONE',  ( -0.9999999999999996669, 4.691666667212905040, -0.5773502691896251759 ) ) ;
#1204 = FACE_BOUND ( 'NONE', #2030, .T. ) ;
#1206 = ORIENTED_EDGE ( 'NONE', *, *, #2250, .T. ) ;
#1205 = DIRECTION ( 'NONE',  ( -1.000000000000000000, 0.000000000000000000, 0.000000000000000000 ) ) ;
#1207 = ADVANCED_FACE ( 'NONE', ( #2548 ), #1487, .F. ) ;
#1208 = CARTESIAN_POINT ( 'NONE',  ( -0.9999999999999991118, -2.074999999453762900, 0.000000000000000000 ) ) ;
#1209 = CARTESIAN_POINT ( 'NONE',  ( 0.9999999999999995559, -0.6249999994537621673, -1.224646799147352468E-16 ) ) ;
#1210 = ORIENTED_EDGE ( 'NONE', *, *, #3069, .T. ) ;
#1211 = CARTESIAN_POINT ( 'NONE',  ( -0.4006149730598178027, 0.1612555461725407313, -0.7699569587082881750 ) ) ;
#1212 = EDGE_CURVE ( 'NONE', #668, #1097, #2522, .T. ) ;
#1213 = CARTESIAN_POINT ( 'NONE',  ( 0.9999999999999995559, -1.874999999453762500, -1.224646799147352468E-16 ) ) ;
#1214 = CARTESIAN_POINT ( 'NONE',  ( 0.9999999999999995559, -0.6249999994537621673, -1.224646799147352468E-16 ) ) ;
#1215 = CARTESIAN_POINT ( 'NONE',  ( -0.4999999999999992784, 4.441666667212905040, 0.8660254037844384856 ) ) ;
#1216 = EDGE_CURVE ( 'NONE', #1378, #83, #282, .T. ) ;
#1217 = PRODUCT_DEFINITION ( 'UNKNOWN', '', #695, #1434 ) ;
#1218 = CARTESIAN_POINT ( 'NONE',  ( -2.935687958411132527E-16, 4.625000000546238610, -1.154700538379250574 ) ) ;
#1219 = CARTESIAN_POINT ( 'NONE',  ( 0.9999999999999990008, 5.408333333879570937, -0.5773502691896257311 ) ) ;
#1220 = ORIENTED_EDGE ( 'NONE', *, *, #962, .T. ) ;
#1221 = CARTESIAN_POINT ( 'NONE',  ( -4.448216511645464727E-18, -1.374999999453762056, -1.154700538379250574 ) ) ;
#1222 = CYLINDRICAL_SURFACE ( 'NONE', #884, 0.7834936499999993753 ) ;
#1223 = CARTESIAN_POINT ( 'NONE',  ( -0.9999999999999991118, -1.224999999453761923, 0.000000000000000000 ) ) ;
#1224 =( BOUNDED_CURVE ( )  B_SPLINE_CURVE ( 2, ( #1930, #2920, #927, #2469, #1240 ),
 .UNSPECIFIED., .F., .T. ) 
 B_SPLINE_CURVE_WITH_KNOTS ( ( 3, 2, 3 ),
 ( 0.2176866192669260625, 0.2196969696969696961, 0.2272727272727272929 ),
 .UNSPECIFIED. ) 
 CURVE ( )  GEOMETRIC_REPRESENTATION_ITEM ( )  RATIONAL_B_SPLINE_CURVE ( ( 0.9477641070318438832, 0.9644476629005723778, 1.000000000000000000, 0.8660254037844381525, 1.000000000000000444 ) ) 
 REPRESENTATION_ITEM ( '' )  );
#1225 = VERTEX_POINT ( 'NONE', #341 ) ;
#1226 = FACE_OUTER_BOUND ( 'NONE', #702, .T. ) ;
#1227 = CARTESIAN_POINT ( 'NONE',  ( 0.7834936499999991533, -1.566666665574191653, -0.4523502697358622870 ) ) ;
#1228 = CARTESIAN_POINT ( 'NONE',  ( -0.9999999999999991118, -1.708333332787095094, -0.5773502691896251759 ) ) ;
#1229 = CARTESIAN_POINT ( 'NONE',  ( 0.9999999999999995559, -1.024999999453762412, -1.224646799147352468E-16 ) ) ;
#1230 = CARTESIAN_POINT ( 'NONE',  ( 0.4999999999999998890, 3.708333333879570759, 0.8660254037844379305 ) ) ;
#1231 = AXIS2_PLACEMENT_3D ( 'NONE', #1967, #2419, #203 ) ;
#1232 = CARTESIAN_POINT ( 'NONE',  ( 0.4999999999999992784, 2.991666667212904862, -0.8660254037844381525 ) ) ;
#1233 = CARTESIAN_POINT ( 'NONE',  ( 0.4999999999999997780, 5.708333333879570759, 0.8660254037844379305 ) ) ;
#1234 = CARTESIAN_POINT ( 'NONE',  ( 0.7912885876677159258, 4.477752573057419028, 0.6978498592826158919 ) ) ;
#1236 = VERTEX_POINT ( 'NONE', #2531 ) ;
#1235 = CARTESIAN_POINT ( 'NONE',  ( 0.3917468249999996877, 6.233333333333333393, 0.6785254046037929587 ) ) ;
#1237 = AXIS2_PLACEMENT_3D ( 'NONE', #3022, #2043, #2774 ) ;
#1238 = CARTESIAN_POINT ( 'NONE',  ( -0.9999999999999993339, 2.325000000546238343, 0.000000000000000000 ) ) ;
#1239 = CARTESIAN_POINT ( 'NONE',  ( 0.9999999999999993339, -1.441666666120429152, -0.5773502691896257311 ) ) ;
#1240 = CARTESIAN_POINT ( 'NONE',  ( -0.7834936499999995974, 4.200000001092475621, 0.000000000000000000 ) ) ;
#1241 = CARTESIAN_POINT ( 'NONE',  ( 0.9999999999999993339, -1.391666666120429330, -0.5773502691896257311 ) ) ;
#1242 = CARTESIAN_POINT ( 'NONE',  ( -0.9999999999999995559, 6.325000000546237899, 0.000000000000000000 ) ) ;
#1243 = EDGE_CURVE ( 'NONE', #1142, #3093, #723, .T. ) ;
#1244 = CARTESIAN_POINT ( 'NONE',  ( 0.7834936499999993753, -0.7999999989075243789, -9.595029906247759787E-17 ) ) ;
#1245 = CARTESIAN_POINT ( 'NONE',  ( 0.3917468249999999652, 0.3333333344258089803, 0.6785254046037929587 ) ) ;
#1246 = AXIS2_PLACEMENT_3D ( 'NONE', #507, #462, #1455 ) ;
#1247 = CARTESIAN_POINT ( 'NONE',  ( 2.085010404770414417E-16, 0.07500000054623794099, 1.154700538379250574 ) ) ;
#1248 = CARTESIAN_POINT ( 'NONE',  ( -0.5000000000000000000, 3.508333333879571470, -0.8660254037844380415 ) ) ;
#1249 = CARTESIAN_POINT ( 'NONE',  ( -0.9999999999999993339, 3.891666667212905217, -0.5773502691896251759 ) ) ;
#1250 = CARTESIAN_POINT ( 'NONE',  ( -8.061953885242639091E-17, 6.075000000546237899, 1.154700538379250574 ) ) ;
#1251 = CARTESIAN_POINT ( 'NONE',  ( -1.111379536822743912E-18, 4.425000000546238432, 1.154700538379250796 ) ) ;
#1253 = CARTESIAN_POINT ( 'NONE',  ( -0.9269991342791077393, 4.426999134279138381, 0.1571198618569974170 ) ) ;
#1252 = CARTESIAN_POINT ( 'NONE',  ( 0.3917468249999992436, 5.566666666666667318, -0.6785254046037930697 ) ) ;
#1254 = CARTESIAN_POINT ( 'NONE',  ( -0.4999999999999998890, 2.258333333879571025, -0.8660254037844380415 ) ) ;
#1255 = CARTESIAN_POINT ( 'NONE',  ( -3.493361866968150263E-16, 6.100000001092475976, -0.9047005394717241300 ) ) ;
#1256 = CARTESIAN_POINT ( 'NONE',  ( 0.7834936499999991533, 4.500000000000000888, 9.595029906247759787E-17 ) ) ;
#1257 = CARTESIAN_POINT ( 'NONE',  ( 3.298753501320250188E-13, -2.124999999453784927, -0.9999999999999994449 ) ) ;
#1258 = CARTESIAN_POINT ( 'NONE',  ( 1.892263351884102217E-16, 0.4750000005462381436, 1.154700538379250796 ) ) ;
#1259 = CARTESIAN_POINT ( 'NONE',  ( -0.9999999999999991118, 4.358333333879571114, 0.5773502691896258421 ) ) ;
#1260 = CARTESIAN_POINT ( 'NONE',  ( 2.288335851130481639E-16, -1.299999998907524823, 0.9047005394717241300 ) ) ;
#1261 = CARTESIAN_POINT ( 'NONE',  ( -0.3917468249999991881, 0.6666666677591420731, 0.6785254046037934028 ) ) ;
#1262 = CARTESIAN_POINT ( 'NONE',  ( 0.4999999999999992784, 3.841666667212904507, -0.8660254037844381525 ) ) ;
#1263 = CARTESIAN_POINT ( 'NONE',  ( 0.9999999999999996669, 3.291666667212904684, 0.5773502691896249539 ) ) ;
#1264 = CARTESIAN_POINT ( 'NONE',  ( 0.2983992204920183355, 0.2253904819345183552, 0.7324196691946829318 ) ) ;
#1265 = CARTESIAN_POINT ( 'NONE',  ( 0.3917468249999992991, 4.066666667759141873, -0.6785254046037930697 ) ) ;
#1267 = CARTESIAN_POINT ( 'NONE',  ( -0.4569875532995013034, 4.464251071077498523, 0.8527369320172848433 ) ) ;
#1266 = CARTESIAN_POINT ( 'NONE',  ( 0.7834936499999992643, 5.466666666666667673, 0.4523502697358617874 ) ) ;
#1268 = CARTESIAN_POINT ( 'NONE',  ( -0.9999999999999988898, 3.558333333879570848, 0.5773502691896259531 ) ) ;
#1269 = CARTESIAN_POINT ( 'NONE',  ( 0.5000000000000001110, -1.541666666120429241, 0.8660254037844379305 ) ) ;
#1270 = CARTESIAN_POINT ( 'NONE',  ( 1.681182693810502051E-17, 3.100000001092475088, 0.9047005394717241300 ) ) ;
#1271 = CARTESIAN_POINT ( 'NONE',  ( -0.7834936499999994863, 2.600000001092475532, 0.000000000000000000 ) ) ;
#1272 = CARTESIAN_POINT ( 'NONE',  ( -0.4999999999999998890, 1.508333333879571247, -0.8660254037844380415 ) ) ;
#1273 = CARTESIAN_POINT ( 'NONE',  ( -0.9999999999999995559, 5.925000000546238432, 0.000000000000000000 ) ) ;
#1274 = DIRECTION ( 'NONE',  ( -4.818676322157797005E-17, 1.000000000000000000, -0.000000000000000000 ) ) ;
#1275 = CARTESIAN_POINT ( 'NONE',  ( -1.399999999999999689, 4.500000000000000888, 0.000000000000000000 ) ) ;
#1276 = CARTESIAN_POINT ( 'NONE',  ( -2.381540181362986090E-16, 3.475000000546237811, -1.154700538379250574 ) ) ;
#1277 = CARTESIAN_POINT ( 'NONE',  ( 0.9999999999999991118, 1.758333333879571470, -0.5773502691896257311 ) ) ;
#1278 = CARTESIAN_POINT ( 'NONE',  ( 0.9999999999999993339, 5.341666667212905395, 0.5773502691896249539 ) ) ;
#1279 = CARTESIAN_POINT ( 'NONE',  ( 7.463594280399857594E-17, 1.900000001092475799, 0.9047005394717241300 ) ) ;
#1281 = CARTESIAN_POINT ( 'NONE',  ( -2.336879549650278538E-16, 3.700000001092475621, -0.9047005394717241300 ) ) ;
#1280 = CARTESIAN_POINT ( 'NONE',  ( -0.3917468250000000762, 5.633333333333333748, -0.6785254046037930697 ) ) ;
#1282 = AXIS2_PLACEMENT_3D ( 'NONE', #2302, #537, #2286 ) ;
#1283 = CARTESIAN_POINT ( 'NONE',  ( -0.9999999999999988898, 2.358333333879571558, 0.5773502691896259531 ) ) ;
#1284 = CARTESIAN_POINT ( 'NONE',  ( 0.3917468249999998542, 3.133333334425808747, 0.6785254046037929587 ) ) ;
#1285 = CYLINDRICAL_SURFACE ( 'NONE', #833, 0.7834936499999993753 ) ;
#1286 = DIRECTION ( 'NONE',  ( 1.000000000000000000, 4.818676322157796389E-17, 0.000000000000000000 ) ) ;
#1287 = CARTESIAN_POINT ( 'NONE',  ( 0.5000000000000000000, 2.108333333879571114, 0.8660254037844379305 ) ) ;
#1288 = CARTESIAN_POINT ( 'NONE',  ( 0.9999999999999993339, 6.091666667212905395, 0.5773502691896249539 ) ) ;
#1289 = AXIS2_PLACEMENT_3D ( 'NONE', #3077, #1856, #1594 ) ;
#1290 = CARTESIAN_POINT ( 'NONE',  ( 1.324600586698921868E-16, 0.7000000010924751770, 0.9047005394717241300 ) ) ;
#1291 = EDGE_CURVE ( 'NONE', #2883, #717, #104, .T. ) ;
#1292 = CARTESIAN_POINT ( 'NONE',  ( -0.7834936499999992643, 2.533333333333333659, 0.4523502697358625091 ) ) ;
#1293 = CARTESIAN_POINT ( 'NONE',  ( -0.9999999999999990008, 1.958333333879571203, 0.5773502691896258421 ) ) ;
#1294 = CARTESIAN_POINT ( 'NONE',  ( 0.9999999999999993339, 4.541666667212903796, 0.5773502691896249539 ) ) ;
#1295 = CARTESIAN_POINT ( 'NONE',  ( -0.9999999999999996669, 4.291666667212904684, -0.5773502691896252870 ) ) ;
#1296 = CARTESIAN_POINT ( 'NONE',  ( -0.7834936499999997084, 6.500000000000000888, 0.000000000000000000 ) ) ;
#1297 = CARTESIAN_POINT ( 'NONE',  ( -0.5000000000000000000, 3.858333333879571558, -0.8660254037844380415 ) ) ;
#1298 = CARTESIAN_POINT ( 'NONE',  ( -0.7834936499999995974, 4.200000001092475621, 0.000000000000000000 ) ) ;
#1299 = CARTESIAN_POINT ( 'NONE',  ( -2.095945733015960636E-16, 3.200000000000000622, -0.9047005394717241300 ) ) ;
#1300 = CARTESIAN_POINT ( 'NONE',  ( 0.9999999999999995559, -1.824999999453762678, -1.224646799147352468E-16 ) ) ;
#1301 = ORIENTED_EDGE ( 'NONE', *, *, #876, .F. ) ;
#1302 = EDGE_CURVE ( 'NONE', #142, #1142, #1913, .T. ) ;
#1303 = CARTESIAN_POINT ( 'NONE',  ( 0.9999999999999993339, 0.1750000005462373498, -1.224646799147352468E-16 ) ) ;
#1304 = CARTESIAN_POINT ( 'NONE',  ( 0.9999999999999993339, 1.775000000546238077, -1.224646799147352468E-16 ) ) ;
#1305 = CARTESIAN_POINT ( 'NONE',  ( -0.9999999999999991118, 5.158333333879571825, 0.5773502691896258421 ) ) ;
#1306 = CARTESIAN_POINT ( 'NONE',  ( -0.7834936499999992643, 1.433333334425808125, 0.4523502697358623981 ) ) ;
#1307 = DIRECTION ( 'NONE',  ( 1.000000000000000000, 4.818676322157796389E-17, 0.000000000000000000 ) ) ;
#1308 = CARTESIAN_POINT ( 'NONE',  ( -0.7834936499999993753, 1.266666666666666829, -0.4523502697358619540 ) ) ;
#1309 = CARTESIAN_POINT ( 'NONE',  ( 0.9999999999999996669, 2.091666667212904951, 0.5773502691896249539 ) ) ;
#1310 = EDGE_CURVE ( 'NONE', #2123, #2095, #1702, .T. ) ;
#1311 = CARTESIAN_POINT ( 'NONE',  ( 0.5000000000000000000, 2.908333333879570937, 0.8660254037844379305 ) ) ;
#1312 = EDGE_CURVE ( 'NONE', #2135, #1180, #2586, .T. ) ;
#1313 = CARTESIAN_POINT ( 'NONE',  ( -7.467163628117775732E-17, 0.4000000000000001887, -0.9047005394717241300 ) ) ;
#1314 = CARTESIAN_POINT ( 'NONE',  ( 0.7834936499999992643, 3.100000000000000533, -9.595029906247759787E-17 ) ) ;
#1315 = CARTESIAN_POINT ( 'NONE',  ( 0.5000000000000001110, 0.4583333338795715362, 0.8660254037844379305 ) ) ;
#1316 = CARTESIAN_POINT ( 'NONE',  ( 0.7834936499999992643, 3.566666667759142317, 0.4523502697358617874 ) ) ;
#1317 = CARTESIAN_POINT ( 'NONE',  ( -0.2738162585830125617, 4.370673355549129724, -0.8340998410680031672 ) ) ;
#1318 = DIRECTION ( 'NONE',  ( -1.000000000000000000, -4.818676322157796389E-17, 0.000000000000000000 ) ) ;
#1319 = ORIENTED_EDGE ( 'NONE', *, *, #2492, .F. ) ;
#1320 = CARTESIAN_POINT ( 'NONE',  ( 0.9999999999999996669, 0.5416666672129043514, 0.5773502691896249539 ) ) ;
#1321 = CARTESIAN_POINT ( 'NONE',  ( 0.4999999999999993339, 1.441666667212904152, -0.8660254037844381525 ) ) ;
#1322 = CARTESIAN_POINT ( 'NONE',  ( -3.321182064183756435E-16, 5.425000000546239320, -1.154700538379250574 ) ) ;
#1323 = CARTESIAN_POINT ( 'NONE',  ( -0.7834936499999997084, 2.966666667759143561, -0.4523502697358619540 ) ) ;
#1324 = CARTESIAN_POINT ( 'NONE',  ( -0.3917468249999992991, 2.566666666666666874, 0.6785254046037934028 ) ) ;
#1325 = CARTESIAN_POINT ( 'NONE',  ( 0.5000000000000000000, 2.458333333879571647, 0.8660254037844379305 ) ) ;
#1326 = CARTESIAN_POINT ( 'NONE',  ( 0.4999999999999998890, 4.108333333879571114, 0.8660254037844379305 ) ) ;
#1327 = CARTESIAN_POINT ( 'NONE',  ( 0.3917468250000000207, 0.2333333333333336701, 0.6785254046037929587 ) ) ;
#1328 = CARTESIAN_POINT ( 'NONE',  ( 2.355798024274468039E-18, 3.400000000000000355, 0.9047005394717241300 ) ) ;
#1329 = CARTESIAN_POINT ( 'NONE',  ( 0.9999999999999993339, 0.9250000005462379882, -1.224646799147352468E-16 ) ) ;
#1330 = CARTESIAN_POINT ( 'NONE',  ( 0.3917468249999992991, 4.066666667759141873, -0.6785254046037930697 ) ) ;
#1331 = VERTEX_POINT ( 'NONE', #1079 ) ;
#1332 = ORIENTED_EDGE ( 'NONE', *, *, #305, .T. ) ;
#1333 = CIRCLE ( 'NONE', #420, 1.399999999999999467 ) ;
#1334 = CARTESIAN_POINT ( 'NONE',  ( -0.7834936499999995974, 4.500000000000000888, 0.000000000000000000 ) ) ;
#1335 = CARTESIAN_POINT ( 'NONE',  ( -2.550193852638509112E-16, 3.825000000546238343, -1.154700538379250574 ) ) ;
#1336 = CARTESIAN_POINT ( 'NONE',  ( -0.9999999999999993339, 2.375000000546237722, 0.000000000000000000 ) ) ;
#1337 = CARTESIAN_POINT ( 'NONE',  ( 0.4999999999999992784, 3.441666667212904596, -0.8660254037844381525 ) ) ;
#1339 = CARTESIAN_POINT ( 'NONE',  ( 1.145368521949643826E-16, 2.025000000546238521, 1.154700538379250574 ) ) ;
#1338 = AXIS2_PLACEMENT_3D ( 'NONE', #1068, #2782, #798 ) ;
#1340 = EDGE_CURVE ( 'NONE', #3041, #2135, #1741, .T. ) ;
#1341 = CARTESIAN_POINT ( 'NONE',  ( 0.7834936499999990422, 2.333333333333333925, -0.4523502697358622870 ) ) ;
#1342 = DIRECTION ( 'NONE',  ( -4.818676322157797005E-17, 1.000000000000000000, -0.000000000000000000 ) ) ;
#1343 = EDGE_CURVE ( 'NONE', #2407, #83, #486, .T. ) ;
#1344 = CARTESIAN_POINT ( 'NONE',  ( 0.9999999999999993339, 1.325000000546238121, -1.224646799147352468E-16 ) ) ;
#1345 = CARTESIAN_POINT ( 'NONE',  ( -0.4999999999999992784, 4.441666667212905040, 0.8660254037844384856 ) ) ;
#1346 = CARTESIAN_POINT ( 'NONE',  ( 0.7834936499999993753, -0.09999999999999939493, -9.595029906247759787E-17 ) ) ;
#1347 =( BOUNDED_CURVE ( )  B_SPLINE_CURVE ( 2, ( #16, #59, #1009, #1753, #1490, #2770, #560 ),
 .UNSPECIFIED., .F., .T. ) 
 B_SPLINE_CURVE_WITH_KNOTS ( ( 3, 2, 2, 3 ),
 ( 0.3863636363636363535, 0.3939393939393939226, 0.4015151515151514916, 0.4090909090909091161 ),
 .UNSPECIFIED. ) 
 CURVE ( )  GEOMETRIC_REPRESENTATION_ITEM ( )  RATIONAL_B_SPLINE_CURVE ( ( 1.000000000000000000, 0.8660254037844387076, 1.000000000000000000, 0.8660254037844387076, 1.000000000000000000, 0.8660254037844387076, 1.000000000000000000 ) ) 
 REPRESENTATION_ITEM ( '' )  );
#1348 = CARTESIAN_POINT ( 'NONE',  ( -0.7834936499999995974, 3.300000000000000266, 0.000000000000000000 ) ) ;
#1349 = CARTESIAN_POINT ( 'NONE',  ( -1.008217429548013971E-16, 0.6250000005462380548, -1.154700538379250796 ) ) ;
#1350 = CARTESIAN_POINT ( 'NONE',  ( 0.7834936499999989312, 3.233333334425808392, -0.4523502697358622870 ) ) ;
#1351 =( NAMED_UNIT ( * ) SI_UNIT ( $, .STERADIAN. ) SOLID_ANGLE_UNIT ( ) );
#1352 = EDGE_LOOP ( 'NONE', ( #969, #1064, #2287, #924 ) ) ;
#1353 = EDGE_CURVE ( 'NONE', #428, #2095, #2511, .T. ) ;
#1354 = CYLINDRICAL_SURFACE ( 'NONE', #1659, 0.7834936499999993753 ) ;
#1355 = CARTESIAN_POINT ( 'NONE',  ( 0.4999999999999998890, 3.658333333879571381, 0.8660254037844379305 ) ) ;
#1356 = CARTESIAN_POINT ( 'NONE',  ( -1.996046075590362675E-16, 2.675000000546237544, -1.154700538379250574 ) ) ;
#1357 = CARTESIAN_POINT ( 'NONE',  ( -1.996046075590362675E-16, 2.675000000546237988, -1.154700538379250796 ) ) ;
#1358 = CARTESIAN_POINT ( 'NONE',  ( -0.4999999999999991673, 1.591666667212904951, 0.8660254037844384856 ) ) ;
#1359 = CARTESIAN_POINT ( 'NONE',  ( -0.7834936499999993753, 2.066666666666667318, -0.4523502697358619540 ) ) ;
#1360 = DIRECTION ( 'NONE',  ( -4.818676322157797005E-17, 1.000000000000000000, -0.000000000000000000 ) ) ;
#1361 = VERTEX_POINT ( 'NONE', #755 ) ;
#1362 = CARTESIAN_POINT ( 'NONE',  ( 2.109103786381203350E-16, 0.02500000054623825047, 1.154700538379250574 ) ) ;
#1363 = CARTESIAN_POINT ( 'NONE',  ( 0.9999999999999991118, 4.975000000546237366, -1.224646799147352468E-16 ) ) ;
#1364 = CARTESIAN_POINT ( 'NONE',  ( -0.3917468249999997987, -0.7666666666666663854, -0.6785254046037930697 ) ) ;
#1365 = CARTESIAN_POINT ( 'NONE',  ( -0.3917468249999993546, 4.566666666666666430, 0.6785254046037934028 ) ) ;
#1366 = CARTESIAN_POINT ( 'NONE',  ( -0.4999999999999989453, -1.958333332787095316, 0.8660254037844384856 ) ) ;
#1367 = CARTESIAN_POINT ( 'NONE',  ( 0.9999999999999996669, 0.4916666672129046955, 0.5773502691896250649 ) ) ;
#1368 = CARTESIAN_POINT ( 'NONE',  ( -0.7834936499999992643, 1.833333334425808481, 0.4523502697358625091 ) ) ;
#1370 = ORIENTED_EDGE ( 'NONE', *, *, #115, .T. ) ;
#1369 = DIRECTION ( 'NONE',  ( 1.000000000000000000, 4.818676322157796389E-17, 0.000000000000000000 ) ) ;
#1371 = VERTEX_POINT ( 'NONE', #514 ) ;
#1372 = CARTESIAN_POINT ( 'NONE',  ( -0.9999999999999991118, -1.308333332787095848, -0.5773502691896251759 ) ) ;
#1373 = DIRECTION ( 'NONE',  ( -4.818676322157797005E-17, 1.000000000000000000, -0.000000000000000000 ) ) ;
#1374 = CARTESIAN_POINT ( 'NONE',  ( -0.9999999999999990008, 2.408333333879571381, 0.5773502691896258421 ) ) ;
#1375 = CARTESIAN_POINT ( 'NONE',  ( 0.7834936499999992643, 2.299999999999999822, -9.595029906247759787E-17 ) ) ;
#1376 = CARTESIAN_POINT ( 'NONE',  ( -0.4999999999999991673, 1.191666667212904818, 0.8660254037844384856 ) ) ;
#1377 = CARTESIAN_POINT ( 'NONE',  ( 0.7834936499999991533, 0.4333333344258084030, -0.4523502697358622870 ) ) ;
#1378 = VERTEX_POINT ( 'NONE', #2756 ) ;
#1379 = CARTESIAN_POINT ( 'NONE',  ( -8.154703766617025101E-17, 0.2250000005462379216, -1.154700538379250574 ) ) ;
#1380 = CARTESIAN_POINT ( 'NONE',  ( 0.9999999999999996669, 0.9416666672129047067, 0.5773502691896249539 ) ) ;
#1381 = CARTESIAN_POINT ( 'NONE',  ( -0.9999999999999991118, 5.208333333879571647, 0.5773502691896258421 ) ) ;
#1382 = CARTESIAN_POINT ( 'NONE',  ( 0.3917468249999992991, 3.966666666666666785, -0.6785254046037930697 ) ) ;
#1383 = CARTESIAN_POINT ( 'NONE',  ( 0.4999999999999998890, 4.858333333879572002, 0.8660254037844379305 ) ) ;
#1384 = CARTESIAN_POINT ( 'NONE',  ( -0.7834936499999993753, 0.5000000000000004441, 0.000000000000000000 ) ) ;
#1385 = CARTESIAN_POINT ( 'NONE',  ( -0.7834936499999993753, 2.566666667759141873, -0.4523502697358619540 ) ) ;
#1387 = EDGE_LOOP ( 'NONE', ( #2144, #1837, #1047, #2900 ) ) ;
#1386 = CARTESIAN_POINT ( 'NONE',  ( -2.174999999999999822, 3.100000000000000533, 0.000000000000000000 ) ) ;
#1388 = ORIENTED_EDGE ( 'NONE', *, *, #103, .T. ) ;
#1389 = CARTESIAN_POINT ( 'NONE',  ( -0.9999999999999986677, -0.4416666661204290967, 0.5773502691896258421 ) ) ;
#1390 = DIRECTION ( 'NONE',  ( -4.818676322157797005E-17, 1.000000000000000000, -0.000000000000000000 ) ) ;
#1391 = CARTESIAN_POINT ( 'NONE',  ( -0.9999999999999993339, 1.975000000546237811, 0.000000000000000000 ) ) ;
#1392 = CARTESIAN_POINT ( 'NONE',  ( 0.9999999999999993339, 3.375000000546237722, -1.224646799147352468E-16 ) ) ;
#1393 = CARTESIAN_POINT ( 'NONE',  ( -0.9999999999999993339, 1.925000000546237988, 0.000000000000000000 ) ) ;
#1394 = CARTESIAN_POINT ( 'NONE',  ( 0.7834936499999992643, 0.8000000010924754879, -9.595029906247759787E-17 ) ) ;
#1395 = ORIENTED_EDGE ( 'NONE', *, *, #278, .F. ) ;
#1396 = CARTESIAN_POINT ( 'NONE',  ( -0.4999999999999997780, 0.2583333338795710254, -0.8660254037844380415 ) ) ;
#1397 = VECTOR ( 'NONE', #2516, 1000.000000000000000 ) ;
#1398 = CARTESIAN_POINT ( 'NONE',  ( 1.699516298997791002E-16, 0.8750000005462374997, 1.154700538379250574 ) ) ;
#1399 = EDGE_CURVE ( 'NONE', #1665, #3120, #603, .T. ) ;
#1400 = CARTESIAN_POINT ( 'NONE',  ( -0.9999999999999991118, 5.608333333879571114, 0.5773502691896258421 ) ) ;
#1401 = CARTESIAN_POINT ( 'NONE',  ( -0.9999999999999986677, -1.991666666120428308, 0.5773502691896258421 ) ) ;
#1402 = DIRECTION ( 'NONE',  ( -1.000000000000000000, 0.000000000000000000, 0.000000000000000000 ) ) ;
#1403 = CARTESIAN_POINT ( 'NONE',  ( 0.7834936499999993753, 2.366666667759142140, 0.4523502697358617874 ) ) ;
#1405 = VERTEX_POINT ( 'NONE', #2264 ) ;
#1404 = CARTESIAN_POINT ( 'NONE',  ( 0.9999999999999995559, 4.818676322157794540E-17, 0.000000000000000000 ) ) ;
#1406 = ORIENTED_EDGE ( 'NONE', *, *, #1817, .T. ) ;
#1407 = CIRCLE ( 'NONE', #2748, 1.399999999999999467 ) ;
#1408 = CARTESIAN_POINT ( 'NONE',  ( -0.9999999999999990008, 0.3583333338795712808, 0.5773502691896258421 ) ) ;
#1409 = DIRECTION ( 'NONE',  ( -1.000000000000000000, 0.000000000000000000, 0.000000000000000000 ) ) ;
#1410 = CARTESIAN_POINT ( 'NONE',  ( 0.9999999999999991118, 2.608333333879571114, -0.5773502691896257311 ) ) ;
#1411 = CARTESIAN_POINT ( 'NONE',  ( 0.9999999999999996669, 2.941666667212904596, 0.5773502691896250649 ) ) ;
#1412 = CARTESIAN_POINT ( 'NONE',  ( 0.9999999999999996669, 1.291666667212905129, 0.5773502691896249539 ) ) ;
#1413 = CARTESIAN_POINT ( 'NONE',  ( 0.7834936499999994863, -0.03333333224085806290, 0.4523502697358617874 ) ) ;
#1414 = CARTESIAN_POINT ( 'NONE',  ( -0.4999999999999997780, -0.1416666661204282751, -0.8660254037844380415 ) ) ;
#1415 = CARTESIAN_POINT ( 'NONE',  ( 0.9999999999999991118, 1.008333333879570803, -0.5773502691896257311 ) ) ;
#1416 = CARTESIAN_POINT ( 'NONE',  ( 2.584531970453158540E-13, -2.000000000000022204, -0.7834936499999993753 ) ) ;
#1417 = CARTESIAN_POINT ( 'NONE',  ( -3.321182064183756435E-16, 5.425000000546239320, -1.154700538379250574 ) ) ;
#1418 = CARTESIAN_POINT ( 'NONE',  ( 0.7834936499999993753, 0.2999999999999999334, -9.595029906247759787E-17 ) ) ;
#1420 = ORIENTED_EDGE ( 'NONE', *, *, #2842, .F. ) ;
#1419 = CARTESIAN_POINT ( 'NONE',  ( 0.3917468249999994656, 0.8666666677591416956, -0.6785254046037930697 ) ) ;
#1421 = ORIENTED_EDGE ( 'NONE', *, *, #3131, .T. ) ;
#1422 = CARTESIAN_POINT ( 'NONE',  ( -0.9999999999999993339, 0.6916666672129042626, -0.5773502691896251759 ) ) ;
#1423 = CARTESIAN_POINT ( 'NONE',  ( -0.7834936499999994863, 4.283493650000002262, 0.000000000000000000 ) ) ;
#1424 = CARTESIAN_POINT ( 'NONE',  ( 0.9999999999999996669, -0.2583333327870959706, 0.5773502691896249539 ) ) ;
#1425 = CARTESIAN_POINT ( 'NONE',  ( 0.9999999999999993339, 2.575000000546237899, -1.224646799147352468E-16 ) ) ;
#1426 = CARTESIAN_POINT ( 'NONE',  ( 0.7834936499999992643, 2.700000000000000622, -9.595029906247759787E-17 ) ) ;
#1427 = CARTESIAN_POINT ( 'NONE',  ( 0.7834936499999993753, 0.7666666677591423840, 0.4523502697358617874 ) ) ;
#1428 = CARTESIAN_POINT ( 'NONE',  ( 0.9999999999999996669, -0.3083333327870956819, 0.5773502691896249539 ) ) ;
#1429 = CARTESIAN_POINT ( 'NONE',  ( 0.4999999999999993339, 2.241666667212904418, -0.8660254037844381525 ) ) ;
#1430 = CARTESIAN_POINT ( 'NONE',  ( -0.9999999999999996669, 5.141666667212904329, -0.5773502691896251759 ) ) ;
#1431 = CARTESIAN_POINT ( 'NONE',  ( 0.4999999999999997780, 5.258333333879572358, 0.8660254037844379305 ) ) ;
#1433 = EDGE_LOOP ( 'NONE', ( #743, #3166, #2336, #1542 ) ) ;
#1432 = CARTESIAN_POINT ( 'NONE',  ( -0.7834936499999995974, 3.700000000000000622, 0.000000000000000000 ) ) ;
#1434 = PRODUCT_DEFINITION_CONTEXT ( 'detailed design', #3112, 'design' ) ;
#1435 = CARTESIAN_POINT ( 'NONE',  ( -0.4999999999999997780, 0.2583333338795710254, -0.8660254037844380415 ) ) ;
#1436 = CARTESIAN_POINT ( 'NONE',  ( 0.3917468249999999652, 1.433333333333333348, 0.6785254046037929587 ) ) ;
#1437 = CARTESIAN_POINT ( 'NONE',  ( 0.5000000000000001110, -1.091666666120428619, 0.8660254037844379305 ) ) ;
#1438 = DIRECTION ( 'NONE',  ( -4.818676322157797005E-17, 1.000000000000000000, -0.000000000000000000 ) ) ;
#1439 = CARTESIAN_POINT ( 'NONE',  ( -4.094090207871597977E-17, -0.2999999989075248230, -0.9047005394717241300 ) ) ;
#1440 = CARTESIAN_POINT ( 'NONE',  ( -0.9999999999999986677, -2.041666666120427909, 0.5773502691896258421 ) ) ;
#1441 = CARTESIAN_POINT ( 'NONE',  ( 0.5000000000000000000, 1.308333333879570848, 0.8660254037844379305 ) ) ;
#1442 = CARTESIAN_POINT ( 'NONE',  ( -0.5000000000000001110, 6.308333333879571292, -0.8660254037844380415 ) ) ;
#1443 = EDGE_CURVE ( 'NONE', #2811, #2135, #1347, .T. ) ;
#1444 = CARTESIAN_POINT ( 'NONE',  ( 0.9999999999999991118, 4.125000000546238610, -1.224646799147352468E-16 ) ) ;
#1445 = CARTESIAN_POINT ( 'NONE',  ( 0.7834936499999991533, 4.500000000000000888, 9.595029906247759787E-17 ) ) ;
#1446 = AXIS2_PLACEMENT_3D ( 'NONE', #1895, #1613, #1632 ) ;
#1448 = EDGE_LOOP ( 'NONE', ( #1612, #1114, #2655, #1168, #1638, #940, #191, #383, #651, #1206, #2901, #1681, #1893, #2382, #181, #1854, #808, #399, #2453, #3024, #909, #3111, #2167, #1096, #1167, #2046 ) ) ;
#1447 =( LENGTH_UNIT ( ) NAMED_UNIT ( * ) SI_UNIT ( .MILLI., .METRE. ) );
#1449 = CARTESIAN_POINT ( 'NONE',  ( -0.4999999999999996669, -1.741666666120428086, -0.8660254037844380415 ) ) ;
#1450 = CARTESIAN_POINT ( 'NONE',  ( 1.399999999999999245, 3.100000000000000533, 1.714505518806293898E-16 ) ) ;
#1451 = CARTESIAN_POINT ( 'NONE',  ( -0.9999999999999991118, -0.4249999994537624892, 0.000000000000000000 ) ) ;
#1452 =( BOUNDED_CURVE ( )  B_SPLINE_CURVE ( 2, ( #474, #3168, #1911, #2961, #746, #1731, #2423 ),
 .UNSPECIFIED., .F., .T. ) 
 B_SPLINE_CURVE_WITH_KNOTS ( ( 3, 2, 2, 3 ),
 ( 0.6590909090909090606, 0.6666666666666666297, 0.6742424242424241987, 0.6818181818181817677 ),
 .UNSPECIFIED. ) 
 CURVE ( )  GEOMETRIC_REPRESENTATION_ITEM ( )  RATIONAL_B_SPLINE_CURVE ( ( 1.000000000000000000, 0.8660254037844387076, 1.000000000000000000, 0.8660254037844387076, 1.000000000000000000, 0.8660254037844387076, 1.000000000000000000 ) ) 
 REPRESENTATION_ITEM ( '' )  );
#1453 = VERTEX_POINT ( 'NONE', #1040 ) ;
#1454 = EDGE_CURVE ( 'NONE', #3058, #1508, #3161, .T. ) ;
#1455 = DIRECTION ( 'NONE',  ( -1.000000000000000000, 0.000000000000000000, 0.000000000000000000 ) ) ;
#1456 = CARTESIAN_POINT ( 'NONE',  ( -0.3917468249999996877, -2.266666665574191608, -0.6785254046037930697 ) ) ;
#1457 = CARTESIAN_POINT ( 'NONE',  ( -0.4999999999999996669, -2.141666666120429330, -0.8660254037844380415 ) ) ;
#1458 = CARTESIAN_POINT ( 'NONE',  ( 0.9999999999999993339, 0.5750000005462375663, -1.224646799147352468E-16 ) ) ;
#1459 = CARTESIAN_POINT ( 'NONE',  ( -0.9999999999999993339, 3.941666667212904152, -0.5773502691896251759 ) ) ;
#1460 = CARTESIAN_POINT ( 'NONE',  ( 0.9999999999999996669, 2.891666667212904773, 0.5773502691896249539 ) ) ;
#1461 = CARTESIAN_POINT ( 'NONE',  ( -0.9999999999999996669, 5.541666667212905573, -0.5773502691896251759 ) ) ;
#1463 = CARTESIAN_POINT ( 'NONE',  ( 0.2262691251570427275, 4.493813427652513681, 0.9805120849792354765 ) ) ;
#1462 = CARTESIAN_POINT ( 'NONE',  ( 0.6329314259311612512, 4.430937098638659144, 0.7148721630115311143 ) ) ;
#1464 = CARTESIAN_POINT ( 'NONE',  ( -0.7834936499999993753, 5.833333334425808481, 0.4523502697358625091 ) ) ;
#1465 = CARTESIAN_POINT ( 'NONE',  ( -0.9999999999999993339, 0.3416666672129047289, -0.5773502691896251759 ) ) ;
#1466 = ORIENTED_EDGE ( 'NONE', *, *, #1686, .F. ) ;
#1467 = LINE ( 'NONE', #2438, #2069 ) ;
#1468 = CARTESIAN_POINT ( 'NONE',  ( -2.173758363915737032E-17, 3.900000001092475799, 0.9047005394717241300 ) ) ;
#1469 = CARTESIAN_POINT ( 'NONE',  ( 3.072839050812763121E-16, -1.974999999453761923, 1.154700538379250574 ) ) ;
#1470 = CARTESIAN_POINT ( 'NONE',  ( -8.395637582724913195E-17, 0.2750000005462375774, -1.154700538379250574 ) ) ;
#1471 = CARTESIAN_POINT ( 'NONE',  ( -0.9999999999999995559, 4.375000000546237722, 0.000000000000000000 ) ) ;
#1472 = CARTESIAN_POINT ( 'NONE',  ( -0.4999999999999992784, 4.391666667212905217, 0.8660254037844384856 ) ) ;
#1473 = CARTESIAN_POINT ( 'NONE',  ( 0.9999999999999990008, 6.208333333879571647, -0.5773502691896257311 ) ) ;
#1474 = CARTESIAN_POINT ( 'NONE',  ( -0.7834936499999992643, 1.833333334425808481, 0.4523502697358623981 ) ) ;
#1476 = CARTESIAN_POINT ( 'NONE',  ( -0.7834936499999995974, 3.000000001092475443, 0.000000000000000000 ) ) ;
#1475 = CARTESIAN_POINT ( 'NONE',  ( 0.3917468249999997432, 5.433333333333333570, 0.6785254046037929587 ) ) ;
#1477 = B_SPLINE_CURVE_WITH_KNOTS ( 'NONE', 3,
 ( #706, #2210, #1733, #2935, #1687, #2660, #3185, #8, #1211, #2951, #944, #448, #970, #718 ),
 .UNSPECIFIED., .F., .F.,
 ( 4, 2, 2, 2, 2, 2, 4 ),
 ( 0.001878553457022657386, 0.002552504390678016558, 0.002889479857505696143, 0.003226455324333375729, 0.003900406257988734901, 0.004237381724816414487, 0.004574357191644094073 ),
 .UNSPECIFIED. ) ;
#1478 = CARTESIAN_POINT ( 'NONE',  ( -0.5000000000000000000, 3.058333333879571292, -0.8660254037844380415 ) ) ;
#1479 = CARTESIAN_POINT ( 'NONE',  ( -0.3917468249999994101, 5.466666667759142229, 0.6785254046037934028 ) ) ;
#1480 = CARTESIAN_POINT ( 'NONE',  ( -2.168404344971008868E-16, 4.500000000000000888, 0.000000000000000000 ) ) ;
#1481 = CARTESIAN_POINT ( 'NONE',  ( -6.857554672724355680E-18, -1.324999999453762234, -1.154700538379250574 ) ) ;
#1482 = CARTESIAN_POINT ( 'NONE',  ( 0.7834936499999992643, 1.100000000000000311, -9.595029906247759787E-17 ) ) ;
#1483 = CARTESIAN_POINT ( 'NONE',  ( -0.7834936499999990422, -2.166666665574190631, 0.4523502697358625091 ) ) ;
#1484 = CARTESIAN_POINT ( 'NONE',  ( -0.7834936499999995974, 4.500000000000000888, 0.000000000000000000 ) ) ;
#1485 = CARTESIAN_POINT ( 'NONE',  ( -0.9999999999999990008, 0.008333333879570817282, 0.5773502691896258421 ) ) ;
#1486 = CARTESIAN_POINT ( 'NONE',  ( -3.520717697901634672E-18, 4.475000000546238255, 1.154700538379250574 ) ) ;
#1487 = CONICAL_SURFACE ( 'NONE', #467, 0.9999999999999995559, 0.7853981633974538301 ) ;
#1488 = CARTESIAN_POINT ( 'NONE',  ( 0.4999999999999992784, 4.191666667212905040, -0.8660254037844381525 ) ) ;
#1489 = CARTESIAN_POINT ( 'NONE',  ( -0.9999999999999995559, 5.175000000546237544, 0.000000000000000000 ) ) ;
#1490 = CARTESIAN_POINT ( 'NONE',  ( -0.3917468249999992991, 2.666666667759141962, 0.6785254046037934028 ) ) ;
#1492 = CARTESIAN_POINT ( 'NONE',  ( -0.6439658427245084082, 4.454833933138733215, 0.7092922107146117927 ) ) ;
#1491 = CARTESIAN_POINT ( 'NONE',  ( -0.3917468249999994656, 6.166666666666667851, 0.6785254046037934028 ) ) ;
#1493 = VECTOR ( 'NONE', #2989, 1000.000000000000000 ) ;
#1494 = CARTESIAN_POINT ( 'NONE',  ( 7.598744161770200405E-17, 2.825000000546238343, 1.154700538379250796 ) ) ;
#1495 = CARTESIAN_POINT ( 'NONE',  ( 3.455629493457012263E-13, -2.174999999453785193, -0.9999999999999994449 ) ) ;
#1496 = CARTESIAN_POINT ( 'NONE',  ( -0.9999999999999995559, -4.818676322157794540E-17, 1.224646799147352714E-16 ) ) ;
#1497 = CARTESIAN_POINT ( 'NONE',  ( -0.3917468249999999097, 1.333333334425808925, -0.6785254046037930697 ) ) ;
#1498 = CARTESIAN_POINT ( 'NONE',  ( 0.9999999999999991118, 0.6083333338795705592, -0.5773502691896257311 ) ) ;
#1499 = CARTESIAN_POINT ( 'NONE',  ( 0.4999999999999992784, 4.991666667212904862, -0.8660254037844381525 ) ) ;
#1500 = CARTESIAN_POINT ( 'NONE',  ( -0.7834936499999993753, -0.9999999989075250006, 0.000000000000000000 ) ) ;
#1501 = CARTESIAN_POINT ( 'NONE',  ( -0.9999999999999991118, -2.074999999453762900, 0.000000000000000000 ) ) ;
#1502 = AXIS2_PLACEMENT_3D ( 'NONE', #2191, #516, #2 ) ;
#1503 = CARTESIAN_POINT ( 'NONE',  ( -2.574287234249298044E-16, 3.875000000546238166, -1.154700538379250574 ) ) ;
#1504 = CARTESIAN_POINT ( 'NONE',  ( -2.550193852638509112E-16, 3.825000000546238343, -1.154700538379250574 ) ) ;
#1505 = CARTESIAN_POINT ( 'NONE',  ( -0.7834936499999959336, 3.333333333333333481, 0.4523502697358643965 ) ) ;
#1506 = CARTESIAN_POINT ( 'NONE',  ( 0.7834936499999991533, 4.500000000000000888, 9.595029906247759787E-17 ) ) ;
#1508 = VERTEX_POINT ( 'NONE', #3015 ) ;
#1507 = CARTESIAN_POINT ( 'NONE',  ( 0.7834936499999992643, 6.266666666666666607, 0.4523502697358617874 ) ) ;
#1509 = CARTESIAN_POINT ( 'NONE',  ( -0.4999999999999991673, 2.391666667212904329, 0.8660254037844384856 ) ) ;
#1510 = CARTESIAN_POINT ( 'NONE',  ( 0.5000000000000002220, -1.941666666120428708, 0.8660254037844379305 ) ) ;
#1511 = CARTESIAN_POINT ( 'NONE',  ( 0.7834936499999993753, 0.7000000000000000666, -9.595029906247759787E-17 ) ) ;
#1512 = CARTESIAN_POINT ( 'NONE',  ( -1.180397232332407553E-16, 1.300000001092475932, -0.9047005394717241300 ) ) ;
#1513 = CARTESIAN_POINT ( 'NONE',  ( -0.9999999999999988898, 0.8083333338795711809, 0.5773502691896259531 ) ) ;
#1514 = CARTESIAN_POINT ( 'NONE',  ( -0.9999999999999996669, 4.291666667212904684, -0.5773502691896251759 ) ) ;
#1515 = CARTESIAN_POINT ( 'NONE',  ( -0.3917468249999990770, -1.733333332240858171, 0.6785254046037934028 ) ) ;
#1516 = CYLINDRICAL_SURFACE ( 'NONE', #222, 0.7834936499999993753 ) ;
#1517 = CARTESIAN_POINT ( 'NONE',  ( 0.4999999999999992784, 3.441666667212904596, -0.8660254037844381525 ) ) ;
#1518 = CARTESIAN_POINT ( 'NONE',  ( -1.200964482434326172E-16, 1.025000000546238299, -1.154700538379250574 ) ) ;
#1519 = CARTESIAN_POINT ( 'NONE',  ( -0.5000000000000001110, 6.308333333879571292, -0.8660254037844380415 ) ) ;
#1520 = CARTESIAN_POINT ( 'NONE',  ( -0.7834936499999994863, 1.800000001092475488, 0.000000000000000000 ) ) ;
#1522 = CARTESIAN_POINT ( 'NONE',  ( -0.7834936499999994863, 1.766666667759142273, -0.4523502697358619540 ) ) ;
#1521 = CARTESIAN_POINT ( 'NONE',  ( -0.7834936499999997084, 5.666666666666666963, -0.4523502697358619540 ) ) ;
#1523 = CARTESIAN_POINT ( 'NONE',  ( 0.9999999999999991118, 3.758333333879571914, -0.5773502691896257311 ) ) ;
#1524 = CARTESIAN_POINT ( 'NONE',  ( -2.722373655422902446E-16, 4.500000001092475443, -0.9047005394717241300 ) ) ;
#1525 = CARTESIAN_POINT ( 'NONE',  ( -0.7834936499999992643, 3.033333334425808658, 0.4523502697358623981 ) ) ;
#1526 = CARTESIAN_POINT ( 'NONE',  ( 0.9207531751267662434, 0.07924682487323579660, 1.416262747066819454E-13 ) ) ;
#1527 = CARTESIAN_POINT ( 'NONE',  ( -0.9999999999999993339, 1.175000000546237322, 0.000000000000000000 ) ) ;
#1528 = CARTESIAN_POINT ( 'NONE',  ( -0.9999999999999996669, 5.891666667212905217, -0.5773502691896251759 ) ) ;
#1529 = CARTESIAN_POINT ( 'NONE',  ( -9.394634156980891575E-17, 0.8000000000000003775, -0.9047005394717241300 ) ) ;
#1530 = FACE_OUTER_BOUND ( 'NONE', #2884, .T. ) ;
#1531 = CARTESIAN_POINT ( 'NONE',  ( -0.3917468249999999097, 2.033333333333334103, -0.6785254046037930697 ) ) ;
#1532 = CARTESIAN_POINT ( 'NONE',  ( -0.4999999999999991673, 0.7916666672129045734, 0.8660254037844384856 ) ) ;
#1533 = CARTESIAN_POINT ( 'NONE',  ( -0.9999999999999993339, 3.941666667212904152, -0.5773502691896251759 ) ) ;
#1534 = CARTESIAN_POINT ( 'NONE',  ( 0.9217335383718808783, 4.500000102120779388, 0.3878237798800519553 ) ) ;
#1535 = EDGE_CURVE ( 'NONE', #2591, #3093, #3002, .T. ) ;
#1536 = CARTESIAN_POINT ( 'NONE',  ( -0.3917468249999993546, 4.166666666666667851, 0.6785254046037934028 ) ) ;
#1537 = AXIS2_PLACEMENT_3D ( 'NONE', #455, #2190, #1402 ) ;
#1538 = CARTESIAN_POINT ( 'NONE',  ( 0.4999999999999993339, 2.591666667212904951, -0.8660254037844381525 ) ) ;
#1539 = CARTESIAN_POINT ( 'NONE',  ( 0.7834936499999991533, 4.000000001092475443, -9.595029906247759787E-17 ) ) ;
#1540 = DIRECTION ( 'NONE',  ( -4.818676322157797005E-17, 1.000000000000000000, -0.000000000000000000 ) ) ;
#1541 = CARTESIAN_POINT ( 'NONE',  ( 0.7834936499999992643, 2.400000001092475799, -9.595029906247759787E-17 ) ) ;
#1542 = ORIENTED_EDGE ( 'NONE', *, *, #449, .F. ) ;
#1543 = CARTESIAN_POINT ( 'NONE',  ( -0.4999999999999997780, -1.291666666120429019, -0.8660254037844380415 ) ) ;
#1544 = CARTESIAN_POINT ( 'NONE',  ( 0.9999999999999993339, 0.9750000005462376995, -1.224646799147352468E-16 ) ) ;
#1545 = CARTESIAN_POINT ( 'NONE',  ( 0.4999999999999997780, 6.058333333879571292, 0.8660254037844379305 ) ) ;
#1546 = CARTESIAN_POINT ( 'NONE',  ( 0.7834936499999991533, 0.7333333333333331705, -0.4523502697358622870 ) ) ;
#1547 = ADVANCED_FACE ( 'NONE', ( #2577 ), #2057, .F. ) ;
#1548 = CARTESIAN_POINT ( 'NONE',  ( -0.7834936499999992643, 0.6333333344258089692, 0.4523502697358623981 ) ) ;
#1549 = CARTESIAN_POINT ( 'NONE',  ( 0.7834936499999993753, 2.666666666666667407, 0.4523502697358617874 ) ) ;
#1550 = AXIS2_PLACEMENT_3D ( 'NONE', #570, #2765, #2034 ) ;
#1551 = CARTESIAN_POINT ( 'NONE',  ( 0.9999999999999991118, 0.5583333338795709588, -0.5773502691896257311 ) ) ;
#1552 = CARTESIAN_POINT ( 'NONE',  ( 0.4999999999999998890, 4.908333333879571825, 0.8660254037844379305 ) ) ;
#1553 = CARTESIAN_POINT ( 'NONE',  ( -0.7834936499999991533, -0.2666666666666667740, 0.4523502697358625091 ) ) ;
#1554 = CARTESIAN_POINT ( 'NONE',  ( -7.474302313025029398E-17, 5.000000000000000888, 0.9047005394717241300 ) ) ;
#1555 = CARTESIAN_POINT ( 'NONE',  ( -0.9999999999999993339, 1.525000000546237855, 0.000000000000000000 ) ) ;
#1556 = CARTESIAN_POINT ( 'NONE',  ( -0.7834936499999992643, 4.633333334425808303, 0.4523502697358625091 ) ) ;
#1557 = LINE ( 'NONE', #340, #1493 ) ;
#1558 = CARTESIAN_POINT ( 'NONE',  ( 0.3917468249999994656, 1.166666666666666519, -0.6785254046037930697 ) ) ;
#1559 = ORIENTED_EDGE ( 'NONE', *, *, #1817, .F. ) ;
#1560 = VERTEX_POINT ( 'NONE', #2807 ) ;
#1561 = CARTESIAN_POINT ( 'NONE',  ( -1.032310811158803027E-16, 0.6750000005462377661, -1.154700538379250574 ) ) ;
#1562 = CARTESIAN_POINT ( 'NONE',  ( -0.9999999999999993339, 1.141666667212904329, -0.5773502691896252870 ) ) ;
#1563 = CARTESIAN_POINT ( 'NONE',  ( -0.9999999999999996669, 4.691666667212905040, -0.5773502691896251759 ) ) ;
#1564 = CARTESIAN_POINT ( 'NONE',  ( 0.3917468249999993546, 2.866666667759142140, -0.6785254046037930697 ) ) ;
#1565 = CARTESIAN_POINT ( 'NONE',  ( -0.3917468249999999652, 2.833333333333333481, -0.6785254046037930697 ) ) ;
#1566 = CARTESIAN_POINT ( 'NONE',  ( 0.5000000000000000000, 1.658333333879571159, 0.8660254037844379305 ) ) ;
#1567 = CARTESIAN_POINT ( 'NONE',  ( -0.9999999999999990008, 4.008333333879571470, 0.5773502691896258421 ) ) ;
#1568 = CARTESIAN_POINT ( 'NONE',  ( -0.3917468249999998542, 0.4333333333333332926, -0.6785254046037930697 ) ) ;
#1569 =( BOUNDED_CURVE ( )  B_SPLINE_CURVE ( 2, ( #2193, #1183, #967, #2435, #2225, #220, #3196 ),
 .UNSPECIFIED., .F., .T. ) 
 B_SPLINE_CURVE_WITH_KNOTS ( ( 3, 2, 2, 3 ),
 ( 0.4545454545454545858, 0.4621212121212121549, 0.4696969696969697794, 0.4772727272727273484 ),
 .UNSPECIFIED. ) 
 CURVE ( )  GEOMETRIC_REPRESENTATION_ITEM ( )  RATIONAL_B_SPLINE_CURVE ( ( 0.9999999999999990008, 0.8660254037844397068, 1.000000000000000000, 0.8660254037844387076, 1.000000000000000000, 0.8660254037844377084, 1.000000000000000888 ) ) 
 REPRESENTATION_ITEM ( '' )  );
#1570 = CARTESIAN_POINT ( 'NONE',  ( 0.7834936499999992643, 5.066666666666667318, 0.4523502697358617874 ) ) ;
#1571 = CARTESIAN_POINT ( 'NONE',  ( 0.9999999999999993339, 1.325000000546238121, -1.224646799147352468E-16 ) ) ;
#1572 = CARTESIAN_POINT ( 'NONE',  ( -0.7834936499999992643, 3.833333334425808925, 0.4523502697358625091 ) ) ;
#1573 = APPLICATION_PROTOCOL_DEFINITION ( 'draft international standard', 'automotive_design', 1998, #732 ) ;
#1574 = ORIENTED_EDGE ( 'NONE', *, *, #1646, .F. ) ;
#1575 = ORIENTED_EDGE ( 'NONE', *, *, #3073, .F. ) ;
#1576 = EDGE_CURVE ( 'NONE', #1180, #2825, #362, .T. ) ;
#1577 = CARTESIAN_POINT ( 'NONE',  ( -0.9217335447908523438, -1.021224481424441180E-07, 0.3878237646255785487 ) ) ;
#1578 = CARTESIAN_POINT ( 'NONE',  ( 0.4999999999999992784, 3.791666667212904684, -0.8660254037844381525 ) ) ;
#1579 = CARTESIAN_POINT ( 'NONE',  ( 0.9999999999999993339, 0.9750000005462376995, -1.224646799147352468E-16 ) ) ;
#1580 = EDGE_CURVE ( 'NONE', #2236, #1236, #2233, .T. ) ;
#1581 = CARTESIAN_POINT ( 'NONE',  ( -0.9999999999999988898, 4.008333333879570581, 0.5773502691896259531 ) ) ;
#1582 = CARTESIAN_POINT ( 'NONE',  ( 0.4999999999999993339, 2.591666667212904951, -0.8660254037844381525 ) ) ;
#1583 = CARTESIAN_POINT ( 'NONE',  ( -0.3917468249999999097, 2.433333333333333570, -0.6785254046037930697 ) ) ;
#1584 = CARTESIAN_POINT ( 'NONE',  ( -2.288692785902272097E-16, 3.600000000000000533, -0.9047005394717241300 ) ) ;
#1585 = CARTESIAN_POINT ( 'NONE',  ( 0.4999999999999993339, 1.791666667212904684, -0.8660254037844381525 ) ) ;
#1586 = CARTESIAN_POINT ( 'NONE',  ( 0.4999999999999998890, 3.308333333879571292, 0.8660254037844379305 ) ) ;
#1587 = CARTESIAN_POINT ( 'NONE',  ( 0.7834936499999994863, 0.6666666666666669627, 0.4523502697358617874 ) ) ;
#1588 = CARTESIAN_POINT ( 'NONE',  ( -0.7834936499999992643, 4.933333333333333570, 0.4523502697358625091 ) ) ;
#1589 = ADVANCED_FACE ( 'NONE', ( #1166 ), #3163, .T. ) ;
#1590 = DIRECTION ( 'NONE',  ( -1.000000000000000000, 0.000000000000000000, 0.000000000000000000 ) ) ;
#1591 = CARTESIAN_POINT ( 'NONE',  ( -0.7834936499999992643, 3.433333334425808570, 0.4523502697358625091 ) ) ;
#1592 =( LENGTH_UNIT ( ) NAMED_UNIT ( * ) SI_UNIT ( .MILLI., .METRE. ) );
#1593 = EDGE_LOOP ( 'NONE', ( #1630, #826, #133, #3132 ) ) ;
#1594 = DIRECTION ( 'NONE',  ( -1.000000000000000000, 0.000000000000000000, 0.000000000000000000 ) ) ;
#1595 = CARTESIAN_POINT ( 'NONE',  ( 0.4999999999999992784, 3.391666667212904773, -0.8660254037844381525 ) ) ;
#1596 = CARTESIAN_POINT ( 'NONE',  ( -0.4999999999999991673, 0.8416666672129042848, 0.8660254037844384856 ) ) ;
#1597 = CARTESIAN_POINT ( 'NONE',  ( -0.9999999999999993339, 3.975000000546237811, 0.000000000000000000 ) ) ;
#1598 = CARTESIAN_POINT ( 'NONE',  ( 0.5000000000000000000, 2.058333333879571292, 0.8660254037844379305 ) ) ;
#1599 = CARTESIAN_POINT ( 'NONE',  ( 0.3917468249999998542, 2.633333333333333748, 0.6785254046037929587 ) ) ;
#1600 = CARTESIAN_POINT ( 'NONE',  ( -0.7834936499999995974, 3.700000000000000622, 0.000000000000000000 ) ) ;
#1601 = ORIENTED_EDGE ( 'NONE', *, *, #1212, .F. ) ;
#1602 = CARTESIAN_POINT ( 'NONE',  ( 0.9999999999999998890, -0.7083333327870950935, 0.5773502691896249539 ) ) ;
#1603 = CARTESIAN_POINT ( 'NONE',  ( -0.9999999999999995559, 4.375000000546237722, 0.000000000000000000 ) ) ;
#1604 = CARTESIAN_POINT ( 'NONE',  ( 0.3917468250000000207, -0.5666666666666666519, 0.6785254046037929587 ) ) ;
#1605 = CARTESIAN_POINT ( 'NONE',  ( -0.7834936499999992643, 3.733333333333333837, 0.4523502697358625091 ) ) ;
#1606 = CARTESIAN_POINT ( 'NONE',  ( 0.9999999999999993339, 5.291666667212904684, 0.5773502691896249539 ) ) ;
#1607 = CARTESIAN_POINT ( 'NONE',  ( -0.4999999999999991673, 0.7916666672129045734, 0.8660254037844384856 ) ) ;
#1608 = CARTESIAN_POINT ( 'NONE',  ( -0.7834936499999992643, 2.633333334425808747, 0.4523502697358625091 ) ) ;
#1609 = CARTESIAN_POINT ( 'NONE',  ( 0.7834936499999921589, 1.533333333333334103, -0.4523502697358660618 ) ) ;
#1611 = VERTEX_POINT ( 'NONE', #1939 ) ;
#1610 = CARTESIAN_POINT ( 'NONE',  ( -0.7834936499999995974, 3.800000001092475710, 0.000000000000000000 ) ) ;
#1612 = ORIENTED_EDGE ( 'NONE', *, *, #1535, .F. ) ;
#1613 = DIRECTION ( 'NONE',  ( -4.818676322157797005E-17, 1.000000000000000000, -0.000000000000000000 ) ) ;
#1614 = CARTESIAN_POINT ( 'NONE',  ( 0.5000000000000000000, 1.308333333879570848, 0.8660254037844379305 ) ) ;
#1615 =( BOUNDED_CURVE ( )  B_SPLINE_CURVE ( 2, ( #141, #1522, #1718, #2702, #1673, #238, #2228 ),
 .UNSPECIFIED., .F., .T. ) 
 B_SPLINE_CURVE_WITH_KNOTS ( ( 3, 2, 2, 3 ),
 ( 0.5000000000000000000, 0.5075757575757575690, 0.5151515151515151381, 0.5227272727272727071 ),
 .UNSPECIFIED. ) 
 CURVE ( )  GEOMETRIC_REPRESENTATION_ITEM ( )  RATIONAL_B_SPLINE_CURVE ( ( 1.000000000000000000, 0.8660254037844387076, 1.000000000000000000, 0.8660254037844387076, 1.000000000000000000, 0.8660254037844387076, 1.000000000000000000 ) ) 
 REPRESENTATION_ITEM ( '' )  );
#1616 = CARTESIAN_POINT ( 'NONE',  ( 0.9999999999999991118, 3.808333333879572180, -0.5773502691896257311 ) ) ;
#1617 = CARTESIAN_POINT ( 'NONE',  ( -0.9999999999999993339, 2.725000000546237811, 0.000000000000000000 ) ) ;
#1618 = CARTESIAN_POINT ( 'NONE',  ( -0.7834936499999992643, -0.2333333322408577548, -0.4523502697358619540 ) ) ;
#1619 = ORIENTED_EDGE ( 'NONE', *, *, #2936, .F. ) ;
#1620 = CARTESIAN_POINT ( 'NONE',  ( -4.448216511645464727E-18, -1.374999999453762056, -1.154700538379250574 ) ) ;
#1621 = CARTESIAN_POINT ( 'NONE',  ( -0.9999999999999993339, 1.941666667212904596, -0.5773502691896251759 ) ) ;
#1622 = CARTESIAN_POINT ( 'NONE',  ( -0.7834936499999993753, -1.099999999999999423, 0.000000000000000000 ) ) ;
#1623 = CARTESIAN_POINT ( 'NONE',  ( 0.7834936499999989312, 5.133333333333333748, -0.4523502697358622870 ) ) ;
#1624 = CARTESIAN_POINT ( 'NONE',  ( -0.5000000000000000000, 5.058333333879571292, -0.8660254037844380415 ) ) ;
#1625 = CARTESIAN_POINT ( 'NONE',  ( -0.9999999999999993339, 0.3250000005462381769, 0.000000000000000000 ) ) ;
#1626 = CARTESIAN_POINT ( 'NONE',  ( -1.565891338105031215E-16, 2.100000001092475532, -0.9047005394717241300 ) ) ;
#1627 = CARTESIAN_POINT ( 'NONE',  ( 0.1939660242202649043, 0.2165043689650215930, 0.7591043940318785710 ) ) ;
#1629 = ORIENTED_EDGE ( 'NONE', *, *, #1896, .F. ) ;
#1628 = CARTESIAN_POINT ( 'NONE',  ( 7.945461917879919539E-17, 1.800000000000000488, 0.9047005394717241300 ) ) ;
#1630 = ORIENTED_EDGE ( 'NONE', *, *, #2738, .T. ) ;
#1631 = CARTESIAN_POINT ( 'NONE',  ( -2.372292180027668325E-17, -0.9749999994537617010, -1.154700538379250574 ) ) ;
#1632 = DIRECTION ( 'NONE',  ( -1.000000000000000000, 0.000000000000000000, 0.000000000000000000 ) ) ;
#1633 = CARTESIAN_POINT ( 'NONE',  ( 1.699516298997791002E-16, 0.8750000005462374997, 1.154700538379250574 ) ) ;
#1634 = EDGE_CURVE ( 'NONE', #2591, #2950, #3102, .T. ) ;
#1635 = CARTESIAN_POINT ( 'NONE',  ( -2.574287234249298044E-16, 3.875000000546237278, -1.154700538379250796 ) ) ;
#1636 = CARTESIAN_POINT ( 'NONE',  ( 0.5000000000000000000, 1.658333333879571159, 0.8660254037844379305 ) ) ;
#1637 = CARTESIAN_POINT ( 'NONE',  ( 0.7834936499999990422, 1.633333334425809191, -0.4523502697358622870 ) ) ;
#1638 = ORIENTED_EDGE ( 'NONE', *, *, #540, .T. ) ;
#1639 = CARTESIAN_POINT ( 'NONE',  ( 2.301850839267515304E-16, -0.3749999994537619452, 1.154700538379250574 ) ) ;
#1640 = CARTESIAN_POINT ( 'NONE',  ( -0.9999999999999993339, 1.575000000546237455, 0.000000000000000000 ) ) ;
#1641 = CARTESIAN_POINT ( 'NONE',  ( -0.3917468249999990770, -1.833333333333332593, 0.6785254046037934028 ) ) ;
#1642 = CARTESIAN_POINT ( 'NONE',  ( 0.7834936499999993753, 3.066666666666667318, 0.4523502697358617874 ) ) ;
#1643 = CARTESIAN_POINT ( 'NONE',  ( 0.9999999999999990008, 6.158333333879571825, -0.5773502691896257311 ) ) ;
#1644 = FACE_OUTER_BOUND ( 'NONE', #2406, .T. ) ;
#1645 = CARTESIAN_POINT ( 'NONE',  ( 0.3917468249999998542, 2.333333334425808925, 0.6785254046037929587 ) ) ;
#1646 = EDGE_CURVE ( 'NONE', #659, #171, #1019, .T. ) ;
#1648 = ORIENTED_EDGE ( 'NONE', *, *, #417, .F. ) ;
#1647 = FILL_AREA_STYLE ('',( #3129 ) ) ;
#1649 = ORIENTED_EDGE ( 'NONE', *, *, #2352, .F. ) ;
#1650 = CARTESIAN_POINT ( 'NONE',  ( -0.9999999999999991118, -0.8749999994537623893, 0.000000000000000000 ) ) ;
#1651 = CARTESIAN_POINT ( 'NONE',  ( 0.9999999999999991118, 0.2083333338795713419, -0.5773502691896257311 ) ) ;
#1652 = CARTESIAN_POINT ( 'NONE',  ( 0.4999999999999993339, 1.441666667212904152, -0.8660254037844381525 ) ) ;
#1653 = AXIS2_PLACEMENT_3D ( 'NONE', #424, #2369, #712 ) ;
#1654 = CARTESIAN_POINT ( 'NONE',  ( -0.9999999999999991118, 4.408333333879570937, 0.5773502691896259531 ) ) ;
#1655 = CARTESIAN_POINT ( 'NONE',  ( 0.9999999999999996669, 1.691666667212904374, 0.5773502691896249539 ) ) ;
#1656 = CARTESIAN_POINT ( 'NONE',  ( -0.3917468249999991881, 0.2666666677591418289, 0.6785254046037934028 ) ) ;
#1657 = EDGE_CURVE ( 'NONE', #428, #1361, #138, .T. ) ;
#1658 = CARTESIAN_POINT ( 'NONE',  ( 0.5000000000000001110, 0.05833333387957138211, 0.8660254037844379305 ) ) ;
#1659 = AXIS2_PLACEMENT_3D ( 'NONE', #193, #1713, #3183 ) ;
#1660 = CARTESIAN_POINT ( 'NONE',  ( 0.9999999999999996669, 1.741666667212904196, 0.5773502691896249539 ) ) ;
#1661 = CARTESIAN_POINT ( 'NONE',  ( 0.9999999999999991118, 4.975000000546237366, -1.224646799147352468E-16 ) ) ;
#1662 = CARTESIAN_POINT ( 'NONE',  ( -0.4999999999999993339, 5.991666667212904862, 0.8660254037844384856 ) ) ;
#1663 = DIRECTION ( 'NONE',  ( -4.818676322157797005E-17, 1.000000000000000000, -0.000000000000000000 ) ) ;
#1665 = VERTEX_POINT ( 'NONE', #2678 ) ;
#1664 = CARTESIAN_POINT ( 'NONE',  ( -2.168404344971008868E-16, 4.500000000000000888, 0.000000000000000000 ) ) ;
#1666 = ORIENTED_EDGE ( 'NONE', *, *, #1353, .F. ) ;
#1667 = CIRCLE ( 'NONE', #1502, 1.399999999999999467 ) ;
#1668 = CARTESIAN_POINT ( 'NONE',  ( -0.9999999999999986677, -1.241666666120428753, 0.5773502691896258421 ) ) ;
#1669 = LINE ( 'NONE', #444, #2267 ) ;
#1670 = AXIS2_PLACEMENT_3D ( 'NONE', #2667, #1695, #2898 ) ;
#1671 = CARTESIAN_POINT ( 'NONE',  ( -0.4999999999999990563, 0.04166666721290394892, 0.8660254037844384856 ) ) ;
#1672 = CARTESIAN_POINT ( 'NONE',  ( 0.9999999999999991118, 2.608333333879571114, -0.5773502691896257311 ) ) ;
#1673 = CARTESIAN_POINT ( 'NONE',  ( 0.3917468249999994101, 1.666666667759141962, -0.6785254046037930697 ) ) ;
#1674 = CARTESIAN_POINT ( 'NONE',  ( -0.7834936499999994863, 1.400000001092475355, 0.000000000000000000 ) ) ;
#1675 = CARTESIAN_POINT ( 'NONE',  ( -4.299762708890780471E-17, -0.5749999994537624559, -1.154700538379250574 ) ) ;
#1676 = CARTESIAN_POINT ( 'NONE',  ( 1.121275140338854893E-16, 2.075000000546237899, 1.154700538379250574 ) ) ;
#1677 = CARTESIAN_POINT ( 'NONE',  ( -3.538022498680857815E-16, 5.875000000546238610, -1.154700538379250574 ) ) ;
#1678 = CARTESIAN_POINT ( 'NONE',  ( 0.9999999999999991118, 5.725000000546238255, -1.224646799147352468E-16 ) ) ;
#1679 = CARTESIAN_POINT ( 'NONE',  ( 0.7834936500000060366, 1.066666666666667762, 0.4523502697358580127 ) ) ;
#1681 = ORIENTED_EDGE ( 'NONE', *, *, #1312, .T. ) ;
#1680 = DIRECTION ( 'NONE',  ( -4.818676322157797005E-17, 1.000000000000000000, -0.000000000000000000 ) ) ;
#1682 = CARTESIAN_POINT ( 'NONE',  ( 0.4999999999999994449, 0.1916666672129047622, -0.8660254037844381525 ) ) ;
#1683 = CARTESIAN_POINT ( 'NONE',  ( 0.3917468249999994101, 1.966666666666667007, -0.6785254046037930697 ) ) ;
#1684 = CARTESIAN_POINT ( 'NONE',  ( -0.9999999999999991118, -0.8249999994537626780, 0.000000000000000000 ) ) ;
#1685 =( BOUNDED_CURVE ( )  B_SPLINE_CURVE ( 2, ( #2698, #2451, #1436, #265, #2683, #954, #704 ),
 .UNSPECIFIED., .F., .T. ) 
 B_SPLINE_CURVE_WITH_KNOTS ( ( 3, 2, 2, 3 ),
 ( 0.5681818181818181213, 0.5757575757575756903, 0.5833333333333333703, 0.5909090909090909394 ),
 .UNSPECIFIED. ) 
 CURVE ( )  GEOMETRIC_REPRESENTATION_ITEM ( )  RATIONAL_B_SPLINE_CURVE ( ( 1.000000000000001998, 0.8660254037844367092, 1.000000000000000000, 0.8660254037844387076, 1.000000000000000000, 0.8660254037844387076, 1.000000000000000000 ) ) 
 REPRESENTATION_ITEM ( '' )  );
#1686 = EDGE_CURVE ( 'NONE', #153, #1063, #2431, .T. ) ;
#1687 = CARTESIAN_POINT ( 'NONE',  ( 0.4807633020853074313, 0.1195356064389739292, -0.7461146870652684004 ) ) ;
#1688 = ADVANCED_FACE ( 'NONE', ( #1204, #3126 ), #1921, .T. ) ;
#1689 = CARTESIAN_POINT ( 'NONE',  ( 0.3917468249999994101, 1.666666667759141962, -0.6785254046037930697 ) ) ;
#1690 = FACE_OUTER_BOUND ( 'NONE', #2318, .T. ) ;
#1691 = CARTESIAN_POINT ( 'NONE',  ( -0.4999999999999991673, 2.841666667212904507, 0.8660254037844384856 ) ) ;
#1692 = CARTESIAN_POINT ( 'NONE',  ( -6.134483356379519550E-17, 5.675000000546237544, 1.154700538379250574 ) ) ;
#1693 = CARTESIAN_POINT ( 'NONE',  ( 0.9999999999999993339, 2.925000000546237988, -1.224646799147352468E-16 ) ) ;
#1694 = CARTESIAN_POINT ( 'NONE',  ( 0.7834936499999992643, 1.100000000000000311, -9.595029906247759787E-17 ) ) ;
#1695 = DIRECTION ( 'NONE',  ( 0.000000000000000000, 0.000000000000000000, 1.000000000000000000 ) ) ;
#1696 = EDGE_LOOP ( 'NONE', ( #1941, #2958, #476, #2865 ) ) ;
#1697 = CARTESIAN_POINT ( 'NONE',  ( -0.9999999999999991118, -0.5083333327870953600, -0.5773502691896251759 ) ) ;
#1698 = CARTESIAN_POINT ( 'NONE',  ( 0.7834936499999990422, 1.933333333333333792, -0.4523502697358622870 ) ) ;
#1699 = CARTESIAN_POINT ( 'NONE',  ( 2.470504510543038326E-16, -0.7249999994537624781, 1.154700538379250574 ) ) ;
#1700 = ORIENTED_EDGE ( 'NONE', *, *, #653, .F. ) ;
#1701 = FACE_OUTER_BOUND ( 'NONE', #981, .T. ) ;
#1702 =( BOUNDED_CURVE ( )  B_SPLINE_CURVE ( 2, ( #2029, #3023, #1497, #1512, #1788, #2502, #82 ),
 .UNSPECIFIED., .F., .T. ) 
 B_SPLINE_CURVE_WITH_KNOTS ( ( 3, 2, 2, 3 ),
 ( 0.5454545454545454142, 0.5530303030303029832, 0.5606060606060605522, 0.5681818181818182323 ),
 .UNSPECIFIED. ) 
 CURVE ( )  GEOMETRIC_REPRESENTATION_ITEM ( )  RATIONAL_B_SPLINE_CURVE ( ( 1.000000000000000000, 0.8660254037844387076, 1.000000000000000000, 0.8660254037844387076, 1.000000000000000000, 0.8660254037844387076, 1.000000000000000000 ) ) 
 REPRESENTATION_ITEM ( '' )  );
#1703 = CARTESIAN_POINT ( 'NONE',  ( 0.7834936499999991533, -1.166666665574191297, -0.4523502697358622870 ) ) ;
#1704 = DIRECTION ( 'NONE',  ( -1.000000000000000000, 0.000000000000000000, 0.000000000000000000 ) ) ;
#1705 = CARTESIAN_POINT ( 'NONE',  ( -0.9999999999999991118, -0.8249999994537626780, 0.000000000000000000 ) ) ;
#1706 = CARTESIAN_POINT ( 'NONE',  ( -3.152528392908233907E-16, 5.075000000546237899, -1.154700538379250574 ) ) ;
#1707 = CARTESIAN_POINT ( 'NONE',  ( 0.9999999999999991118, 3.758333333879571914, -0.5773502691896257311 ) ) ;
#1708 = CARTESIAN_POINT ( 'NONE',  ( 0.3917468249999994656, 0.3666666666666670293, -0.6785254046037930697 ) ) ;
#1709 = AXIS2_PLACEMENT_3D ( 'NONE', #1480, #2948, #1195 ) ;
#1711 = LINE ( 'NONE', #2696, #434 ) ;
#1710 = DIRECTION ( 'NONE',  ( -4.818676322157797005E-17, 1.000000000000000000, -0.000000000000000000 ) ) ;
#1712 = CARTESIAN_POINT ( 'NONE',  ( 0.9999999999999995559, -1.874999999453762500, -1.224646799147352468E-16 ) ) ;
#1713 = DIRECTION ( 'NONE',  ( -4.818676322157797005E-17, 1.000000000000000000, -0.000000000000000000 ) ) ;
#1714 = CARTESIAN_POINT ( 'NONE',  ( 0.5000000000000001110, -0.2916666661204291300, 0.8660254037844379305 ) ) ;
#1715 = VERTEX_POINT ( 'NONE', #2914 ) ;
#1716 = AXIS2_PLACEMENT_3D ( 'NONE', #2094, #1132, #3091 ) ;
#1717 = PRESENTATION_LAYER_ASSIGNMENT (  '', '', ( #120 ) ) ;
#1718 = CARTESIAN_POINT ( 'NONE',  ( -0.3917468249999999097, 1.733333334425809280, -0.6785254046037930697 ) ) ;
#1719 = CARTESIAN_POINT ( 'NONE',  ( -2.391491501453644789E-18, -1.099999998907524423, -0.9047005394717241300 ) ) ;
#1720 = DIRECTION ( 'NONE',  ( -4.818676322157797005E-17, 1.000000000000000000, -0.000000000000000000 ) ) ;
#1721 = CARTESIAN_POINT ( 'NONE',  ( 0.9999999999999991118, 0.2083333338795713419, -0.5773502691896257311 ) ) ;
#1722 = CARTESIAN_POINT ( 'NONE',  ( -0.9999999999999990008, 3.608333333879571114, 0.5773502691896258421 ) ) ;
#1723 =( BOUNDED_CURVE ( )  B_SPLINE_CURVE ( 2, ( #1600, #602, #365, #1584, #307, #1042, #1844 ),
 .UNSPECIFIED., .F., .T. ) 
 B_SPLINE_CURVE_WITH_KNOTS ( ( 3, 2, 2, 3 ),
 ( 0.3181818181818181213, 0.3257575757575756903, 0.3333333333333333148, 0.3409090909090908839 ),
 .UNSPECIFIED. ) 
 CURVE ( )  GEOMETRIC_REPRESENTATION_ITEM ( )  RATIONAL_B_SPLINE_CURVE ( ( 1.000000000000000888, 0.8660254037844377084, 1.000000000000000000, 0.8660254037844387076, 1.000000000000000000, 0.8660254037844387076, 1.000000000000000000 ) ) 
 REPRESENTATION_ITEM ( '' )  );
#1724 = CARTESIAN_POINT ( 'NONE',  ( -0.9999999999999996669, 4.291666667212904684, -0.5773502691896251759 ) ) ;
#1725 = CARTESIAN_POINT ( 'NONE',  ( 0.9999999999999993339, 6.141666667212905217, 0.5773502691896249539 ) ) ;
#1726 = CARTESIAN_POINT ( 'NONE',  ( 0.7834936499999960446, 1.966666667759141562, 0.4523502697358637858 ) ) ;
#1728 = DIRECTION ( 'NONE',  ( -1.000000000000000000, -4.818676322157797621E-17, 0.000000000000000000 ) ) ;
#1727 = CARTESIAN_POINT ( 'NONE',  ( -1.691890726435672622E-17, 3.800000000000000266, 0.9047005394717241300 ) ) ;
#1729 = CARTESIAN_POINT ( 'NONE',  ( 0.4999999999999993339, 2.191666667212905040, -0.8660254037844381525 ) ) ;
#1730 = CARTESIAN_POINT ( 'NONE',  ( -3.300614814081837816E-16, 5.700000001092475621, -0.9047005394717241300 ) ) ;
#1731 = CARTESIAN_POINT ( 'NONE',  ( -0.7834936499999991533, 0.5333333333333335480, 0.4523502697358623981 ) ) ;
#1732 = CARTESIAN_POINT ( 'NONE',  ( 2.085010404770414417E-16, 0.07500000054623794099, 1.154700538379250574 ) ) ;
#1733 = CARTESIAN_POINT ( 'NONE',  ( 0.8159094436495429870, 0.09913822855194517891, -0.4436476398126495413 ) ) ;
#1734 = CARTESIAN_POINT ( 'NONE',  ( -0.7834936499999992643, -2.199999998907525622, 0.000000000000000000 ) ) ;
#1735 = ADVANCED_FACE ( 'NONE', ( #1952 ), #469, .F. ) ;
#1736 = CARTESIAN_POINT ( 'NONE',  ( -0.9999999999999991118, -1.674999999453761879, 0.000000000000000000 ) ) ;
#1737 = CARTESIAN_POINT ( 'NONE',  ( -0.4999999999999997780, 0.7083333338795708700, -0.8660254037844380415 ) ) ;
#1738 = CARTESIAN_POINT ( 'NONE',  ( 0.9999999999999991118, 3.408333333879570937, -0.5773502691896257311 ) ) ;
#1739 = CARTESIAN_POINT ( 'NONE',  ( -0.4999999999999998890, 2.658333333879571381, -0.8660254037844380415 ) ) ;
#1740 = CARTESIAN_POINT ( 'NONE',  ( -0.3917468249999992991, 3.366666666666667140, 0.6785254046037934028 ) ) ;
#1741 = LINE ( 'NONE', #2496, #3047 ) ;
#1743 = ORIENTED_EDGE ( 'NONE', *, *, #257, .F. ) ;
#1742 = CARTESIAN_POINT ( 'NONE',  ( -0.7834936499999997084, 6.100000000000000533, 0.000000000000000000 ) ) ;
#1744 = CARTESIAN_POINT ( 'NONE',  ( -0.9999999999999993339, 1.925000000546237988, 0.000000000000000000 ) ) ;
#1745 = CARTESIAN_POINT ( 'NONE',  ( -0.7834936499999995974, 5.000000001092476332, 0.000000000000000000 ) ) ;
#1746 = CARTESIAN_POINT ( 'NONE',  ( -0.9999999999999991118, -2.024999999453763078, 0.000000000000000000 ) ) ;
#1747 = CARTESIAN_POINT ( 'NONE',  ( -0.9999999999999996669, 5.491666667212905750, -0.5773502691896251759 ) ) ;
#1748 = CARTESIAN_POINT ( 'NONE',  ( -0.7834936499999992643, -1.033333332240857994, -0.4523502697358619540 ) ) ;
#1749 = CARTESIAN_POINT ( 'NONE',  ( 0.4999999999999995559, -1.808333332787096071, -0.8660254037844381525 ) ) ;
#1750 = CARTESIAN_POINT ( 'NONE',  ( -2.767034287135610491E-16, 4.275000000546237189, -1.154700538379250574 ) ) ;
#1751 = CARTESIAN_POINT ( 'NONE',  ( 0.9999999999999993339, 3.325000000546238343, -1.224646799147352468E-16 ) ) ;
#1752 = DIRECTION ( 'NONE',  ( -1.000000000000000000, 0.000000000000000000, 0.000000000000000000 ) ) ;
#1753 = CARTESIAN_POINT ( 'NONE',  ( 3.608653222673618511E-17, 2.700000001092475621, 0.9047005394717241300 ) ) ;
#1755 = ORIENTED_EDGE ( 'NONE', *, *, #1291, .T. ) ;
#1754 = CARTESIAN_POINT ( 'NONE',  ( -1.132924337075126848E-16, 5.800000000000000711, 0.9047005394717241300 ) ) ;
#1756 = CARTESIAN_POINT ( 'NONE',  ( -2.550193852638509112E-16, 3.825000000546238343, -1.154700538379250796 ) ) ;
#1757 = CARTESIAN_POINT ( 'NONE',  ( -0.9999999999999991118, -1.708333332787095094, -0.5773502691896251759 ) ) ;
#1758 = CARTESIAN_POINT ( 'NONE',  ( -0.1617438141024999942, 4.365294074621516529, -0.8573749811050818126 ) ) ;
#1759 = CARTESIAN_POINT ( 'NONE',  ( 3.048745669201973695E-16, -1.924999999453762323, 1.154700538379250574 ) ) ;
#1760 = CARTESIAN_POINT ( 'NONE',  ( 0.4999999999999994449, 0.6416666672129046622, -0.8660254037844381525 ) ) ;
#1761 = CARTESIAN_POINT ( 'NONE',  ( 0.9999999999999993339, 5.691666667212904152, 0.5773502691896249539 ) ) ;
#1762 = CARTESIAN_POINT ( 'NONE',  ( 0.3917468250000000762, -2.066666665574191430, 0.6785254046037929587 ) ) ;
#1763 = FACE_OUTER_BOUND ( 'NONE', #1152, .T. ) ;
#1764 = AXIS2_PLACEMENT_3D ( 'NONE', #170, #1274, #1150 ) ;
#1765 = CARTESIAN_POINT ( 'NONE',  ( 0.9999999999999993339, 2.975000000546237811, -1.224646799147352468E-16 ) ) ;
#1766 = CARTESIAN_POINT ( 'NONE',  ( -0.9999999999999990008, 1.158333333879571603, 0.5773502691896258421 ) ) ;
#1767 = CARTESIAN_POINT ( 'NONE',  ( -0.3917468249999992436, 1.866666667759142584, 0.6785254046037934028 ) ) ;
#1769 = CARTESIAN_POINT ( 'NONE',  ( -0.3917468250000000207, 3.733333334425808836, -0.6785254046037930697 ) ) ;
#1768 = CARTESIAN_POINT ( 'NONE',  ( 0.3917468249999991881, 6.366666666666667140, -0.6785254046037930697 ) ) ;
#1770 = CARTESIAN_POINT ( 'NONE',  ( -0.9999999999999993339, 2.691666667212905040, -0.5773502691896252870 ) ) ;
#1771 = CARTESIAN_POINT ( 'NONE',  ( -7.956169950505091343E-17, 5.100000001092475088, 0.9047005394717241300 ) ) ;
#1772 = CARTESIAN_POINT ( 'NONE',  ( 0.7834936499999991533, 4.500000000000000888, 9.595029906247759787E-17 ) ) ;
#1773 = CARTESIAN_POINT ( 'NONE',  ( -0.4999999999999996669, -1.691666666120428486, -0.8660254037844380415 ) ) ;
#1774 = CARTESIAN_POINT ( 'NONE',  ( -0.4999999999999991673, 2.041666667212904684, 0.8660254037844384856 ) ) ;
#1775 = CARTESIAN_POINT ( 'NONE',  ( 0.9999999999999993339, 5.291666667212904684, 0.5773502691896249539 ) ) ;
#1776 = DIRECTION ( 'NONE',  ( -1.000000000000000000, 0.000000000000000000, 0.000000000000000000 ) ) ;
#1777 = ADVANCED_FACE ( 'NONE', ( #1644 ), #963, .F. ) ;
#1778 = CARTESIAN_POINT ( 'NONE',  ( -0.3917468249999998542, 0.8333333333333334814, -0.6785254046037930697 ) ) ;
#1779 =( BOUNDED_CURVE ( )  B_SPLINE_CURVE ( 2, ( #2371, #3056, #2809, #612, #2619, #1609, #1821 ),
 .UNSPECIFIED., .F., .T. ) 
 B_SPLINE_CURVE_WITH_KNOTS ( ( 3, 2, 2, 3 ),
 ( 0.5454545454545454142, 0.5530303030303029832, 0.5606060606060604412, 0.5681818181818181213 ),
 .UNSPECIFIED. ) 
 CURVE ( )  GEOMETRIC_REPRESENTATION_ITEM ( )  RATIONAL_B_SPLINE_CURVE ( ( 1.000000000000000000, 0.8660254037844387076, 1.000000000000000000, 0.8660254037844387076, 1.000000000000000000, 0.8660254037844407060, 0.9999999999999980016 ) ) 
 REPRESENTATION_ITEM ( '' )  );
#1780 = CARTESIAN_POINT ( 'NONE',  ( 0.5000000000000000000, 0.8583333338795717804, 0.8660254037844379305 ) ) ;
#1781 = CARTESIAN_POINT ( 'NONE',  ( -0.4999999999999993339, 6.041666667212904684, 0.8660254037844384856 ) ) ;
#1782 = CARTESIAN_POINT ( 'NONE',  ( 0.3917468249999999097, 2.233333333333333837, 0.6785254046037929587 ) ) ;
#1784 = CARTESIAN_POINT ( 'NONE',  ( 0.7834936500000029280, 3.066666666666667762, 0.4523502697358598446 ) ) ;
#1783 = CARTESIAN_POINT ( 'NONE',  ( 0.6701842547643540593, 4.257025287081297016, 0.5177694795768752467 ) ) ;
#1785 = CARTESIAN_POINT ( 'NONE',  ( -0.9999999999999993339, 3.091666667212904951, -0.5773502691896252870 ) ) ;
#1786 = CARTESIAN_POINT ( 'NONE',  ( 0.7834936499999991533, 4.400000001092474911, -9.595029906247759787E-17 ) ) ;
#1787 = CARTESIAN_POINT ( 'NONE',  ( -0.7834936499999995974, 4.500000000000000888, 0.000000000000000000 ) ) ;
#1788 = CARTESIAN_POINT ( 'NONE',  ( 0.3917468249999994101, 1.266666667759141829, -0.6785254046037930697 ) ) ;
#1789 = EDGE_CURVE ( 'NONE', #857, #1453, #2652, .T. ) ;
#1790 = ORIENTED_EDGE ( 'NONE', *, *, #305, .F. ) ;
#1791 = CARTESIAN_POINT ( 'NONE',  ( -0.9999999999999986677, -1.191666666120428708, 0.5773502691896258421 ) ) ;
#1792 = CARTESIAN_POINT ( 'NONE',  ( 0.9999999999999996669, 1.341666667212904729, 0.5773502691896250649 ) ) ;
#1793 = CARTESIAN_POINT ( 'NONE',  ( 0.9999999999999990008, 6.158333333879571825, -0.5773502691896257311 ) ) ;
#1794 = CARTESIAN_POINT ( 'NONE',  ( -2.168404344971008868E-16, 4.500000000000000888, 0.000000000000000000 ) ) ;
#1795 = CARTESIAN_POINT ( 'NONE',  ( -0.7834936500000060366, 1.033333334425808658, 0.4523502697358587343 ) ) ;
#1796 = CARTESIAN_POINT ( 'NONE',  ( 0.7834936499999993753, 1.466666666666667229, 0.4523502697358617874 ) ) ;
#1797 = CARTESIAN_POINT ( 'NONE',  ( -1.008217429548014218E-16, 0.6250000005462380548, -1.154700538379250574 ) ) ;
#1798 = CARTESIAN_POINT ( 'NONE',  ( -0.9999999999999991118, 4.808333333879570404, 0.5773502691896258421 ) ) ;
#1799 = CARTESIAN_POINT ( 'NONE',  ( 0.7834936499999991533, -1.266666666666666829, -0.4523502697358622870 ) ) ;
#1800 = CARTESIAN_POINT ( 'NONE',  ( -0.7834936499999995974, 4.500000000000000888, 0.000000000000000000 ) ) ;
#1801 = AXIS2_PLACEMENT_3D ( 'NONE', #2149, #2941, #1148 ) ;
#1802 = CARTESIAN_POINT ( 'NONE',  ( -1.393711535320637880E-16, 1.425000000546238432, -1.154700538379250796 ) ) ;
#1803 = CARTESIAN_POINT ( 'NONE',  ( -0.3917468250000000762, 4.533333334425808658, -0.6785254046037930697 ) ) ;
#1804 =( BOUNDED_CURVE ( )  B_SPLINE_CURVE ( 2, ( #3001, #789, #1769, #1281, #61, #803, #2266 ),
 .UNSPECIFIED., .F., .T. ) 
 B_SPLINE_CURVE_WITH_KNOTS ( ( 3, 2, 2, 3 ),
 ( 0.2727272727272727071, 0.2803030303030302761, 0.2878787878787879562, 0.2954545454545455252 ),
 .UNSPECIFIED. ) 
 CURVE ( )  GEOMETRIC_REPRESENTATION_ITEM ( )  RATIONAL_B_SPLINE_CURVE ( ( 1.000000000000000000, 0.8660254037844387076, 1.000000000000000000, 0.8660254037844387076, 1.000000000000000000, 0.8660254037844377084, 1.000000000000000888 ) ) 
 REPRESENTATION_ITEM ( '' )  );
#1805 = CARTESIAN_POINT ( 'NONE',  ( -0.9207531758193715499, 4.420753175819362113, 1.383092581445705755E-13 ) ) ;
#1806 = CARTESIAN_POINT ( 'NONE',  ( 1.241715061590681277E-17, -1.724999999453761701, -1.154700538379250574 ) ) ;
#1807 = EDGE_LOOP ( 'NONE', ( #1892, #2078, #2549 ) ) ;
#1808 = ORIENTED_EDGE ( 'NONE', *, *, #1006, .T. ) ;
#1809 = CARTESIAN_POINT ( 'NONE',  ( 2.277757457656726371E-16, -0.3249999994537622339, 1.154700538379250574 ) ) ;
#1810 = CARTESIAN_POINT ( 'NONE',  ( 0.5000000000000000000, 1.308333333879570848, 0.8660254037844379305 ) ) ;
#1811 = CARTESIAN_POINT ( 'NONE',  ( -0.9999999999999996669, 5.091666667212904507, -0.5773502691896251759 ) ) ;
#1812 = CARTESIAN_POINT ( 'NONE',  ( 0.7834936499999994863, 0.7666666677591424950, 0.4523502697358617874 ) ) ;
#1813 = CARTESIAN_POINT ( 'NONE',  ( -1.324957521470713066E-16, 1.600000000000000755, -0.9047005394717241300 ) ) ;
#1814 = CARTESIAN_POINT ( 'NONE',  ( -0.9999999999999990008, 2.358333333879571558, 0.5773502691896258421 ) ) ;
#1815 = CARTESIAN_POINT ( 'NONE',  ( 0.9999999999999991118, 3.408333333879570937, -0.5773502691896257311 ) ) ;
#1816 = CARTESIAN_POINT ( 'NONE',  ( 0.3917468250000000762, -1.366666666666667140, 0.6785254046037929587 ) ) ;
#1817 = EDGE_CURVE ( 'NONE', #171, #1611, #470, .T. ) ;
#1818 = CARTESIAN_POINT ( 'NONE',  ( -0.7834936499999992643, 4.533333333333334103, 0.4523502697358625091 ) ) ;
#1819 = CARTESIAN_POINT ( 'NONE',  ( 1.916356733494891149E-16, 0.4250000005462384323, 1.154700538379250796 ) ) ;
#1820 = CARTESIAN_POINT ( 'NONE',  ( -0.7834936499999994863, 4.966666667759142229, -0.4523502697358619540 ) ) ;
#1821 = CARTESIAN_POINT ( 'NONE',  ( 0.7834936499999992643, 1.500000000000000444, -9.595029906247759787E-17 ) ) ;
#1822 = CARTESIAN_POINT ( 'NONE',  ( -1.758638390991343169E-16, 2.500000001092475888, -0.9047005394717241300 ) ) ;
#1823 = ORIENTED_EDGE ( 'NONE', *, *, #2731, .F. ) ;
#1824 = CARTESIAN_POINT ( 'NONE',  ( 0.9999999999999998890, -1.458333332787096426, 0.5773502691896249539 ) ) ;
#1825 = CARTESIAN_POINT ( 'NONE',  ( 0.7834936499999992643, 2.000000001092474999, -9.595029906247759787E-17 ) ) ;
#1826 = CARTESIAN_POINT ( 'NONE',  ( -0.9999999999999993339, 3.491666667212904862, -0.5773502691896251759 ) ) ;
#1827 = CARTESIAN_POINT ( 'NONE',  ( 0.9999999999999991118, 4.175000000546238432, -1.224646799147352468E-16 ) ) ;
#1828 = CARTESIAN_POINT ( 'NONE',  ( -0.3917468249999991881, 1.066666667759142317, 0.6785254046037934028 ) ) ;
#1829 = CARTESIAN_POINT ( 'NONE',  ( 0.7834936499999990422, 2.733333333333333837, -0.4523502697358622870 ) ) ;
#1830 = CARTESIAN_POINT ( 'NONE',  ( 0.9999999999999996669, 1.691666667212904374, 0.5773502691896249539 ) ) ;
#1831 = CARTESIAN_POINT ( 'NONE',  ( -0.9999999999999991118, 4.408333333879570937, 0.5773502691896258421 ) ) ;
#1832 = CARTESIAN_POINT ( 'NONE',  ( 0.7834936499999994863, -1.333333333333333925, 0.4523502697358617874 ) ) ;
#1833 = CARTESIAN_POINT ( 'NONE',  ( -0.7834936499999995974, 4.900000000000000355, 0.000000000000000000 ) ) ;
#1834 = CARTESIAN_POINT ( 'NONE',  ( 0.4999999999999994449, 0.1916666672129047622, -0.8660254037844381525 ) ) ;
#1835 = CARTESIAN_POINT ( 'NONE',  ( 0.7834936499999991533, 3.600000001092475532, -9.595029906247759787E-17 ) ) ;
#1836 = CARTESIAN_POINT ( 'NONE',  ( -0.3917468249999999652, 2.833333333333333481, -0.6785254046037930697 ) ) ;
#1837 = ORIENTED_EDGE ( 'NONE', *, *, #449, .T. ) ;
#1838 = CARTESIAN_POINT ( 'NONE',  ( 0.7834936499999989312, 3.933333333333334014, -0.4523502697358622870 ) ) ;
#1839 = CARTESIAN_POINT ( 'NONE',  ( 0.9999999999999991118, 3.358333333879571114, -0.5773502691896257311 ) ) ;
#1840 = CARTESIAN_POINT ( 'NONE',  ( -0.9999999999999993339, 1.141666667212904329, -0.5773502691896251759 ) ) ;
#1841 = CARTESIAN_POINT ( 'NONE',  ( 0.9999999999999991118, 4.175000000546238432, -1.224646799147352468E-16 ) ) ;
#1842 = CARTESIAN_POINT ( 'NONE',  ( 0.9999999999999993339, 0.9250000005462379882, -1.224646799147352468E-16 ) ) ;
#1843 = CARTESIAN_POINT ( 'NONE',  ( 0.3917468249999994101, 1.566666666666666652, -0.6785254046037930697 ) ) ;
#1844 = CARTESIAN_POINT ( 'NONE',  ( 0.7834936499999991533, 3.500000000000000444, -9.595029906247759787E-17 ) ) ;
#1845 = CARTESIAN_POINT ( 'NONE',  ( 0.9999999999999991118, -0.2416666661204285305, -0.5773502691896257311 ) ) ;
#1846 = CARTESIAN_POINT ( 'NONE',  ( -0.4999999999999992784, 4.041666667212903796, 0.8660254037844384856 ) ) ;
#1847 = CARTESIAN_POINT ( 'NONE',  ( 0.7834936499999994863, -0.5333333333333326598, 0.4523502697358617874 ) ) ;
#1848 = CARTESIAN_POINT ( 'NONE',  ( 0.7834936499999989312, 4.333333333333333925, -0.4523502697358622870 ) ) ;
#1849 = CARTESIAN_POINT ( 'NONE',  ( -0.9999999999999988898, 0.3583333338795712808, 0.5773502691896259531 ) ) ;
#1850 = CARTESIAN_POINT ( 'NONE',  ( 0.3917468249999994101, 2.066666667759142317, -0.6785254046037930697 ) ) ;
#1851 = SURFACE_STYLE_FILL_AREA ( #2316 ) ;
#1852 = AXIS2_PLACEMENT_3D ( 'NONE', #1907, #2165, #3148 ) ;
#1854 = ORIENTED_EDGE ( 'NONE', *, *, #278, .T. ) ;
#1853 = CARTESIAN_POINT ( 'NONE',  ( 0.000000000000000000, 0.000000000000000000, 0.000000000000000000 ) ) ;
#1855 = ORIENTED_EDGE ( 'NONE', *, *, #395, .T. ) ;
#1856 = DIRECTION ( 'NONE',  ( -4.818676322157797005E-17, 1.000000000000000000, -0.000000000000000000 ) ) ;
#1857 = CARTESIAN_POINT ( 'NONE',  ( -0.9999999999999993339, 3.125000000546238166, 0.000000000000000000 ) ) ;
#1858 = CARTESIAN_POINT ( 'NONE',  ( 0.4999999999999993339, 2.241666667212904418, -0.8660254037844381525 ) ) ;
#1859 = CARTESIAN_POINT ( 'NONE',  ( 0.4999999999999993339, 2.641666667212904773, -0.8660254037844381525 ) ) ;
#1861 = CARTESIAN_POINT ( 'NONE',  ( -1.971952693979573249E-16, 2.625000000546238166, -1.154700538379250574 ) ) ;
#1860 = VECTOR ( 'NONE', #614, 1000.000000000000000 ) ;
#1862 = CARTESIAN_POINT ( 'NONE',  ( -0.7834936499999992643, 0.6333333344258089692, 0.4523502697358625091 ) ) ;
#1863 = ORIENTED_EDGE ( 'NONE', *, *, #74, .T. ) ;
#1864 = CARTESIAN_POINT ( 'NONE',  ( -0.4999999999999997780, -1.341666666120428841, -0.8660254037844380415 ) ) ;
#1865 = CARTESIAN_POINT ( 'NONE',  ( 0.4999999999999993339, 1.041666667212904018, -0.8660254037844381525 ) ) ;
#1866 = CARTESIAN_POINT ( 'NONE',  ( -0.3917468249999991325, -0.2333333333333327819, 0.6785254046037934028 ) ) ;
#1867 = CARTESIAN_POINT ( 'NONE',  ( -0.7834936499999994863, 4.866666666666666252, -0.4523502697358619540 ) ) ;
#1868 = CARTESIAN_POINT ( 'NONE',  ( -0.9999999999999996669, 5.491666667212905750, -0.5773502691896251759 ) ) ;
#1869 = CARTESIAN_POINT ( 'NONE',  ( -0.3750023625274312433, -1.569555910683193661E-07, 0.9270238551940526150 ) ) ;
#1870 = CARTESIAN_POINT ( 'NONE',  ( 0.7834936499999993753, 1.966666667759142006, 0.4523502697358617874 ) ) ;
#1871 = CYLINDRICAL_SURFACE ( 'NONE', #524, 0.7834936499999993753 ) ;
#1873 = VERTEX_POINT ( 'NONE', #978 ) ;
#1872 = CARTESIAN_POINT ( 'NONE',  ( -0.7834936499999994863, 1.700000000000000178, 0.000000000000000000 ) ) ;
#1874 = EDGE_CURVE ( 'NONE', #153, #1405, #2006, .T. ) ;
#1875 = CARTESIAN_POINT ( 'NONE',  ( -0.4999999999999990563, -0.8083333327870952933, 0.8660254037844384856 ) ) ;
#1876 = CARTESIAN_POINT ( 'NONE',  ( -0.7834936499999997084, 3.366666667759142140, -0.4523502697358619540 ) ) ;
#1877 = CARTESIAN_POINT ( 'NONE',  ( -0.9999999999999993339, 2.341666667212904507, -0.5773502691896251759 ) ) ;
#1878 = PRODUCT_DEFINITION_SHAPE ( 'NONE', 'NONE',  #1217 ) ;
#1879 = CARTESIAN_POINT ( 'NONE',  ( 0.3917468249999994101, 2.366666666666667140, -0.6785254046037930697 ) ) ;
#1880 = CARTESIAN_POINT ( 'NONE',  ( 0.9999999999999991118, 1.358333333879571336, -0.5773502691896257311 ) ) ;
#1881 = CARTESIAN_POINT ( 'NONE',  ( 0.3917468249999999097, 1.533333334425808658, 0.6785254046037929587 ) ) ;
#1882 = ORIENTED_EDGE ( 'NONE', *, *, #2362, .F. ) ;
#1883 = ADVANCED_FACE ( 'NONE', ( #740 ), #15, .F. ) ;
#1884 = CARTESIAN_POINT ( 'NONE',  ( 0.4999999999999994449, 0.1916666672129047622, -0.8660254037844381525 ) ) ;
#1885 = CARTESIAN_POINT ( 'NONE',  ( -1.803299022704050721E-16, 2.275000000546237633, -1.154700538379250574 ) ) ;
#1886 = CARTESIAN_POINT ( 'NONE',  ( 0.7834936499999992643, -1.666666666666666963, -0.4523502697358622870 ) ) ;
#1887 = CARTESIAN_POINT ( 'NONE',  ( -0.3917468249999992991, 2.966666666666666785, 0.6785254046037934028 ) ) ;
#1888 = CARTESIAN_POINT ( 'NONE',  ( -7.821020069134748532E-17, 6.025000000546238077, 1.154700538379250574 ) ) ;
#1889 = CARTESIAN_POINT ( 'NONE',  ( 0.7834936500000060366, 0.2666666666666673846, 0.4523502697358580127 ) ) ;
#1890 = CARTESIAN_POINT ( 'NONE',  ( 5.536123751536738669E-17, 2.300000001092475710, 0.9047005394717241300 ) ) ;
#1892 = ORIENTED_EDGE ( 'NONE', *, *, #164, .T. ) ;
#1891 = CARTESIAN_POINT ( 'NONE',  ( -0.7834936499999994863, 0.9000000000000005773, 0.000000000000000000 ) ) ;
#1893 = ORIENTED_EDGE ( 'NONE', *, *, #1576, .T. ) ;
#1894 = CARTESIAN_POINT ( 'NONE',  ( 0.5000000000000001110, -0.3416666661204287858, 0.8660254037844379305 ) ) ;
#1895 = CARTESIAN_POINT ( 'NONE',  ( -2.168404344971008868E-16, 4.500000000000000888, 0.000000000000000000 ) ) ;
#1896 = EDGE_CURVE ( 'NONE', #2776, #2061, #1333, .T. ) ;
#1897 = CARTESIAN_POINT ( 'NONE',  ( 0.9999999999999996669, 1.341666667212904729, 0.5773502691896249539 ) ) ;
#1898 = CARTESIAN_POINT ( 'NONE',  ( -0.07738235380920359396, 4.469841176958957440, 1.110023815576979933 ) ) ;
#1899 = CARTESIAN_POINT ( 'NONE',  ( -0.9999999999999990008, 1.958333333879571203, 0.5773502691896258421 ) ) ;
#1900 = CARTESIAN_POINT ( 'NONE',  ( 0.7834936499999993753, 0.4000000010924752436, -9.595029906247759787E-17 ) ) ;
#1901 = ORIENTED_EDGE ( 'NONE', *, *, #212, .T. ) ;
#1902 = CARTESIAN_POINT ( 'NONE',  ( 1.916356733494891149E-16, 0.4250000005462384323, 1.154700538379250574 ) ) ;
#1903 = CARTESIAN_POINT ( 'NONE',  ( -0.9999999999999990008, 0.8083333338795711809, 0.5773502691896258421 ) ) ;
#1904 = CARTESIAN_POINT ( 'NONE',  ( -0.9999999999999996669, 5.941666667212905040, -0.5773502691896251759 ) ) ;
#1905 = CARTESIAN_POINT ( 'NONE',  ( -3.706676169956380343E-16, 6.225000000546238255, -1.154700538379250574 ) ) ;
#1906 = CARTESIAN_POINT ( 'NONE',  ( -0.7834936499999992643, 0.4666666666666673402, -0.4523502697358619540 ) ) ;
#1908 = ORIENTED_EDGE ( 'NONE', *, *, #2317, .F. ) ;
#1907 = CARTESIAN_POINT ( 'NONE',  ( -2.064076942736828778E-16, 4.283493650000002262, 0.000000000000000000 ) ) ;
#1909 = EDGE_LOOP ( 'NONE', ( #250, #2374, #1983, #1319 ) ) ;
#1910 = CARTESIAN_POINT ( 'NONE',  ( 0.4999999999999994449, -0.6083333327870955598, -0.8660254037844381525 ) ) ;
#1911 = CARTESIAN_POINT ( 'NONE',  ( 0.3917468249999999652, 0.6333333333333338588, 0.6785254046037929587 ) ) ;
#1912 = CARTESIAN_POINT ( 'NONE',  ( 0.4999999999999994449, -0.5583333327870958485, -0.8660254037844381525 ) ) ;
#1913 = CIRCLE ( 'NONE', #1282, 0.9999999999999995559 ) ;
#1914 = CARTESIAN_POINT ( 'NONE',  ( -0.9999999999999993339, 2.741666667212904418, -0.5773502691896252870 ) ) ;
#1915 = CARTESIAN_POINT ( 'NONE',  ( -3.706676169956380343E-16, 6.225000000546238255, -1.154700538379250574 ) ) ;
#1916 = CARTESIAN_POINT ( 'NONE',  ( 1.131853533812609668E-16, 1.100000001092475310, 0.9047005394717241300 ) ) ;
#1917 = CARTESIAN_POINT ( 'NONE',  ( 0.4999999999999994449, -0.2083333327870953988, -0.8660254037844381525 ) ) ;
#1918 = CARTESIAN_POINT ( 'NONE',  ( -0.9999999999999990008, 2.408333333879571381, 0.5773502691896258421 ) ) ;
#1919 = CARTESIAN_POINT ( 'NONE',  ( 0.3917468249999995766, -1.633333333333333748, -0.6785254046037930697 ) ) ;
#1920 = CARTESIAN_POINT ( 'NONE',  ( -0.9999999999999991118, 5.958333333879570759, 0.5773502691896258421 ) ) ;
#1921 = PLANE ( 'NONE',  #933 ) ;
#1922 = ADVANCED_FACE ( 'NONE', ( #497 ), #2441, .T. ) ;
#1924 = VERTEX_POINT ( 'NONE', #509 ) ;
#1923 = CARTESIAN_POINT ( 'NONE',  ( 0.7834936499999992643, 0.8000000010924754879, -9.595029906247759787E-17 ) ) ;
#1925 = UNCERTAINTY_MEASURE_WITH_UNIT (LENGTH_MEASURE( 1.000000000000000082E-05 ), #1592, 'distance_accuracy_value', 'NONE');
#1926 = ORIENTED_EDGE ( 'NONE', *, *, #1896, .T. ) ;
#1927 = VECTOR ( 'NONE', #1197, 1000.000000000000000 ) ;
#1928 = EDGE_CURVE ( 'NONE', #1924, #2123, #1976, .T. ) ;
#1929 = CARTESIAN_POINT ( 'NONE',  ( -0.9999999999999991118, -1.274999999453761745, 0.000000000000000000 ) ) ;
#1930 = CARTESIAN_POINT ( 'NONE',  ( -0.1939660370505891240, 4.283495631035735940, 0.7591043907534790192 ) ) ;
#1931 = CARTESIAN_POINT ( 'NONE',  ( 0.9999999999999993339, -0.5916666661204289523, -0.5773502691896257311 ) ) ;
#1932 = CARTESIAN_POINT ( 'NONE',  ( -0.7834936499999959336, 2.533333333333333659, 0.4523502697358643965 ) ) ;
#1933 = CARTESIAN_POINT ( 'NONE',  ( -0.7834936499999994863, 1.000000001092474999, 0.000000000000000000 ) ) ;
#1934 = CARTESIAN_POINT ( 'NONE',  ( 0.6439658369690175466, 0.04516606723731267370, 0.7092922155133850604 ) ) ;
#1935 = CARTESIAN_POINT ( 'NONE',  ( 1.314022193225166847E-16, 1.675000000546237766, 1.154700538379250574 ) ) ;
#1936 = CARTESIAN_POINT ( 'NONE',  ( -0.7834936499999990422, -1.866666666666665586, 0.4523502697358625091 ) ) ;
#1937 = ADVANCED_FACE ( 'NONE', ( #1690, #3173 ), #526, .T. ) ;
#1938 = CARTESIAN_POINT ( 'NONE',  ( -3.128435011297444481E-16, 5.025000000546238077, -1.154700538379250574 ) ) ;
#1939 = CARTESIAN_POINT ( 'NONE',  ( 0.1939660242202649043, 0.2165043689650215930, 0.7591043940318785710 ) ) ;
#1941 = ORIENTED_EDGE ( 'NONE', *, *, #2129, .F. ) ;
#1940 = CARTESIAN_POINT ( 'NONE',  ( -9.876501794460958451E-17, 0.9000000010924757987, -0.9047005394717241300 ) ) ;
#1942 = CARTESIAN_POINT ( 'NONE',  ( 0.9999999999999995559, -1.074999999453762012, -1.224646799147352468E-16 ) ) ;
#1943 = CARTESIAN_POINT ( 'NONE',  ( -2.168404344971008868E-16, 4.500000000000000888, 0.000000000000000000 ) ) ;
#1944 = CARTESIAN_POINT ( 'NONE',  ( 0.9999999999999996669, 0.1416666672129042182, 0.5773502691896249539 ) ) ;
#1945 = CYLINDRICAL_SURFACE ( 'NONE', #1153, 0.7834936499999993753 ) ;
#1946 = CARTESIAN_POINT ( 'NONE',  ( 0.3917468250000000762, -1.266666665574190942, 0.6785254046037929587 ) ) ;
#1947 = CARTESIAN_POINT ( 'NONE',  ( 0.7834936499999997084, 0.3666666677591421397, 0.4523502697358617874 ) ) ;
#1948 = CARTESIAN_POINT ( 'NONE',  ( -0.4999999999999997780, -0.4916666661204287525, -0.8660254037844380415 ) ) ;
#1949 = CARTESIAN_POINT ( 'NONE',  ( -4.207012827516400625E-17, 5.275000000546238077, 1.154700538379250574 ) ) ;
#1950 =( BOUNDED_CURVE ( )  B_SPLINE_CURVE ( 2, ( #742, #951, #440, #1727, #426, #2390, #189 ),
 .UNSPECIFIED., .F., .T. ) 
 B_SPLINE_CURVE_WITH_KNOTS ( ( 3, 2, 2, 3 ),
 ( 0.2954545454545454697, 0.3030303030303030387, 0.3106060606060605522, 0.3181818181818181213 ),
 .UNSPECIFIED. ) 
 CURVE ( )  GEOMETRIC_REPRESENTATION_ITEM ( )  RATIONAL_B_SPLINE_CURVE ( ( 1.000000000000000000, 0.8660254037844387076, 1.000000000000000000, 0.8660254037844387076, 1.000000000000000000, 0.8660254037844397068, 0.9999999999999990008 ) ) 
 REPRESENTATION_ITEM ( '' )  );
#1951 = CARTESIAN_POINT ( 'NONE',  ( 0.4999999999999998890, 3.658333333879571381, 0.8660254037844379305 ) ) ;
#1952 = FACE_OUTER_BOUND ( 'NONE', #1593, .T. ) ;
#1954 = CARTESIAN_POINT ( 'NONE',  ( -0.1653949822660913394, 4.477008893643605880, 0.9660438751904159016 ) ) ;
#1953 = FACE_OUTER_BOUND ( 'NONE', #1352, .T. ) ;
#1955 = CARTESIAN_POINT ( 'NONE',  ( 0.3917468249999997432, 5.533333334425808658, 0.6785254046037929587 ) ) ;
#1956 = CARTESIAN_POINT ( 'NONE',  ( -0.7834936499999994863, 2.200000001092475621, 0.000000000000000000 ) ) ;
#1957 = CARTESIAN_POINT ( 'NONE',  ( 0.9999999999999998890, -0.6583333327870952711, 0.5773502691896249539 ) ) ;
#1958 = EDGE_LOOP ( 'NONE', ( #2848, #1901, #3130, #2375 ) ) ;
#1959 = CARTESIAN_POINT ( 'NONE',  ( -1.493789659868917275E-16, 3.100000000000000533, 0.000000000000000000 ) ) ;
#1960 = CARTESIAN_POINT ( 'NONE',  ( -0.3917468249999991325, -0.5333333322408576604, 0.6785254046037934028 ) ) ;
#1961 = CARTESIAN_POINT ( 'NONE',  ( 1.482648877698570450E-17, -1.774999999453761301, -1.154700538379250574 ) ) ;
#1962 = CARTESIAN_POINT ( 'NONE',  ( -0.9999999999999991118, -1.224999999453761923, 0.000000000000000000 ) ) ;
#1963 = CARTESIAN_POINT ( 'NONE',  ( -2.959781340021921952E-16, 4.675000000546238432, -1.154700538379250574 ) ) ;
#1964 = CARTESIAN_POINT ( 'NONE',  ( -0.5000000000000000000, 4.258333333879571470, -0.8660254037844380415 ) ) ;
#1965 = CARTESIAN_POINT ( 'NONE',  ( -3.730769551567169769E-16, 6.275000000546237189, -1.154700538379250574 ) ) ;
#1966 = CARTESIAN_POINT ( 'NONE',  ( 1.816332575180844862E-17, 4.025000000546238077, 1.154700538379250796 ) ) ;
#1968 = EDGE_LOOP ( 'NONE', ( #3076, #1388, #1370, #3075 ) ) ;
#1967 = CARTESIAN_POINT ( 'NONE',  ( -2.168404344971008868E-16, 4.500000000000000888, 0.000000000000000000 ) ) ;
#1969 = CARTESIAN_POINT ( 'NONE',  ( -0.9999999999999993339, 3.491666667212904862, -0.5773502691896252870 ) ) ;
#1970 = CARTESIAN_POINT ( 'NONE',  ( 1.482648877698570450E-17, -1.774999999453761301, -1.154700538379250574 ) ) ;
#1971 = CARTESIAN_POINT ( 'NONE',  ( 2.277757457656726371E-16, -0.3249999994537622339, 1.154700538379250574 ) ) ;
#1972 = EDGE_CURVE ( 'NONE', #1331, #2621, #2915, .T. ) ;
#1973 = VECTOR ( 'NONE', #245, 1000.000000000000000 ) ;
#1974 = CARTESIAN_POINT ( 'NONE',  ( -2.168404344971008868E-16, 4.500000000000000888, 0.000000000000000000 ) ) ;
#1975 = CARTESIAN_POINT ( 'NONE',  ( 2.095588798244168946E-16, -0.8999999989075246898, 0.9047005394717241300 ) ) ;
#1976 = LINE ( 'NONE', #1484, #2947 ) ;
#1977 = CARTESIAN_POINT ( 'NONE',  ( -0.4999999999999990563, -0.3583333327870953378, 0.8660254037844384856 ) ) ;
#1978 = CARTESIAN_POINT ( 'NONE',  ( 0.4999999999999992784, 4.241666667212904862, -0.8660254037844381525 ) ) ;
#1979 = CARTESIAN_POINT ( 'NONE',  ( 0.4999999999999998890, 3.258333333879571470, 0.8660254037844379305 ) ) ;
#1980 = CARTESIAN_POINT ( 'NONE',  ( -0.5000000000000001110, 5.508333333879571470, -0.8660254037844380415 ) ) ;
#1981 = DIRECTION ( 'NONE',  ( -4.818676322157797005E-17, 1.000000000000000000, -0.000000000000000000 ) ) ;
#1983 = ORIENTED_EDGE ( 'NONE', *, *, #2460, .F. ) ;
#1982 = CARTESIAN_POINT ( 'NONE',  ( -2.462878350526175291E-18, 3.500000001092475443, 0.9047005394717241300 ) ) ;
#1984 = CARTESIAN_POINT ( 'NONE',  ( -0.9999999999999988898, 3.158333333879571381, 0.5773502691896259531 ) ) ;
#1985 = CARTESIAN_POINT ( 'NONE',  ( 0.3917468249999992436, 5.266666667759142939, -0.6785254046037930697 ) ) ;
#1986 = LINE ( 'NONE', #1772, #268 ) ;
#1987 = DIRECTION ( 'NONE',  ( -4.818676322157797005E-17, 1.000000000000000000, -0.000000000000000000 ) ) ;
#1988 = CARTESIAN_POINT ( 'NONE',  ( 0.4999999999999992784, 4.591666667212905395, -0.8660254037844381525 ) ) ;
#1989 = CARTESIAN_POINT ( 'NONE',  ( -0.7834936499999992643, -1.833333332240857594, -0.4523502697358619540 ) ) ;
#1990 = CARTESIAN_POINT ( 'NONE',  ( 0.4569875446742757141, 0.03574892925362205265, 0.8527369363374610600 ) ) ;
#1991 = CARTESIAN_POINT ( 'NONE',  ( -0.4999999999999992784, 4.841666667212904507, 0.8660254037844384856 ) ) ;
#1992 = CARTESIAN_POINT ( 'NONE',  ( -0.9999999999999993339, 3.925000000546237988, 0.000000000000000000 ) ) ;
#1993 = CARTESIAN_POINT ( 'NONE',  ( -3.538022498680857815E-16, 5.875000000546238610, -1.154700538379250574 ) ) ;
#1994 = CARTESIAN_POINT ( 'NONE',  ( -0.4999999999999992784, 4.391666667212905217, 0.8660254037844384856 ) ) ;
#1996 = CARTESIAN_POINT ( 'NONE',  ( 0.3749999918064332305, 4.500000000000000888, 0.9270248142014181347 ) ) ;
#1995 = CARTESIAN_POINT ( 'NONE',  ( -0.7834936499999995974, 4.100000000000000533, 0.000000000000000000 ) ) ;
#1997 = CARTESIAN_POINT ( 'NONE',  ( -0.4999999999999998890, 1.858333333879571780, -0.8660254037844380415 ) ) ;
#1998 = CARTESIAN_POINT ( 'NONE',  ( -9.883640479368212117E-17, 5.500000001092475443, 0.9047005394717241300 ) ) ;
#1999 = DIRECTION ( 'NONE',  ( -0.7071067811865500152, 0.7071067811865450192, 0.000000000000000000 ) ) ;
#2000 = CARTESIAN_POINT ( 'NONE',  ( -1.493789659868917275E-16, 3.100000000000000533, 0.000000000000000000 ) ) ;
#2001 = CARTESIAN_POINT ( 'NONE',  ( -0.4999999999999991673, 1.641666667212904773, 0.8660254037844384856 ) ) ;
#2002 = CARTESIAN_POINT ( 'NONE',  ( 0.4999999999999992784, 4.191666667212905040, -0.8660254037844381525 ) ) ;
#2003 = CARTESIAN_POINT ( 'NONE',  ( 0.3917468250000000207, -0.4666666655741913972, 0.6785254046037929587 ) ) ;
#2004 = CARTESIAN_POINT ( 'NONE',  ( -0.7834936499999994863, 1.000000001092474999, 0.000000000000000000 ) ) ;
#2005 = CARTESIAN_POINT ( 'NONE',  ( 0.9999999999999990008, 4.208333333879571647, -0.5773502691896257311 ) ) ;
#2006 =( BOUNDED_CURVE ( )  B_SPLINE_CURVE ( 2, ( #513, #303, #2446, #2248, #1740, #1505, #785 ),
 .UNSPECIFIED., .F., .T. ) 
 B_SPLINE_CURVE_WITH_KNOTS ( ( 3, 2, 2, 3 ),
 ( 0.3409090909090908839, 0.3484848484848485084, 0.3560606060606060219, 0.3636363636363635909 ),
 .UNSPECIFIED. ) 
 CURVE ( )  GEOMETRIC_REPRESENTATION_ITEM ( )  RATIONAL_B_SPLINE_CURVE ( ( 1.000000000000000000, 0.8660254037844387076, 1.000000000000000000, 0.8660254037844387076, 1.000000000000000000, 0.8660254037844397068, 0.9999999999999990008 ) ) 
 REPRESENTATION_ITEM ( '' )  );
#2007 = CARTESIAN_POINT ( 'NONE',  ( -0.9999999999999993339, 2.325000000546238343, 0.000000000000000000 ) ) ;
#2008 = CARTESIAN_POINT ( 'NONE',  ( 0.1939660242202649043, 0.2165043689650215930, 0.7591043940318785710 ) ) ;
#2009 = CARTESIAN_POINT ( 'NONE',  ( 0.4999999999999992784, 4.191666667212905040, -0.8660254037844381525 ) ) ;
#2010 = CARTESIAN_POINT ( 'NONE',  ( 0.7834936499999991533, 3.600000001092475532, -9.595029906247759787E-17 ) ) ;
#2011 = CARTESIAN_POINT ( 'NONE',  ( -1.586458588206949341E-16, 1.825000000546237677, -1.154700538379250796 ) ) ;
#2012 = CARTESIAN_POINT ( 'NONE',  ( -0.9999999999999991118, -1.674999999453761879, 0.000000000000000000 ) ) ;
#2013 = CARTESIAN_POINT ( 'NONE',  ( 0.7834936499999959336, 3.166666667759142406, 0.4523502697358637858 ) ) ;
#2014 = CARTESIAN_POINT ( 'NONE',  ( 0.5000000000000002220, -1.891666666120428886, 0.8660254037844379305 ) ) ;
#2015 = ADVANCED_FACE ( 'NONE', ( #26 ), #2965, .F. ) ;
#2016 = CARTESIAN_POINT ( 'NONE',  ( -1.225057864045115105E-16, 1.075000000546237899, -1.154700538379250796 ) ) ;
#2017 = CARTESIAN_POINT ( 'NONE',  ( 0.9999999999999990008, 4.158333333879571825, -0.5773502691896257311 ) ) ;
#2018 = SURFACE_STYLE_USAGE ( .BOTH. , #1036 ) ;
#2019 = CARTESIAN_POINT ( 'NONE',  ( 0.7778787173543697531, 4.287206673060399709, 0.1401956699452340804 ) ) ;
#2020 = STYLED_ITEM ( 'NONE', ( #797 ), #809 ) ;
#2021 = CARTESIAN_POINT ( 'NONE',  ( 0.9999999999999991118, 0.9583333338795710921, -0.5773502691896257311 ) ) ;
#2022 = EDGE_CURVE ( 'NONE', #1236, #2621, #796, .T. ) ;
#2023 = CARTESIAN_POINT ( 'NONE',  ( 0.4999999999999992784, 5.041666667212904684, -0.8660254037844381525 ) ) ;
#2024 = CARTESIAN_POINT ( 'NONE',  ( -0.3917468249999992436, 2.166666666666667407, 0.6785254046037934028 ) ) ;
#2025 = CARTESIAN_POINT ( 'NONE',  ( 0.7834936499999992643, 3.100000000000000533, -9.595029906247759787E-17 ) ) ;
#2026 = CARTESIAN_POINT ( 'NONE',  ( 0.9999999999999996669, 2.891666667212904773, 0.5773502691896250649 ) ) ;
#2027 = CARTESIAN_POINT ( 'NONE',  ( 0.3917468249999997987, 3.933333334425809014, 0.6785254046037929587 ) ) ;
#2028 = CARTESIAN_POINT ( 'NONE',  ( -2.168404344971008868E-16, 4.500000000000000888, 0.000000000000000000 ) ) ;
#2029 = CARTESIAN_POINT ( 'NONE',  ( -0.7834936499999994863, 1.400000001092475355, 0.000000000000000000 ) ) ;
#2030 = EDGE_LOOP ( 'NONE', ( #409, #2303, #633, #427 ) ) ;
#2031 = CARTESIAN_POINT ( 'NONE',  ( -0.4999999999999990563, -0.7583333327870955820, 0.8660254037844384856 ) ) ;
#2032 = CARTESIAN_POINT ( 'NONE',  ( -0.9999999999999993339, 2.341666667212904951, -0.5773502691896252870 ) ) ;
#2033 = CARTESIAN_POINT ( 'NONE',  ( 0.4999999999999991673, 6.191666667212905040, -0.8660254037844381525 ) ) ;
#2034 = DIRECTION ( 'NONE',  ( -1.000000000000000000, 0.000000000000000000, 0.000000000000000000 ) ) ;
#2035 = CARTESIAN_POINT ( 'NONE',  ( -0.3917468249999999652, 2.933333334425809014, -0.6785254046037930697 ) ) ;
#2036 = CARTESIAN_POINT ( 'NONE',  ( -0.7834936499999993753, 2.466666666666667229, -0.4523502697358619540 ) ) ;
#2037 = CARTESIAN_POINT ( 'NONE',  ( -0.9999999999999993339, 0.7250000005462383657, 0.000000000000000000 ) ) ;
#2038 = CARTESIAN_POINT ( 'NONE',  ( -0.5000000000000000000, 4.708333333879570759, -0.8660254037844380415 ) ) ;
#2039 = CARTESIAN_POINT ( 'NONE',  ( 2.427184873347022808E-18, -1.199999999999999734, -0.9047005394717241300 ) ) ;
#2040 = CARTESIAN_POINT ( 'NONE',  ( -0.3917468249999994101, 5.766666666666667496, 0.6785254046037934028 ) ) ;
#2041 = CARTESIAN_POINT ( 'NONE',  ( 1.530862627722267734E-16, 1.225000000546238033, 1.154700538379250796 ) ) ;
#2042 = CARTESIAN_POINT ( 'NONE',  ( -0.7834936499999992643, 4.233333334425808836, 0.4523502697358625091 ) ) ;
#2043 = DIRECTION ( 'NONE',  ( -4.818676322157797005E-17, 1.000000000000000000, -0.000000000000000000 ) ) ;
#2044 = CARTESIAN_POINT ( 'NONE',  ( 0.4999999999999995559, -1.758333332787096470, -0.8660254037844381525 ) ) ;
#2045 = ORIENTED_EDGE ( 'NONE', *, *, #1058, .F. ) ;
#2046 = ORIENTED_EDGE ( 'NONE', *, *, #2119, .F. ) ;
#2047 = CARTESIAN_POINT ( 'NONE',  ( 0.9999999999999993339, -0.5916666661204289523, -0.5773502691896257311 ) ) ;
#2048 = CARTESIAN_POINT ( 'NONE',  ( 0.4999999999999993339, 2.241666667212904418, -0.8660254037844381525 ) ) ;
#2049 = CARTESIAN_POINT ( 'NONE',  ( 0.9999999999999991118, 4.925000000546238432, -1.224646799147352468E-16 ) ) ;
#2050 = CARTESIAN_POINT ( 'NONE',  ( -2.064076942736828778E-16, 4.283493650000002262, 0.000000000000000000 ) ) ;
#2051 = CARTESIAN_POINT ( 'NONE',  ( 0.7834936499999992643, 1.100000000000000311, -9.595029906247759787E-17 ) ) ;
#2052 = CARTESIAN_POINT ( 'NONE',  ( 0.9999999999999991118, 2.158333333879571381, -0.5773502691896257311 ) ) ;
#2053 = CARTESIAN_POINT ( 'NONE',  ( -0.5000000000000000000, 4.308333333879570404, -0.8660254037844380415 ) ) ;
#2054 = CARTESIAN_POINT ( 'NONE',  ( 0.3917468249999995766, -0.8333333333333334814, -0.6785254046037930697 ) ) ;
#2055 = CARTESIAN_POINT ( 'NONE',  ( -0.3917468250000000762, 4.833333333333333925, -0.6785254046037930697 ) ) ;
#2056 = AXIS2_PLACEMENT_3D ( 'NONE', #2517, #311, #2271 ) ;
#2057 = CYLINDRICAL_SURFACE ( 'NONE', #2473, 0.7834936499999993753 ) ;
#2058 = CARTESIAN_POINT ( 'NONE',  ( 0.7834936499999989312, 3.633333334425808747, -0.4523502697358622870 ) ) ;
#2059 = CARTESIAN_POINT ( 'NONE',  ( -0.3917468249999999652, 2.533333334425808658, -0.6785254046037930697 ) ) ;
#2060 = ORIENTED_EDGE ( 'NONE', *, *, #186, .F. ) ;
#2061 = VERTEX_POINT ( 'NONE', #464 ) ;
#2062 = AXIS2_PLACEMENT_3D ( 'NONE', #774, #1540, #580 ) ;
#2063 = CARTESIAN_POINT ( 'NONE',  ( -0.4999999999999989453, -1.558333332787095848, 0.8660254037844384856 ) ) ;
#2064 = CARTESIAN_POINT ( 'NONE',  ( -0.4999999999999991673, 0.8416666672129042848, 0.8660254037844384856 ) ) ;
#2065 = CARTESIAN_POINT ( 'NONE',  ( 0.9999999999999991118, 3.758333333879571914, -0.5773502691896257311 ) ) ;
#2066 = CARTESIAN_POINT ( 'NONE',  ( 7.357810345662312311E-17, 2.875000000546237722, 1.154700538379250574 ) ) ;
#2067 = CARTESIAN_POINT ( 'NONE',  ( -0.7834936499999994863, 0.6000000010924757543, 0.000000000000000000 ) ) ;
#2068 = CARTESIAN_POINT ( 'NONE',  ( 0.7834936499999993753, 2.266666666666667052, 0.4523502697358617874 ) ) ;
#2069 = VECTOR ( 'NONE', #1438, 1000.000000000000000 ) ;
#2070 = CARTESIAN_POINT ( 'NONE',  ( -0.4999999999999991673, 1.991666667212905084, 0.8660254037844384856 ) ) ;
#2071 = COLOUR_RGB ( '',0.7921568627450980005, 0.8196078431372548767, 0.9333333333333333481 ) ;
#2072 = CARTESIAN_POINT ( 'NONE',  ( -0.4999999999999992784, 3.241666667212904418, 0.8660254037844384856 ) ) ;
#2073 = CARTESIAN_POINT ( 'NONE',  ( -0.7834936499999992643, -0.7333333333333331705, -0.4523502697358619540 ) ) ;
#2074 = CARTESIAN_POINT ( 'NONE',  ( -0.3917468249999992991, 3.366666666666667140, 0.6785254046037934028 ) ) ;
#2075 = CARTESIAN_POINT ( 'NONE',  ( 0.7834936499999994863, 2.366666667759142140, 0.4523502697358617874 ) ) ;
#2076 = CARTESIAN_POINT ( 'NONE',  ( -0.7834936499999994863, 3.766666667759142495, -0.4523502697358619540 ) ) ;
#2077 =( NAMED_UNIT ( * ) SI_UNIT ( $, .STERADIAN. ) SOLID_ANGLE_UNIT ( ) );
#2078 = ORIENTED_EDGE ( 'NONE', *, *, #2842, .T. ) ;
#2079 = ORIENTED_EDGE ( 'NONE', *, *, #2022, .F. ) ;
#2080 = FACE_OUTER_BOUND ( 'NONE', #2433, .T. ) ;
#2081 = CARTESIAN_POINT ( 'NONE',  ( 0.9999999999999996669, 3.291666667212904684, 0.5773502691896249539 ) ) ;
#2082 = CARTESIAN_POINT ( 'NONE',  ( -0.4999999999999998890, 1.908333333879571381, -0.8660254037844380415 ) ) ;
#2083 = CARTESIAN_POINT ( 'NONE',  ( 7.357810345662311078E-17, 2.875000000546237278, 1.154700538379250796 ) ) ;
#2084 = CARTESIAN_POINT ( 'NONE',  ( 0.9999999999999991118, 1.758333333879571470, -0.5773502691896257311 ) ) ;
#2085 = CARTESIAN_POINT ( 'NONE',  ( -0.7834936499999994863, 1.700000000000000178, 0.000000000000000000 ) ) ;
#2086 = CARTESIAN_POINT ( 'NONE',  ( -2.064076942736828778E-16, 4.283493650000002262, 0.000000000000000000 ) ) ;
#2087 = CARTESIAN_POINT ( 'NONE',  ( 0.4999999999999994449, -1.408333332787095049, -0.8660254037844381525 ) ) ;
#2088 = CARTESIAN_POINT ( 'NONE',  ( -2.959781340021921952E-16, 4.675000000546238432, -1.154700538379250574 ) ) ;
#2089 = CARTESIAN_POINT ( 'NONE',  ( 0.7834936499999991533, -0.4666666666666663965, -0.4523502697358622870 ) ) ;
#2090 = CARTESIAN_POINT ( 'NONE',  ( 0.3917468249999992991, 4.766666666666667496, -0.6785254046037930697 ) ) ;
#2091 = CARTESIAN_POINT ( 'NONE',  ( -0.9999999999999993339, 0.6916666672129043736, -0.5773502691896252870 ) ) ;
#2092 = CARTESIAN_POINT ( 'NONE',  ( -6.028699421641974267E-17, 4.700000001092476509, 0.9047005394717241300 ) ) ;
#2093 = CARTESIAN_POINT ( 'NONE',  ( -0.2222747605572338303, 0.1364082404117048508, 0.8411279431617514346 ) ) ;
#2095 = VERTEX_POINT ( 'NONE', #211 ) ;
#2094 = CARTESIAN_POINT ( 'NONE',  ( -2.168404344971008868E-16, 4.500000000000000888, 0.000000000000000000 ) ) ;
#2096 = CARTESIAN_POINT ( 'NONE',  ( 0.7834936499999991533, 3.900000000000000355, -9.595029906247759787E-17 ) ) ;
#2097 = CARTESIAN_POINT ( 'NONE',  ( -0.9999999999999993339, 3.891666667212905217, -0.5773502691896251759 ) ) ;
#2098 = CARTESIAN_POINT ( 'NONE',  ( -0.9999999999999993339, 1.175000000546237322, 0.000000000000000000 ) ) ;
#2099 = CARTESIAN_POINT ( 'NONE',  ( 0.9999999999999996669, 3.341666667212904507, 0.5773502691896250649 ) ) ;
#2100 = CARTESIAN_POINT ( 'NONE',  ( 0.9999999999999996669, 2.091666667212904951, 0.5773502691896249539 ) ) ;
#2101 = CARTESIAN_POINT ( 'NONE',  ( -0.3917468249999991881, 0.9666666666666668961, 0.6785254046037934028 ) ) ;
#2102 = EDGE_LOOP ( 'NONE', ( #1332, #842, #113, #1823 ) ) ;
#2103 = CARTESIAN_POINT ( 'NONE',  ( 0.5000000000000001110, -1.141666666120428220, 0.8660254037844379305 ) ) ;
#2104 = CARTESIAN_POINT ( 'NONE',  ( 3.502869287936075693E-17, 3.675000000546237988, 1.154700538379250574 ) ) ;
#2105 = CARTESIAN_POINT ( 'NONE',  ( 1.372787350446927570E-16, 0.6000000000000007550, 0.9047005394717241300 ) ) ;
#2106 = CARTESIAN_POINT ( 'NONE',  ( 0.3917468249999992436, 5.166666666666666963, -0.6785254046037930697 ) ) ;
#2107 = CARTESIAN_POINT ( 'NONE',  ( 0.4999999999999991673, 5.791666667212904684, -0.8660254037844381525 ) ) ;
#2108 = CARTESIAN_POINT ( 'NONE',  ( 0.9999999999999991118, 1.758333333879571470, -0.5773502691896257311 ) ) ;
#2109 = CARTESIAN_POINT ( 'NONE',  ( 0.7834936499999992643, 2.400000001092475799, -9.595029906247759787E-17 ) ) ;
#2110 =( NAMED_UNIT ( * ) PLANE_ANGLE_UNIT ( ) SI_UNIT ( $, .RADIAN. ) );
#2111 = AXIS2_PLACEMENT_3D ( 'NONE', #2757, #515, #3016 ) ;
#2113 = ORIENTED_EDGE ( 'NONE', *, *, #1216, .T. ) ;
#2112 = DIRECTION ( 'NONE',  ( -1.000000000000000000, 0.000000000000000000, 0.000000000000000000 ) ) ;
#2114 = EDGE_LOOP ( 'NONE', ( #1601, #2564 ) ) ;
#2115 =( BOUNDED_CURVE ( )  B_SPLINE_CURVE ( 2, ( #3006, #51, #807, #2775, #1558, #2730, #553 ),
 .UNSPECIFIED., .F., .T. ) 
 B_SPLINE_CURVE_WITH_KNOTS ( ( 3, 2, 2, 3 ),
 ( 0.5909090909090909394, 0.5984848484848485084, 0.6060606060606059664, 0.6136363636363635354 ),
 .UNSPECIFIED. ) 
 CURVE ( )  GEOMETRIC_REPRESENTATION_ITEM ( )  RATIONAL_B_SPLINE_CURVE ( ( 1.000000000000000000, 0.8660254037844387076, 1.000000000000000000, 0.8660254037844387076, 1.000000000000000000, 0.8660254037844407060, 0.9999999999999980016 ) ) 
 REPRESENTATION_ITEM ( '' )  );
#2116 = CARTESIAN_POINT ( 'NONE',  ( 0.9999999999999991118, -0.2416666661204285305, -0.5773502691896257311 ) ) ;
#2117 = CYLINDRICAL_SURFACE ( 'NONE', #2582, 0.7834936499999993753 ) ;
#2118 = CARTESIAN_POINT ( 'NONE',  ( -0.9999999999999993339, 0.7416666672129040849, -0.5773502691896251759 ) ) ;
#2119 = EDGE_CURVE ( 'NONE', #3093, #1181, #3021, .T. ) ;
#2120 = CARTESIAN_POINT ( 'NONE',  ( -2.381540181362985597E-16, 3.475000000546237811, -1.154700538379250796 ) ) ;
#2121 = CARTESIAN_POINT ( 'NONE',  ( -1.200964482434326172E-16, 1.025000000546238299, -1.154700538379250574 ) ) ;
#2122 = CARTESIAN_POINT ( 'NONE',  ( 0.7834936499999992643, 1.600000001092475754, -9.595029906247759787E-17 ) ) ;
#2123 = VERTEX_POINT ( 'NONE', #480 ) ;
#2124 = CARTESIAN_POINT ( 'NONE',  ( 0.9999999999999993339, 0.1250000005462376385, -1.224646799147352468E-16 ) ) ;
#2125 = CARTESIAN_POINT ( 'NONE',  ( 0.5000000000000000000, 2.508333333879571470, 0.8660254037844379305 ) ) ;
#2126 = CARTESIAN_POINT ( 'NONE',  ( 0.4999999999999997780, 5.308333333879571292, 0.8660254037844379305 ) ) ;
#2127 = CARTESIAN_POINT ( 'NONE',  ( -2.095945733015960389E-16, 3.200000000000000622, -0.9047005394717241300 ) ) ;
#2128 = CLOSED_SHELL ( 'NONE', ( #2171, #982, #738, #1010, #458, #1777, #2968, #492, #1735, #2449, #772, #2727, #2456, #2489, #828, #1883, #784, #2211, #886, #1547, #2551, #3153, #2015, #2593, #1207, #2246, #543, #1107, #2160, #1688, #2163, #1589, #1937, #2827, #1922, #1111, #502 ) ) ;
#2129 = EDGE_CURVE ( 'NONE', #392, #2591, #1029, .T. ) ;
#2130 = CARTESIAN_POINT ( 'NONE',  ( -0.2679491924309622131, -2.107136719958365045, -1.000000000000092149 ) ) ;
#2131 = CARTESIAN_POINT ( 'NONE',  ( 0.7834936499999991533, 4.500000000000000888, 9.595029906247759787E-17 ) ) ;
#2132 = CARTESIAN_POINT ( 'NONE',  ( 0.7834936499999992643, 2.800000001092475266, -9.595029906247759787E-17 ) ) ;
#2133 = CARTESIAN_POINT ( 'NONE',  ( -0.3302454185148400168, 0.1180893248686024771, 0.8245881917071133937 ) ) ;
#2135 = VERTEX_POINT ( 'NONE', #571 ) ;
#2134 = FACE_OUTER_BOUND ( 'NONE', #2448, .T. ) ;
#2136 = ORIENTED_EDGE ( 'NONE', *, *, #606, .F. ) ;
#2137 = CARTESIAN_POINT ( 'NONE',  ( 0.9999999999999996669, 0.09166666721290450681, 0.5773502691896249539 ) ) ;
#2138 = CARTESIAN_POINT ( 'NONE',  ( 0.4999999999999994449, 0.2416666672129044735, -0.8660254037844381525 ) ) ;
#2139 = CARTESIAN_POINT ( 'NONE',  ( 0.5000000000000000000, 2.508333333879571470, 0.8660254037844379305 ) ) ;
#2140 =( BOUNDED_CURVE ( )  B_SPLINE_CURVE ( 2, ( #1032, #2013, #2285, #1270, #2729, #1525, #64 ),
 .UNSPECIFIED., .F., .T. ) 
 B_SPLINE_CURVE_WITH_KNOTS ( ( 3, 2, 2, 3 ),
 ( 0.3409090909090909394, 0.3484848484848485639, 0.3560606060606060774, 0.3636363636363636465 ),
 .UNSPECIFIED. ) 
 CURVE ( )  GEOMETRIC_REPRESENTATION_ITEM ( )  RATIONAL_B_SPLINE_CURVE ( ( 0.9999999999999990008, 0.8660254037844397068, 1.000000000000000000, 0.8660254037844387076, 1.000000000000000000, 0.8660254037844387076, 1.000000000000000000 ) ) 
 REPRESENTATION_ITEM ( '' )  );
#2141 = CARTESIAN_POINT ( 'NONE',  ( -0.9999999999999993339, 3.141666667212904773, -0.5773502691896252870 ) ) ;
#2142 = CARTESIAN_POINT ( 'NONE',  ( -0.4999999999999998890, 1.858333333879571780, -0.8660254037844380415 ) ) ;
#2143 = CARTESIAN_POINT ( 'NONE',  ( -0.7834936499999992643, 1.433333334425808570, 0.4523502697358625091 ) ) ;
#2144 = ORIENTED_EDGE ( 'NONE', *, *, #1069, .T. ) ;
#2145 = CARTESIAN_POINT ( 'NONE',  ( 2.880091997926451166E-16, -1.574999999453762456, 1.154700538379250574 ) ) ;
#2146 = CARTESIAN_POINT ( 'NONE',  ( 0.4999999999999993339, 1.841666667212904285, -0.8660254037844381525 ) ) ;
#2147 = CARTESIAN_POINT ( 'NONE',  ( -0.7834936499999992643, -1.533333333333332549, -0.4523502697358619540 ) ) ;
#2148 = CARTESIAN_POINT ( 'NONE',  ( -5.893549540271630223E-17, 5.625000000546237722, 1.154700538379250574 ) ) ;
#2149 = CARTESIAN_POINT ( 'NONE',  ( -2.168404344971008868E-16, 4.500000000000000888, 0.000000000000000000 ) ) ;
#2151 = ORIENTED_EDGE ( 'NONE', *, *, #1443, .F. ) ;
#2150 = FACE_OUTER_BOUND ( 'NONE', #1807, .T. ) ;
#2152 = ORIENTED_EDGE ( 'NONE', *, *, #641, .F. ) ;
#2153 = CARTESIAN_POINT ( 'NONE',  ( -0.4999999999999997780, -0.9416666661204285971, -0.8660254037844380415 ) ) ;
#2154 = CARTESIAN_POINT ( 'NONE',  ( 2.085010404770414417E-16, 0.07500000054623795487, 1.154700538379250796 ) ) ;
#2155 = CARTESIAN_POINT ( 'NONE',  ( -0.4999999999999998890, 1.508333333879571247, -0.8660254037844380415 ) ) ;
#2156 = CARTESIAN_POINT ( 'NONE',  ( 0.9999999999999988898, 4.208333333879571647, -0.5773502691896257311 ) ) ;
#2157 = CARTESIAN_POINT ( 'NONE',  ( -0.4999999999999991673, 2.791666667212904684, 0.8660254037844384856 ) ) ;
#2158 = CARTESIAN_POINT ( 'NONE',  ( -0.7834936499999991533, -0.1666666655741914915, 0.4523502697358625091 ) ) ;
#2159 = CARTESIAN_POINT ( 'NONE',  ( -0.4999999999999990563, -0.8083333327870952933, 0.8660254037844384856 ) ) ;
#2160 = ADVANCED_FACE ( 'NONE', ( #3012 ), #2477, .F. ) ;
#2161 = CARTESIAN_POINT ( 'NONE',  ( 0.9999999999999991118, 2.608333333879571114, -0.5773502691896257311 ) ) ;
#2162 = CARTESIAN_POINT ( 'NONE',  ( 0.9999999999999990008, 6.208333333879571647, -0.5773502691896257311 ) ) ;
#2163 = ADVANCED_FACE ( 'NONE', ( #1530, #2555 ), #2244, .T. ) ;
#2164 = CARTESIAN_POINT ( 'NONE',  ( -3.513929117070068389E-16, 5.825000000546238788, -1.154700538379250574 ) ) ;
#2166 = VERTEX_POINT ( 'NONE', #599 ) ;
#2165 = DIRECTION ( 'NONE',  ( -4.818676322157797005E-17, 1.000000000000000000, -0.000000000000000000 ) ) ;
#2167 = ORIENTED_EDGE ( 'NONE', *, *, #2022, .T. ) ;
#2168 = CARTESIAN_POINT ( 'NONE',  ( -0.4999999999999997780, 0.6583333338795712697, -0.8660254037844380415 ) ) ;
#2169 = FACE_OUTER_BOUND ( 'NONE', #1968, .T. ) ;
#2170 = CARTESIAN_POINT ( 'NONE',  ( 0.9999999999999996669, 0.5416666672129043514, 0.5773502691896249539 ) ) ;
#2171 = ADVANCED_FACE ( 'NONE', ( #3046 ), #3064, .T. ) ;
#2172 = CARTESIAN_POINT ( 'NONE',  ( -0.9999999999999996669, 6.291666667212905573, -0.5773502691896251759 ) ) ;
#2173 = CARTESIAN_POINT ( 'NONE',  ( 0.7834936499999994863, 0.3666666677591421397, 0.4523502697358617874 ) ) ;
#2174 = CARTESIAN_POINT ( 'NONE',  ( 0.5000000000000002220, -1.941666666120428708, 0.8660254037844379305 ) ) ;
#2175 = CIRCLE ( 'NONE', #477, 0.9999999999999993339 ) ;
#2176 = CARTESIAN_POINT ( 'NONE',  ( -0.9999999999999990008, 2.008333333879571025, 0.5773502691896258421 ) ) ;
#2177 = CARTESIAN_POINT ( 'NONE',  ( 0.3917468250000000762, -1.766666666666666385, 0.6785254046037929587 ) ) ;
#2178 = CARTESIAN_POINT ( 'NONE',  ( -0.9999999999999995559, 5.125000000546237722, 0.000000000000000000 ) ) ;
#2179 = CARTESIAN_POINT ( 'NONE',  ( -0.3917468249999992991, 2.266666667759142051, 0.6785254046037934028 ) ) ;
#2180 = ORIENTED_EDGE ( 'NONE', *, *, #2777, .F. ) ;
#2181 = CARTESIAN_POINT ( 'NONE',  ( -0.9999999999999993339, 0.2916666672129050175, -0.5773502691896251759 ) ) ;
#2182 = CARTESIAN_POINT ( 'NONE',  ( -1.399999999999999689, 4.500000000000000888, 0.000000000000000000 ) ) ;
#2183 = CARTESIAN_POINT ( 'NONE',  ( -0.4999999999999990563, -0.3583333327870953378, 0.8660254037844384856 ) ) ;
#2184 = DIRECTION ( 'NONE',  ( -4.818676322157797005E-17, 1.000000000000000000, -0.000000000000000000 ) ) ;
#2185 = CARTESIAN_POINT ( 'NONE',  ( -0.7834936499999992643, -2.233333332240858837, -0.4523502697358619540 ) ) ;
#2186 = CARTESIAN_POINT ( 'NONE',  ( 0.7895469330907994854, 0.05544938947080001179, 0.5242626679644222243 ) ) ;
#2187 = CARTESIAN_POINT ( 'NONE',  ( -1.225057864045115105E-16, 1.075000000546238121, -1.154700538379250574 ) ) ;
#2188 = CARTESIAN_POINT ( 'NONE',  ( -0.3917468249999997432, -1.566666666666665764, -0.6785254046037930697 ) ) ;
#2189 = CARTESIAN_POINT ( 'NONE',  ( 3.743803104043964403E-17, 3.625000000546238166, 1.154700538379250574 ) ) ;
#2190 = DIRECTION ( 'NONE',  ( -4.818676322157797005E-17, 1.000000000000000000, -0.000000000000000000 ) ) ;
#2191 = CARTESIAN_POINT ( 'NONE',  ( -2.168404344971008868E-16, 4.500000000000000888, 0.000000000000000000 ) ) ;
#2192 = CARTESIAN_POINT ( 'NONE',  ( -0.4999999999999989453, -2.008333332787095138, 0.8660254037844384856 ) ) ;
#2193 = CARTESIAN_POINT ( 'NONE',  ( -0.7834936499999994863, 2.200000001092475621, 0.000000000000000000 ) ) ;
#2194 = CARTESIAN_POINT ( 'NONE',  ( 0.9999999999999998890, -1.058333332787095404, 0.5773502691896249539 ) ) ;
#2195 = VERTEX_POINT ( 'NONE', #1275 ) ;
#2196 = CARTESIAN_POINT ( 'NONE',  ( 0.3749999918064332305, 4.500000000000000888, 0.9270248142014181347 ) ) ;
#2197 = CARTESIAN_POINT ( 'NONE',  ( -0.3917468249999997987, -1.066666665574191208, -0.6785254046037930697 ) ) ;
#2198 = CARTESIAN_POINT ( 'NONE',  ( 0.9999999999999998890, -1.908333332787095493, 0.5773502691896249539 ) ) ;
#2199 = CARTESIAN_POINT ( 'NONE',  ( 0.9999999999999998890, -0.6583333327870952711, 0.5773502691896249539 ) ) ;
#2200 = CARTESIAN_POINT ( 'NONE',  ( -0.9999999999999993339, 3.175000000546237988, 0.000000000000000000 ) ) ;
#2201 = CARTESIAN_POINT ( 'NONE',  ( -0.9999999999999990008, 3.958333333879571203, 0.5773502691896258421 ) ) ;
#2202 = EDGE_CURVE ( 'NONE', #952, #2236, #815, .T. ) ;
#2203 = CARTESIAN_POINT ( 'NONE',  ( -4.207012827516400625E-17, 5.275000000546238077, 1.154700538379250574 ) ) ;
#2205 = VERTEX_POINT ( 'NONE', #2491 ) ;
#2204 = CARTESIAN_POINT ( 'NONE',  ( 0.7834936499999992643, 0.8000000010924754879, -9.595029906247759787E-17 ) ) ;
#2206 = CARTESIAN_POINT ( 'NONE',  ( -0.2679491924309622131, -2.157136719958364868, -1.000000000000092149 ) ) ;
#2207 = CARTESIAN_POINT ( 'NONE',  ( -0.7834936499999994863, 2.100000000000000089, 0.000000000000000000 ) ) ;
#2208 = CARTESIAN_POINT ( 'NONE',  ( -0.4999999999999997780, -0.09166666612042857765, -0.8660254037844380415 ) ) ;
#2209 = ORIENTED_EDGE ( 'NONE', *, *, #212, .F. ) ;
#2210 = CARTESIAN_POINT ( 'NONE',  ( 0.9117899602247260260, 0.08821003977527241968, -0.2254736555187156488 ) ) ;
#2211 = ADVANCED_FACE ( 'NONE', ( #781 ), #1516, .F. ) ;
#2212 = CARTESIAN_POINT ( 'NONE',  ( 0.7834936499999992643, -1.966666665574191786, -0.4523502697358622870 ) ) ;
#2213 = AXIS2_PLACEMENT_3D ( 'NONE', #240, #253, #88 ) ;
#2214 = CARTESIAN_POINT ( 'NONE',  ( -0.7554390247976063844, 0.2165050071080598104, 0.2077839722816319512 ) ) ;
#2215 = CARTESIAN_POINT ( 'NONE',  ( -0.9999999999999991118, -1.258333332787096026, -0.5773502691896251759 ) ) ;
#2216 = CARTESIAN_POINT ( 'NONE',  ( 0.9999999999999993339, 3.775000000546237633, -1.224646799147352468E-16 ) ) ;
#2217 = CARTESIAN_POINT ( 'NONE',  ( 0.9999999999999991118, 2.958333333879571647, -0.5773502691896257311 ) ) ;
#2218 = EDGE_CURVE ( 'NONE', #908, #669, #287, .T. ) ;
#2219 = CARTESIAN_POINT ( 'NONE',  ( -0.4999999999999993339, 5.641666667212904329, 0.8660254037844384856 ) ) ;
#2220 = CARTESIAN_POINT ( 'NONE',  ( -0.9999999999999991118, 4.358333333879571114, 0.5773502691896259531 ) ) ;
#2222 = CARTESIAN_POINT ( 'NONE',  ( -0.9999999999999995559, -4.818676322157794540E-17, 1.224646799147352714E-16 ) ) ;
#2221 = CARTESIAN_POINT ( 'NONE',  ( -0.3917468250000001317, 6.433333333333334458, -0.6785254046037930697 ) ) ;
#2223 = CARTESIAN_POINT ( 'NONE',  ( 0.9999999999999993339, 2.125000000546237722, -1.224646799147352468E-16 ) ) ;
#2224 = CARTESIAN_POINT ( 'NONE',  ( 0.9999999999999998890, -1.508333332787096248, 0.5773502691896249539 ) ) ;
#2225 = CARTESIAN_POINT ( 'NONE',  ( 0.3917468249999994101, 2.066666667759142317, -0.6785254046037930697 ) ) ;
#2226 = CARTESIAN_POINT ( 'NONE',  ( 0.9999999999999995559, -1.024999999453762412, -1.224646799147352468E-16 ) ) ;
#2227 = CIRCLE ( 'NONE', #119, 2.174999999999998934 ) ;
#2228 = CARTESIAN_POINT ( 'NONE',  ( 0.7834936499999992643, 1.600000001092475754, -9.595029906247759787E-17 ) ) ;
#2229 = CARTESIAN_POINT ( 'NONE',  ( -0.3917468249999997432, -1.466666665574191342, -0.6785254046037930697 ) ) ;
#2230 = DIRECTION ( 'NONE',  ( -4.818676322157797005E-17, 1.000000000000000000, -0.000000000000000000 ) ) ;
#2231 = CARTESIAN_POINT ( 'NONE',  ( -0.4999999999999990563, 0.4416666672129041515, 0.8660254037844384856 ) ) ;
#2232 = CARTESIAN_POINT ( 'NONE',  ( 3.502869287936075693E-17, 3.675000000546237988, 1.154700538379250574 ) ) ;
#2233 =( BOUNDED_CURVE ( )  B_SPLINE_CURVE ( 2, ( #921, #2418, #3178, #725, #3147, #217, #187 ),
 .UNSPECIFIED., .F., .T. ) 
 B_SPLINE_CURVE_WITH_KNOTS ( ( 3, 2, 2, 3 ),
 ( 0.6363636363636363535, 0.6439393939393939226, 0.6515151515151514916, 0.6590909090909090606 ),
 .UNSPECIFIED. ) 
 CURVE ( )  GEOMETRIC_REPRESENTATION_ITEM ( )  RATIONAL_B_SPLINE_CURVE ( ( 1.000000000000000000, 0.8660254037844387076, 1.000000000000000000, 0.8660254037844387076, 1.000000000000000000, 0.8660254037844387076, 1.000000000000000000 ) ) 
 REPRESENTATION_ITEM ( '' )  );
#2234 = CARTESIAN_POINT ( 'NONE',  ( 0.4999999999999998890, 4.458333333879571647, 0.8660254037844379305 ) ) ;
#2235 = CARTESIAN_POINT ( 'NONE',  ( -0.9999999999999995559, 6.375000000546237722, 0.000000000000000000 ) ) ;
#2236 = VERTEX_POINT ( 'NONE', #2067 ) ;
#2237 = CARTESIAN_POINT ( 'NONE',  ( -0.9999999999999993339, 3.525000000546238521, 0.000000000000000000 ) ) ;
#2238 = CARTESIAN_POINT ( 'NONE',  ( 0.7834936499999992643, 5.566666667759142761, 0.4523502697358617874 ) ) ;
#2239 = CARTESIAN_POINT ( 'NONE',  ( -0.3750023625274312433, -1.569555910683193661E-07, 0.9270238551940526150 ) ) ;
#2240 = CARTESIAN_POINT ( 'NONE',  ( 0.000000000000000000, 0.000000000000000000, 0.000000000000000000 ) ) ;
#2241 = CARTESIAN_POINT ( 'NONE',  ( -0.4999999999999990563, 0.4416666672129041515, 0.8660254037844384856 ) ) ;
#2242 = CARTESIAN_POINT ( 'NONE',  ( -0.5000000000000001110, 5.858333333879572002, -0.8660254037844380415 ) ) ;
#2243 = CARTESIAN_POINT ( 'NONE',  ( 2.481082904016792607E-16, -1.699999998907524956, 0.9047005394717241300 ) ) ;
#2244 = PLANE ( 'NONE',  #1338 ) ;
#2245 = CARTESIAN_POINT ( 'NONE',  ( 0.9999999999999991118, 3.008333333879571470, -0.5773502691896257311 ) ) ;
#2246 = ADVANCED_FACE ( 'NONE', ( #1763 ), #779, .F. ) ;
#2247 = CARTESIAN_POINT ( 'NONE',  ( 5.671273632907083328E-17, 3.225000000546237811, 1.154700538379250574 ) ) ;
#2248 = CARTESIAN_POINT ( 'NONE',  ( 2.355798024274468039E-18, 3.400000000000000355, 0.9047005394717241300 ) ) ;
#2249 =( BOUNDED_CURVE ( )  B_SPLINE_CURVE ( 2, ( #649, #2301, #1836, #2601, #150, #2845, #2824 ),
 .UNSPECIFIED., .F., .F. ) 
 B_SPLINE_CURVE_WITH_KNOTS ( ( 3, 2, 2, 3 ),
 ( 0.4090909090909090606, 0.4166666666666666297, 0.4242424242424241987, 0.4318181818181817677 ),
 .UNSPECIFIED. ) 
 CURVE ( )  GEOMETRIC_REPRESENTATION_ITEM ( )  RATIONAL_B_SPLINE_CURVE ( ( 1.000000000000000888, 0.8660254037844377084, 1.000000000000000000, 0.8660254037844387076, 1.000000000000000000, 0.8660254037844397068, 0.9999999999999990008 ) ) 
 REPRESENTATION_ITEM ( '' )  );
#2250 = EDGE_CURVE ( 'NONE', #66, #2811, #586, .T. ) ;
#2252 = CARTESIAN_POINT ( 'NONE',  ( -0.3881408442969090378, 4.467199837469394197, 0.8893361433264485028 ) ) ;
#2251 = CARTESIAN_POINT ( 'NONE',  ( -0.3917468250000000762, 5.233333333333333393, -0.6785254046037930697 ) ) ;
#2253 = CARTESIAN_POINT ( 'NONE',  ( 0.9999999999999993339, 2.525000000546238521, -1.224646799147352468E-16 ) ) ;
#2254 = CARTESIAN_POINT ( 'NONE',  ( -0.4999999999999996669, -2.141666666120429330, -0.8660254037844380415 ) ) ;
#2255 = CARTESIAN_POINT ( 'NONE',  ( -0.7834936499999994863, 2.500000000000000444, 0.000000000000000000 ) ) ;
#2256 = CARTESIAN_POINT ( 'NONE',  ( -0.7834936499999994863, 2.566666667759141873, -0.4523502697358619540 ) ) ;
#2257 = CARTESIAN_POINT ( 'NONE',  ( -0.9999999999999993339, 1.941666667212904374, -0.5773502691896252870 ) ) ;
#2258 = CARTESIAN_POINT ( 'NONE',  ( -3.513929117070068389E-16, 5.825000000546238788, -1.154700538379250574 ) ) ;
#2259 = CARTESIAN_POINT ( 'NONE',  ( -0.7834936500000060366, 0.8666666666666669183, -0.4523502697358581237 ) ) ;
#2260 = DIRECTION ( 'NONE',  ( -1.000000000000000000, 0.000000000000000000, 0.000000000000000000 ) ) ;
#2261 = CARTESIAN_POINT ( 'NONE',  ( -0.4999999999999992784, 3.641666667212904773, 0.8660254037844384856 ) ) ;
#2262 = CARTESIAN_POINT ( 'NONE',  ( 0.9999999999999991118, 1.358333333879571336, -0.5773502691896257311 ) ) ;
#2263 = CARTESIAN_POINT ( 'NONE',  ( -0.9999999999999991118, 5.208333333879571647, 0.5773502691896258421 ) ) ;
#2264 = CARTESIAN_POINT ( 'NONE',  ( -0.7834936499999995974, 3.300000000000000266, 0.000000000000000000 ) ) ;
#2266 = CARTESIAN_POINT ( 'NONE',  ( 0.7834936499999991533, 3.600000001092475532, -9.595029906247759787E-17 ) ) ;
#2265 = CARTESIAN_POINT ( 'NONE',  ( -0.7834936499999992643, 5.333333333333334814, 0.4523502697358625091 ) ) ;
#2267 = VECTOR ( 'NONE', #207, 1000.000000000000000 ) ;
#2268 = CARTESIAN_POINT ( 'NONE',  ( -1.779205641093261541E-16, 2.225000000546237811, -1.154700538379250796 ) ) ;
#2269 = CARTESIAN_POINT ( 'NONE',  ( -0.3917468249999992991, 3.066666667759142317, 0.6785254046037934028 ) ) ;
#2270 = CARTESIAN_POINT ( 'NONE',  ( -0.5750220739965394845, 4.385161249117879301, -0.6823645086171387097 ) ) ;
#2271 = DIRECTION ( 'NONE',  ( -1.000000000000000000, -4.818676322157797621E-17, 0.000000000000000000 ) ) ;
#2272 = ORIENTED_EDGE ( 'NONE', *, *, #876, .T. ) ;
#2273 =( BOUNDED_CURVE ( )  B_SPLINE_CURVE ( 2, ( #1192, #923, #2899, #1940, #1419, #2405, #1923 ),
 .UNSPECIFIED., .F., .T. ) 
 B_SPLINE_CURVE_WITH_KNOTS ( ( 3, 2, 2, 3 ),
 ( 0.5909090909090910504, 0.5984848484848486194, 0.6060606060606060774, 0.6136363636363636465 ),
 .UNSPECIFIED. ) 
 CURVE ( )  GEOMETRIC_REPRESENTATION_ITEM ( )  RATIONAL_B_SPLINE_CURVE ( ( 0.9999999999999980016, 0.8660254037844407060, 1.000000000000000000, 0.8660254037844387076, 1.000000000000000000, 0.8660254037844387076, 1.000000000000000000 ) ) 
 REPRESENTATION_ITEM ( '' )  );
#2274 = CARTESIAN_POINT ( 'NONE',  ( 0.4999999999999993339, 1.041666667212904018, -0.8660254037844381525 ) ) ;
#2275 = CARTESIAN_POINT ( 'NONE',  ( -0.5000000000000001110, 5.458333333879571647, -0.8660254037844380415 ) ) ;
#2276 = CARTESIAN_POINT ( 'NONE',  ( -0.3917468249999992436, 1.766666666666667274, 0.6785254046037934028 ) ) ;
#2277 = DIRECTION ( 'NONE',  ( -4.818676322157797005E-17, 1.000000000000000000, -0.000000000000000000 ) ) ;
#2278 = CARTESIAN_POINT ( 'NONE',  ( 0.7834936499999990422, 1.933333333333333792, -0.4523502697358622870 ) ) ;
#2279 = CARTESIAN_POINT ( 'NONE',  ( -0.9999999999999990008, 0.7583333338795714695, 0.5773502691896258421 ) ) ;
#2280 = CARTESIAN_POINT ( 'NONE',  ( 7.357810345662312311E-17, 2.875000000546237722, 1.154700538379250574 ) ) ;
#2281 = CARTESIAN_POINT ( 'NONE',  ( 0.7834936499999991533, 0.7333333333333331705, -0.4523502697358622870 ) ) ;
#2282 = CARTESIAN_POINT ( 'NONE',  ( 0.3917468249999997987, 3.533333334425808658, 0.6785254046037929587 ) ) ;
#2283 = CARTESIAN_POINT ( 'NONE',  ( -0.4999999999999997780, 0.6583333338795712697, -0.8660254037844380415 ) ) ;
#2284 = CARTESIAN_POINT ( 'NONE',  ( -0.3917468249999999652, 3.333333334425808925, -0.6785254046037930697 ) ) ;
#2285 = CARTESIAN_POINT ( 'NONE',  ( 0.3917468249999998542, 3.133333334425808747, 0.6785254046037929587 ) ) ;
#2286 = DIRECTION ( 'NONE',  ( -1.000000000000000000, -4.818676322157796389E-17, 0.000000000000000000 ) ) ;
#2287 = ORIENTED_EDGE ( 'NONE', *, *, #446, .T. ) ;
#2288 = CARTESIAN_POINT ( 'NONE',  ( -6.468167053861791188E-17, -0.1249999994537625836, -1.154700538379250574 ) ) ;
#2289 = CARTESIAN_POINT ( 'NONE',  ( 0.9999999999999991118, 2.208333333879571203, -0.5773502691896257311 ) ) ;
#2290 = CARTESIAN_POINT ( 'NONE',  ( -3.128435011297444481E-16, 5.025000000546238077, -1.154700538379250574 ) ) ;
#2291 = LINE ( 'NONE', #87, #693 ) ;
#2292 = CARTESIAN_POINT ( 'NONE',  ( 0.7939582290231717021, 4.293958272484010408, 5.312893087541310193E-14 ) ) ;
#2293 = CARTESIAN_POINT ( 'NONE',  ( -0.7834936499999993753, 2.866666666666667140, -0.4523502697358619540 ) ) ;
#2294 = CARTESIAN_POINT ( 'NONE',  ( -0.9999999999999993339, 1.925000000546237988, 0.000000000000000000 ) ) ;
#2295 = CARTESIAN_POINT ( 'NONE',  ( -2.279542298653281699E-17, 4.875000000546237722, 1.154700538379250574 ) ) ;
#2296 = CARTESIAN_POINT ( 'NONE',  ( 0.7834936499999993753, 0.7000000000000000666, -9.595029906247759787E-17 ) ) ;
#2297 = CARTESIAN_POINT ( 'NONE',  ( 0.3917468249999997987, 4.633333333333333748, 0.6785254046037929587 ) ) ;
#2298 = EDGE_CURVE ( 'NONE', #2095, #490, #262, .T. ) ;
#2299 = CARTESIAN_POINT ( 'NONE',  ( 0.9999999999999993339, 0.1250000005462376385, -1.224646799147352468E-16 ) ) ;
#2300 = CARTESIAN_POINT ( 'NONE',  ( 0.3917468249999992991, 3.666666667759141962, -0.6785254046037930697 ) ) ;
#2301 = CARTESIAN_POINT ( 'NONE',  ( -0.7834936500000029280, 2.866666666666667584, -0.4523502697358600666 ) ) ;
#2302 = CARTESIAN_POINT ( 'NONE',  ( 0.000000000000000000, 0.000000000000000000, 0.000000000000000000 ) ) ;
#2303 = ORIENTED_EDGE ( 'NONE', *, *, #215, .T. ) ;
#2304 = CARTESIAN_POINT ( 'NONE',  ( -0.9999999999999993339, 0.3416666672129047289, -0.5773502691896251759 ) ) ;
#2305 = CARTESIAN_POINT ( 'NONE',  ( 1.314022193225166847E-16, 1.675000000546237766, 1.154700538379250796 ) ) ;
#2306 = CARTESIAN_POINT ( 'NONE',  ( 0.4999999999999991673, 5.391666667212904329, -0.8660254037844381525 ) ) ;
#2307 = DIRECTION ( 'NONE',  ( -1.000000000000000000, 0.000000000000000000, 0.000000000000000000 ) ) ;
#2308 = CARTESIAN_POINT ( 'NONE',  ( 0.7834936499999992643, 1.900000000000000577, -9.595029906247759787E-17 ) ) ;
#2309 = CARTESIAN_POINT ( 'NONE',  ( 1.145368521949643826E-16, 2.025000000546238521, 1.154700538379250574 ) ) ;
#2310 = CARTESIAN_POINT ( 'NONE',  ( 0.9999999999999993339, 4.141666667212905217, 0.5773502691896249539 ) ) ;
#2311 = CARTESIAN_POINT ( 'NONE',  ( 0.7834936499999994863, -0.9333333333333327930, 0.4523502697358617874 ) ) ;
#2312 = CARTESIAN_POINT ( 'NONE',  ( 0.7834936499999991533, 4.299999999999999822, -9.595029906247759787E-17 ) ) ;
#2313 = VECTOR ( 'NONE', #905, 1000.000000000000000 ) ;
#2314 = CARTESIAN_POINT ( 'NONE',  ( 0.4999999999999994449, 0.5916666672129049509, -0.8660254037844381525 ) ) ;
#2315 = CARTESIAN_POINT ( 'NONE',  ( -0.3917468250000000762, 4.933333334425809014, -0.6785254046037930697 ) ) ;
#2316 = FILL_AREA_STYLE ('',( #355 ) ) ;
#2317 = EDGE_CURVE ( 'NONE', #1081, #2337, #1071, .T. ) ;
#2318 = EDGE_LOOP ( 'NONE', ( #3180, #1755 ) ) ;
#2319 = ORIENTED_EDGE ( 'NONE', *, *, #1310, .F. ) ;
#2320 = AXIS2_PLACEMENT_3D ( 'NONE', #2050, #542, #2307 ) ;
#2321 = CARTESIAN_POINT ( 'NONE',  ( -0.7834936499999995974, 4.100000000000000533, 0.000000000000000000 ) ) ;
#2322 = CARTESIAN_POINT ( 'NONE',  ( -0.9999999999999990008, 3.558333333879570848, 0.5773502691896258421 ) ) ;
#2323 = CARTESIAN_POINT ( 'NONE',  ( 0.9999999999999996669, 2.141666667212904329, 0.5773502691896249539 ) ) ;
#2324 = CARTESIAN_POINT ( 'NONE',  ( -0.4999999999999998890, 2.708333333879570759, -0.8660254037844380415 ) ) ;
#2325 = CARTESIAN_POINT ( 'NONE',  ( -0.9999999999999993339, 1.091666667212904507, -0.5773502691896251759 ) ) ;
#2326 = CARTESIAN_POINT ( 'NONE',  ( -0.7834936499999994863, 2.100000000000000089, 0.000000000000000000 ) ) ;
#2327 = DIRECTION ( 'NONE',  ( -1.000000000000000000, -4.818676322157796389E-17, 0.000000000000000000 ) ) ;
#2328 = AXIS2_PLACEMENT_3D ( 'NONE', #1853, #2846, #1369 ) ;
#2329 = CARTESIAN_POINT ( 'NONE',  ( -0.4999999999999991673, 2.391666667212904329, 0.8660254037844384856 ) ) ;
#2330 = CARTESIAN_POINT ( 'NONE',  ( -0.9999999999999996669, 4.341666667212904507, -0.5773502691896251759 ) ) ;
#2331 = CARTESIAN_POINT ( 'NONE',  ( 0.3917468249999999652, 0.6333333333333338588, 0.6785254046037929587 ) ) ;
#2332 = CARTESIAN_POINT ( 'NONE',  ( -0.3917468250000000207, 4.033333333333333215, -0.6785254046037930697 ) ) ;
#2333 = CARTESIAN_POINT ( 'NONE',  ( -0.4999999999999990563, 0.3916666672129044402, 0.8660254037844384856 ) ) ;
#2334 = CARTESIAN_POINT ( 'NONE',  ( 0.7834936499999991533, 3.200000001092475621, -9.595029906247759787E-17 ) ) ;
#2335 = CARTESIAN_POINT ( 'NONE',  ( -2.168404344971008868E-16, 4.500000000000000888, 0.000000000000000000 ) ) ;
#2336 = ORIENTED_EDGE ( 'NONE', *, *, #1399, .F. ) ;
#2337 = VERTEX_POINT ( 'NONE', #2538 ) ;
#2338 = CARTESIAN_POINT ( 'NONE',  ( 0.7834936499999991533, 3.200000001092475621, -9.595029906247759787E-17 ) ) ;
#2339 = CARTESIAN_POINT ( 'NONE',  ( -0.4999999999999992784, 3.591666667212904951, 0.8660254037844384856 ) ) ;
#2340 = CARTESIAN_POINT ( 'NONE',  ( -0.4999999999999998890, 2.308333333879570848, -0.8660254037844380415 ) ) ;
#2341 = CARTESIAN_POINT ( 'NONE',  ( -2.767034287135609998E-16, 4.275000000546238077, -1.154700538379250796 ) ) ;
#2342 = CARTESIAN_POINT ( 'NONE',  ( -0.4999999999999991673, 1.991666667212905084, 0.8660254037844384856 ) ) ;
#2343 = CARTESIAN_POINT ( 'NONE',  ( -1.132210468584401358E-16, 1.200000000000000622, -0.9047005394717241300 ) ) ;
#2344 = EDGE_LOOP ( 'NONE', ( #1466, #770, #1080, #2045 ) ) ;
#2345 = CARTESIAN_POINT ( 'NONE',  ( 0.9999999999999998890, -1.108333332787095005, 0.5773502691896249539 ) ) ;
#2346 = CARTESIAN_POINT ( 'NONE',  ( -0.9999999999999993339, 3.141666667212904773, -0.5773502691896251759 ) ) ;
#2347 = CARTESIAN_POINT ( 'NONE',  ( 0.3917468249999995211, -0.03333333333333313164, -0.6785254046037930697 ) ) ;
#2348 = CARTESIAN_POINT ( 'NONE',  ( -0.7834936499999994863, 3.666666666666666963, -0.4523502697358619540 ) ) ;
#2349 = CARTESIAN_POINT ( 'NONE',  ( -0.4999999999999993339, 5.591666667212905395, 0.8660254037844384856 ) ) ;
#2350 = CARTESIAN_POINT ( 'NONE',  ( -0.4999999999999997780, 0.2583333338795710254, -0.8660254037844380415 ) ) ;
#2351 = CARTESIAN_POINT ( 'NONE',  ( 7.463594280399857594E-17, 1.900000001092475577, 0.9047005394717241300 ) ) ;
#2352 = EDGE_CURVE ( 'NONE', #3041, #3058, #33, .T. ) ;
#2354 = ORIENTED_EDGE ( 'NONE', *, *, #1454, .T. ) ;
#2353 = CARTESIAN_POINT ( 'NONE',  ( 0.3917468249999999097, 1.833333333333333481, 0.6785254046037929587 ) ) ;
#2355 = ORIENTED_EDGE ( 'NONE', *, *, #74, .F. ) ;
#2356 = CARTESIAN_POINT ( 'NONE',  ( -0.4999999999999997780, -0.1416666661204282751, -0.8660254037844380415 ) ) ;
#2357 = CARTESIAN_POINT ( 'NONE',  ( -0.7912885956267700083, 0.02224742750445267425, 0.6978498546874544184 ) ) ;
#2358 = CARTESIAN_POINT ( 'NONE',  ( -0.4999999999999991673, 1.641666667212904773, 0.8660254037844384856 ) ) ;
#2359 = CARTESIAN_POINT ( 'NONE',  ( 0.4999999999999992784, 3.841666667212904507, -0.8660254037844381525 ) ) ;
#2360 = CARTESIAN_POINT ( 'NONE',  ( 0.9999999999999996669, 0.8916666672129047733, 0.5773502691896249539 ) ) ;
#2361 = CARTESIAN_POINT ( 'NONE',  ( 0.7834936499999990422, 1.233333334425808836, -0.4523502697358622870 ) ) ;
#2362 = EDGE_CURVE ( 'NONE', #392, #1142, #2565, .T. ) ;
#2363 = ORIENTED_EDGE ( 'NONE', *, *, #1686, .T. ) ;
#2364 = CARTESIAN_POINT ( 'NONE',  ( -0.9999999999999993339, -0.1083333327870951435, -0.5773502691896251759 ) ) ;
#2365 = CARTESIAN_POINT ( 'NONE',  ( -0.9999999999999993339, 2.375000000546237722, 0.000000000000000000 ) ) ;
#2366 = CARTESIAN_POINT ( 'NONE',  ( 0.9999999999999993339, 4.941666667212904152, 0.5773502691896249539 ) ) ;
#2367 = CARTESIAN_POINT ( 'NONE',  ( 0.3917468249999998542, 3.433333333333334014, 0.6785254046037929587 ) ) ;
#2368 = CARTESIAN_POINT ( 'NONE',  ( -0.9999999999999995559, 5.925000000546238432, 0.000000000000000000 ) ) ;
#2369 = DIRECTION ( 'NONE',  ( -4.818676322157797005E-17, 1.000000000000000000, -0.000000000000000000 ) ) ;
#2370 = CARTESIAN_POINT ( 'NONE',  ( -0.3917468249999999652, 2.533333334425808658, -0.6785254046037930697 ) ) ;
#2371 = CARTESIAN_POINT ( 'NONE',  ( -0.7834936499999994863, 1.700000000000000178, 0.000000000000000000 ) ) ;
#2372 = VECTOR ( 'NONE', #1016, 1000.000000000000000 ) ;
#2374 = ORIENTED_EDGE ( 'NONE', *, *, #3083, .T. ) ;
#2373 = FACE_OUTER_BOUND ( 'NONE', #472, .T. ) ;
#2375 = ORIENTED_EDGE ( 'NONE', *, *, #3018, .F. ) ;
#2376 = CARTESIAN_POINT ( 'NONE',  ( -0.4999999999999990563, -1.208333332787095316, 0.8660254037844384856 ) ) ;
#2377 = CYLINDRICAL_SURFACE ( 'NONE', #1289, 0.7834936499999993753 ) ;
#2378 = CARTESIAN_POINT ( 'NONE',  ( -0.9999999999999993339, 2.775000000546237633, 0.000000000000000000 ) ) ;
#2379 = CARTESIAN_POINT ( 'NONE',  ( 0.4999999999999998890, 3.308333333879571292, 0.8660254037844379305 ) ) ;
#2380 = CARTESIAN_POINT ( 'NONE',  ( -0.9999999999999993339, 2.291666667212905129, -0.5773502691896251759 ) ) ;
#2381 = CARTESIAN_POINT ( 'NONE',  ( -0.7834936499999992643, 1.033333334425809102, 0.4523502697358625091 ) ) ;
#2382 = ORIENTED_EDGE ( 'NONE', *, *, #2788, .T. ) ;
#2383 = CARTESIAN_POINT ( 'NONE',  ( -0.9999999999999991118, -1.308333332787095848, -0.5773502691896251759 ) ) ;
#2384 =( BOUNDED_SURFACE ( )  B_SPLINE_SURFACE ( 1, 2, ( 
 ( #1296, #532, #2221, #260, #1768, #548, #1057, #1507, #1235, #756, #1491, #2985, #1742, #1027, #31, #60, #820, #788, #997, #2497, #2724, #1754, #2040, #2710, #769, #1521, #1280, #500, #1252, #2512, #2480, #1266, #1475, #276, #18, #2265, #292, #2741, #2251, #592, #2106, #1623, #2821, #1570, #576, #1554, #2544, #1588, #1833, #1867, #2055, #3053, #2090, #2576, #2806, #1108, #2297, #1127, #1365, #1818, #1800, #3088, #852, #337, #3124, #1848, #2312, #867, #2560, #3105, #2859, #1092, #2841, #387, #2332, #109, #1382, #1075, #146, #2615, #838, #351, #626, #1605, #2597, #2348, #885, #645, #608, #403, #93, #370, #2367, #1328, #2074, #166, #1348, #3070, #1146, #2127, #2790, #128, #1314, #1642, #2633, #903, #1887, #2877, #663, #2293, #1565, #2802, #3048, #1829, #364, #1549, #1599, #105, #1324, #1292, #72, #2036, #1583, #347, #1053, #1341, #2571, #2068, #557, #587, #834, #601, #2326, #1359, #1531, #2556, #123, #2278, #2308, #89, #3082, #1102, #863, #2589, #2085, #2784, #333, #1813, #1843, #1120, #848, #1796, #2834, #619, #816, #1070, #2523, #1308, #381, #2343, #3031, #140, #2051, #1088, #572, #2540, #2101, #2817, #3065, #799, #1778, #2767, #318, #2281, #2296, #1587, #2331, #2105, #108, #3034, #2543, #92, #1568, #1313, #607, #2805, #2840, #368, #1327, #1056, #402, #127, #591, #2575, #3051, #2596, #2347, #2559, #1346, #866, #2820, #350, #1866, #1553, #624, #3104, #336, #1074, #1106, #2089, #3087, #1847, #1604, #386, #1091, #145, #2787, #2073, #1364, #575, #2054, #1125, #851, #2311, #883, #2858, #644, #3068, #1622, #2614, #76, #2039, #819, #1799, #837, #1832, #1816, #200, #438, #2416, #948, #2147, #2188, #698, #1919, #1886, #662, #2632, #2177, #935, #1641, #1936, #3175, #2664, #1145, #1176, #1416 ),
 ( #960, #2939, #1442, #2429, #2911, #2162, #466, #3160, #2926, #2895, #3189, #3144, #422, #1904, #2402, #1677, #1202, #165, #710, #2650, #214, #1692, #2386, #1400, #2676, #2876, #902, #1189, #228, #679, #184, #453, #2126, #1949, #1164, #1381, #919, #1430, #722, #1706, #2691, #3123, #1661, #2366, #2967, #2706, #1991, #993, #1023, #846, #765, #1963, #482, #495, #2981, #527, #300, #1486, #1215, #737, #1471, #752, #2459, #1750, #1978, #2005, #1827, #2736, #2955, #272, #255, #2720, #2995, #1459, #13, #1503, #1262, #3062, #2216, #2493, #1230, #2232, #2261, #1722, #544, #42, #1248, #1276, #1517, #1738, #782, #55, #2476, #511, #2444, #242, #2200, #28, #1005, #2508, #288, #2245, #1765, #2753, #1086, #2066, #975, #3203, #2378, #2830, #377, #1356, #655, #1410, #860, #598, #2139, #413, #1157, #1374, #1336, #1877, #2340, #360, #1858, #2568, #895, #2323, #672, #118, #1100, #2814, #1391, #431, #2082, #2642, #3079, #2869, #2395, #616, #912, #636, #2358, #136, #194, #1170, #2155, #2887, #1652, #1137, #2606, #1897, #1614, #175, #1117, #3154, #2098, #1840, #3096, #2851, #394, #928, #1579, #3135, #875, #1633, #1596, #2585, #156, #2118, #3115, #2625, #729, #6, #1196, #2170, #475, #690, #2962, #986, #716, #1465, #221, #506, #461, #943, #2424, #1944, #2934, #1732, #1671, #489, #3184, #2949, #2208, #2921, #1184, #2452, #2410, #1424, #1714, #1971, #2183, #3169, #1451, #2658, #747, #208, #1912, #1931, #1209, #1957, #2715, #1699, #445, #705, #1684, #955, #2671, #236, #2684, #249, #2226, #2194, #1437, #2436, #3197, #968, #1223, #2904, #2699, #1481, #2470, #1241, #266, #23, #2990, #2762, #2794, #2485, #1062, #565, #1773, #1806, #2044, #775, #1300, #824, #2014, #1759, #2977, #761, #1746, #793, #1033, #3039, #1257 ) ),
 .UNSPECIFIED., .F., .F., .T. ) 
 B_SPLINE_SURFACE_WITH_KNOTS ( ( 2, 2 ),
 ( 3, 2, 2, 2, 2, 2, 2, 2, 2, 2, 2, 2, 2, 2, 2, 2, 2, 2, 2, 2, 2, 2, 2, 2, 2, 2, 2, 2, 2, 2, 2, 2, 2, 2, 2, 2, 2, 2, 2, 2, 2, 2, 2, 2, 2, 2, 2, 2, 2, 2, 2, 2, 2, 2, 2, 2, 2, 2, 2, 2, 2, 2, 2, 2, 2, 2, 2, 2, 2, 2, 2, 2, 2, 2, 2, 2, 2, 2, 2, 2, 2, 2, 2, 2, 2, 2, 2, 2, 2, 2, 2, 2, 2, 2, 2, 2, 2, 2, 2, 2, 2, 2, 2, 2, 2, 2, 2, 2, 2, 2, 2, 2, 2, 2, 2, 2, 2, 2, 2, 2, 2, 2, 2, 2, 2, 2, 2, 2, 3 ),
 ( 0.000000000000000000, 1.000000000000000000 ),
 ( 0.000000000000000000, 0.007575757575757575968, 0.01515151515151515194, 0.02272727272727272790, 0.03030303030303030387, 0.03787878787878787984, 0.04545454545454545581, 0.05303030303030303177, 0.06060606060606060774, 0.06818181818181817677, 0.07575757575757575968, 0.08333333333333332871, 0.09090909090909091161, 0.09848484848484848064, 0.1060606060606060635, 0.1136363636363636326, 0.1212121212121212155, 0.1287878787878787845, 0.1363636363636363535, 0.1439393939393939503, 0.1515151515151515194, 0.1590909090909090884, 0.1666666666666666574, 0.1742424242424242542, 0.1818181818181818232, 0.1893939393939393923, 0.1969696969696969613, 0.2045454545454545581, 0.2121212121212121271, 0.2196969696969696961, 0.2272727272727272652, 0.2348484848484848619, 0.2424242424242424310, 0.2500000000000000000, 0.2575757575757575690, 0.2651515151515151381, 0.2727272727272727071, 0.2803030303030302761, 0.2878787878787879007, 0.2954545454545454697, 0.3030303030303030387, 0.3106060606060606077, 0.3181818181818181768, 0.3257575757575757458, 0.3333333333333333148, 0.3409090909090908839, 0.3484848484848485084, 0.3560606060606060774, 0.3636363636363636465, 0.3712121212121212155, 0.3787878787878787845, 0.3863636363636363535, 0.3939393939393939226, 0.4015151515151514916, 0.4090909090909091161, 0.4166666666666666852, 0.4242424242424242542, 0.4318181818181818232, 0.4393939393939393923, 0.4469696969696969613, 0.4545454545454545303, 0.4621212121212120993, 0.4696969696969697239, 0.4772727272727272929, 0.4848484848484848619, 0.4924242424242424310, 0.5000000000000000000, 0.5075757575757575690, 0.5151515151515151381, 0.5227272727272727071, 0.5303030303030302761, 0.5378787878787878451, 0.5454545454545454142, 0.5530303030303029832, 0.5606060606060605522, 0.5681818181818182323, 0.5757575757575758013, 0.5833333333333333703, 0.5909090909090909394, 0.5984848484848485084, 0.6060606060606060774, 0.6136363636363636465, 0.6212121212121212155, 0.6287878787878787845, 0.6363636363636363535, 0.6439393939393939226, 0.6515151515151514916, 0.6590909090909090606, 0.6666666666666666297, 0.6742424242424241987, 0.6818181818181817677, 0.6893939393939394478, 0.6969696969696970168, 0.7045454545454545858, 0.7121212121212121549, 0.7196969696969697239, 0.7272727272727272929, 0.7348484848484848619, 0.7424242424242424310, 0.7500000000000000000, 0.7575757575757575690, 0.7651515151515151381, 0.7727272727272727071, 0.7803030303030302761, 0.7878787878787878451, 0.7954545454545454142, 0.8030303030303029832, 0.8106060606060605522, 0.8181818181818182323, 0.8257575757575758013, 0.8333333333333333703, 0.8409090909090909394, 0.8484848484848485084, 0.8560606060606060774, 0.8636363636363636465, 0.8712121212121212155, 0.8787878787878787845, 0.8863636363636363535, 0.8939393939393939226, 0.9015151515151514916, 0.9090909090909090606, 0.9166666666666666297, 0.9242424242424241987, 0.9318181818181817677, 0.9393939393939394478, 0.9469696969696970168, 0.9545454545454545858, 0.9621212121212121549, 0.9659090909090932708 ),
 .UNSPECIFIED. ) 
 GEOMETRIC_REPRESENTATION_ITEM ( )  RATIONAL_B_SPLINE_SURFACE ( (
 ( 1.000000000000000000, 0.8660254037844387076, 1.000000000000000000, 0.8660254037844387076, 1.000000000000000000, 0.8660254037844387076, 1.000000000000000000, 0.8660254037844387076, 1.000000000000000000, 0.8660254037844387076, 1.000000000000000000, 0.8660254037844387076, 1.000000000000000000, 0.8660254037844387076, 1.000000000000000000, 0.8660254037844387076, 1.000000000000000000, 0.8660254037844387076, 1.000000000000000000, 0.8660254037844387076, 1.000000000000000000, 0.8660254037844387076, 1.000000000000000000, 0.8660254037844387076, 1.000000000000000000, 0.8660254037844387076, 1.000000000000000000, 0.8660254037844387076, 1.000000000000000000, 0.8660254037844387076, 1.000000000000000000, 0.8660254037844387076, 1.000000000000000000, 0.8660254037844387076, 1.000000000000000000, 0.8660254037844387076, 1.000000000000000000, 0.8660254037844387076, 1.000000000000000000, 0.8660254037844387076, 1.000000000000000000, 0.8660254037844387076, 1.000000000000000000, 0.8660254037844387076, 1.000000000000000000, 0.8660254037844387076, 1.000000000000000000, 0.8660254037844387076, 1.000000000000000000, 0.8660254037844387076, 1.000000000000000000, 0.8660254037844387076, 1.000000000000000000, 0.8660254037844387076, 1.000000000000000000, 0.8660254037844387076, 1.000000000000000000, 0.8660254037844387076, 1.000000000000000000, 0.8660254037844387076, 1.000000000000000000, 0.8660254037844387076, 1.000000000000000000, 0.8660254037844387076, 1.000000000000000000, 0.8660254037844387076, 1.000000000000000000, 0.8660254037844387076, 1.000000000000000000, 0.8660254037844387076, 1.000000000000000000, 0.8660254037844387076, 1.000000000000000000, 0.8660254037844387076, 1.000000000000000000, 0.8660254037844387076, 1.000000000000000000, 0.8660254037844387076, 1.000000000000000000, 0.8660254037844387076, 1.000000000000000000, 0.8660254037844387076, 1.000000000000000000, 0.8660254037844387076, 1.000000000000000000, 0.8660254037844387076, 1.000000000000000000, 0.8660254037844387076, 1.000000000000000000, 0.8660254037844387076, 1.000000000000000000, 0.8660254037844387076, 1.000000000000000000, 0.8660254037844387076, 1.000000000000000000, 0.8660254037844387076, 1.000000000000000000, 0.8660254037844387076, 1.000000000000000000, 0.8660254037844387076, 1.000000000000000000, 0.8660254037844387076, 1.000000000000000000, 0.8660254037844387076, 1.000000000000000000, 0.8660254037844387076, 1.000000000000000000, 0.8660254037844387076, 1.000000000000000000, 0.8660254037844387076, 1.000000000000000000, 0.8660254037844387076, 1.000000000000000000, 0.8660254037844387076, 1.000000000000000000, 0.8660254037844387076, 1.000000000000000000, 0.8660254037844387076, 1.000000000000000000, 0.8660254037844387076, 1.000000000000000000, 0.8660254037844387076, 1.000000000000000000, 0.8660254037844387076, 1.000000000000000000, 0.8660254037844387076, 1.000000000000000000, 0.8660254037844387076, 1.000000000000000000, 0.8660254037844387076, 1.000000000000000000, 0.8660254037844387076, 1.000000000000000000, 0.8660254037844387076, 1.000000000000000000, 0.8660254037844387076, 1.000000000000000000, 0.8660254037844387076, 1.000000000000000000, 0.8660254037844387076, 1.000000000000000000, 0.8660254037844387076, 1.000000000000000000, 0.8660254037844387076, 1.000000000000000000, 0.8660254037844387076, 1.000000000000000000, 0.8660254037844387076, 1.000000000000000000, 0.8660254037844387076, 1.000000000000000000, 0.8660254037844387076, 1.000000000000000000, 0.8660254037844387076, 1.000000000000000000, 0.8660254037844387076, 1.000000000000000000, 0.8660254037844387076, 1.000000000000000000, 0.8660254037844387076, 1.000000000000000000, 0.8660254037844387076, 1.000000000000000000, 0.8660254037844387076, 1.000000000000000000, 0.8660254037844387076, 1.000000000000000000, 0.8660254037844387076, 1.000000000000000000, 0.8660254037844387076, 1.000000000000000000, 0.8660254037844387076, 1.000000000000000000, 0.8660254037844387076, 1.000000000000000000, 0.8660254037844387076, 1.000000000000000000, 0.8660254037844387076, 1.000000000000000000, 0.8660254037844387076, 1.000000000000000000, 0.8660254037844387076, 1.000000000000000000, 0.8660254037844387076, 1.000000000000000000, 0.8660254037844387076, 1.000000000000000000, 0.8660254037844387076, 1.000000000000000000, 0.8660254037844387076, 1.000000000000000000, 0.8660254037844387076, 1.000000000000000000, 0.8660254037844387076, 1.000000000000000000, 0.8660254037844387076, 1.000000000000000000, 0.8660254037844387076, 1.000000000000000000, 0.8660254037844387076, 1.000000000000000000, 0.8660254037844387076, 1.000000000000000000, 0.8660254037844387076, 1.000000000000000000, 0.8660254037844387076, 1.000000000000000000, 0.8660254037844387076, 1.000000000000000000, 0.8660254037844387076, 1.000000000000000000, 0.8660254037844387076, 1.000000000000000000, 0.8660254037844387076, 1.000000000000000000, 0.8660254037844387076, 1.000000000000000000, 0.8660254037844387076, 1.000000000000000000, 0.8660254037844387076, 1.000000000000000000, 0.8660254037844387076, 1.000000000000000000, 0.8660254037844387076, 1.000000000000000000, 0.8660254037844387076, 1.000000000000000000, 0.8660254037844387076, 1.000000000000000000, 0.8660254037844387076, 1.000000000000000000, 0.8660254037844387076, 1.000000000000000000, 0.8660254037844387076, 1.000000000000000000, 0.8660254037844387076, 1.000000000000000000, 0.8660254037844387076, 1.000000000000000000, 0.8660254037844387076, 1.000000000000000000, 0.8660254037844387076, 1.000000000000000000, 0.8660254037844387076, 1.000000000000000000, 0.8660254037844387076, 1.000000000000000000, 0.8660254037844387076, 1.000000000000000000, 0.8660254037844387076, 1.000000000000000000, 0.8660254037844387076, 1.000000000000000000, 0.8660254037844387076, 1.000000000000000000, 0.9330127018921781090, 0.9330127018922194093),
 ( 1.000000000000000000, 0.8660254037844387076, 1.000000000000000000, 0.8660254037844387076, 1.000000000000000000, 0.8660254037844387076, 1.000000000000000000, 0.8660254037844387076, 1.000000000000000000, 0.8660254037844387076, 1.000000000000000000, 0.8660254037844387076, 1.000000000000000000, 0.8660254037844387076, 1.000000000000000000, 0.8660254037844387076, 1.000000000000000000, 0.8660254037844387076, 1.000000000000000000, 0.8660254037844387076, 1.000000000000000000, 0.8660254037844387076, 1.000000000000000000, 0.8660254037844387076, 1.000000000000000000, 0.8660254037844387076, 1.000000000000000000, 0.8660254037844387076, 1.000000000000000000, 0.8660254037844387076, 1.000000000000000000, 0.8660254037844387076, 1.000000000000000000, 0.8660254037844387076, 1.000000000000000000, 0.8660254037844387076, 1.000000000000000000, 0.8660254037844387076, 1.000000000000000000, 0.8660254037844387076, 1.000000000000000000, 0.8660254037844387076, 1.000000000000000000, 0.8660254037844387076, 1.000000000000000000, 0.8660254037844387076, 1.000000000000000000, 0.8660254037844387076, 1.000000000000000000, 0.8660254037844387076, 1.000000000000000000, 0.8660254037844387076, 1.000000000000000000, 0.8660254037844387076, 1.000000000000000000, 0.8660254037844387076, 1.000000000000000000, 0.8660254037844387076, 1.000000000000000000, 0.8660254037844387076, 1.000000000000000000, 0.8660254037844387076, 1.000000000000000000, 0.8660254037844387076, 1.000000000000000000, 0.8660254037844387076, 1.000000000000000000, 0.8660254037844387076, 1.000000000000000000, 0.8660254037844387076, 1.000000000000000000, 0.8660254037844387076, 1.000000000000000000, 0.8660254037844387076, 1.000000000000000000, 0.8660254037844387076, 1.000000000000000000, 0.8660254037844387076, 1.000000000000000000, 0.8660254037844387076, 1.000000000000000000, 0.8660254037844387076, 1.000000000000000000, 0.8660254037844387076, 1.000000000000000000, 0.8660254037844387076, 1.000000000000000000, 0.8660254037844387076, 1.000000000000000000, 0.8660254037844387076, 1.000000000000000000, 0.8660254037844387076, 1.000000000000000000, 0.8660254037844387076, 1.000000000000000000, 0.8660254037844387076, 1.000000000000000000, 0.8660254037844387076, 1.000000000000000000, 0.8660254037844387076, 1.000000000000000000, 0.8660254037844387076, 1.000000000000000000, 0.8660254037844387076, 1.000000000000000000, 0.8660254037844387076, 1.000000000000000000, 0.8660254037844387076, 1.000000000000000000, 0.8660254037844387076, 1.000000000000000000, 0.8660254037844387076, 1.000000000000000000, 0.8660254037844387076, 1.000000000000000000, 0.8660254037844387076, 1.000000000000000000, 0.8660254037844387076, 1.000000000000000000, 0.8660254037844387076, 1.000000000000000000, 0.8660254037844387076, 1.000000000000000000, 0.8660254037844387076, 1.000000000000000000, 0.8660254037844387076, 1.000000000000000000, 0.8660254037844387076, 1.000000000000000000, 0.8660254037844387076, 1.000000000000000000, 0.8660254037844387076, 1.000000000000000000, 0.8660254037844387076, 1.000000000000000000, 0.8660254037844387076, 1.000000000000000000, 0.8660254037844387076, 1.000000000000000000, 0.8660254037844387076, 1.000000000000000000, 0.8660254037844387076, 1.000000000000000000, 0.8660254037844387076, 1.000000000000000000, 0.8660254037844387076, 1.000000000000000000, 0.8660254037844387076, 1.000000000000000000, 0.8660254037844387076, 1.000000000000000000, 0.8660254037844387076, 1.000000000000000000, 0.8660254037844387076, 1.000000000000000000, 0.8660254037844387076, 1.000000000000000000, 0.8660254037844387076, 1.000000000000000000, 0.8660254037844387076, 1.000000000000000000, 0.8660254037844387076, 1.000000000000000000, 0.8660254037844387076, 1.000000000000000000, 0.8660254037844387076, 1.000000000000000000, 0.8660254037844387076, 1.000000000000000000, 0.8660254037844387076, 1.000000000000000000, 0.8660254037844387076, 1.000000000000000000, 0.8660254037844387076, 1.000000000000000000, 0.8660254037844387076, 1.000000000000000000, 0.8660254037844387076, 1.000000000000000000, 0.8660254037844387076, 1.000000000000000000, 0.8660254037844387076, 1.000000000000000000, 0.8660254037844387076, 1.000000000000000000, 0.8660254037844387076, 1.000000000000000000, 0.8660254037844387076, 1.000000000000000000, 0.8660254037844387076, 1.000000000000000000, 0.8660254037844387076, 1.000000000000000000, 0.8660254037844387076, 1.000000000000000000, 0.8660254037844387076, 1.000000000000000000, 0.8660254037844387076, 1.000000000000000000, 0.8660254037844387076, 1.000000000000000000, 0.8660254037844387076, 1.000000000000000000, 0.8660254037844387076, 1.000000000000000000, 0.8660254037844387076, 1.000000000000000000, 0.8660254037844387076, 1.000000000000000000, 0.8660254037844387076, 1.000000000000000000, 0.8660254037844387076, 1.000000000000000000, 0.8660254037844387076, 1.000000000000000000, 0.8660254037844387076, 1.000000000000000000, 0.8660254037844387076, 1.000000000000000000, 0.8660254037844387076, 1.000000000000000000, 0.8660254037844387076, 1.000000000000000000, 0.8660254037844387076, 1.000000000000000000, 0.8660254037844387076, 1.000000000000000000, 0.8660254037844387076, 1.000000000000000000, 0.8660254037844387076, 1.000000000000000000, 0.8660254037844387076, 1.000000000000000000, 0.8660254037844387076, 1.000000000000000000, 0.8660254037844387076, 1.000000000000000000, 0.8660254037844387076, 1.000000000000000000, 0.8660254037844387076, 1.000000000000000000, 0.8660254037844387076, 1.000000000000000000, 0.8660254037844387076, 1.000000000000000000, 0.8660254037844387076, 1.000000000000000000, 0.8660254037844387076, 1.000000000000000000, 0.8660254037844387076, 1.000000000000000000, 0.8660254037844387076, 1.000000000000000000, 0.8660254037844387076, 1.000000000000000000, 0.9330127018921781090, 0.9330127018922194093) ) ) 
 REPRESENTATION_ITEM ( '' )  SURFACE ( )  );
#2385 = CARTESIAN_POINT ( 'NONE',  ( -0.4999999999999991673, 0.8416666672129042848, 0.8660254037844384856 ) ) ;
#2386 = CARTESIAN_POINT ( 'NONE',  ( -0.4999999999999993339, 5.641666667212904329, 0.8660254037844384856 ) ) ;
#2387 = AXIS2_PLACEMENT_3D ( 'NONE', #382, #1342, #2327 ) ;
#2388 = CARTESIAN_POINT ( 'NONE',  ( -0.4999999999999996669, -1.691666666120428486, -0.8660254037844380415 ) ) ;
#2389 = CARTESIAN_POINT ( 'NONE',  ( -0.7834936499999994863, 2.200000001092475621, 0.000000000000000000 ) ) ;
#2391 = ORIENTED_EDGE ( 'NONE', *, *, #1353, .T. ) ;
#2390 = CARTESIAN_POINT ( 'NONE',  ( -0.7834936499999959336, 3.733333333333334281, 0.4523502697358643965 ) ) ;
#2392 = ORIENTED_EDGE ( 'NONE', *, *, #2944, .T. ) ;
#2393 = CARTESIAN_POINT ( 'NONE',  ( 0.9999999999999993339, 0.1250000005462376385, -1.224646799147352468E-16 ) ) ;
#2394 = LINE ( 'NONE', #1115, #3052 ) ;
#2395 = CARTESIAN_POINT ( 'NONE',  ( 0.9999999999999993339, 1.775000000546238077, -1.224646799147352468E-16 ) ) ;
#2396 = EDGE_CURVE ( 'NONE', #190, #1560, #1126, .T. ) ;
#2397 = CARTESIAN_POINT ( 'NONE',  ( 0.5000000000000000000, 2.908333333879570937, 0.8660254037844379305 ) ) ;
#2398 = CARTESIAN_POINT ( 'NONE',  ( 0.5000000000000000000, 1.258333333879571025, 0.8660254037844379305 ) ) ;
#2399 = CARTESIAN_POINT ( 'NONE',  ( 1.710094692471545037E-16, -0.09999999890752432619, 0.9047005394717241300 ) ) ;
#2400 = CARTESIAN_POINT ( 'NONE',  ( -0.9999999999999991118, -0.5083333327870953600, -0.5773502691896251759 ) ) ;
#2401 = CARTESIAN_POINT ( 'NONE',  ( 0.9999999999999993339, 0.9750000005462376995, -1.224646799147352468E-16 ) ) ;
#2402 = CARTESIAN_POINT ( 'NONE',  ( -0.5000000000000001110, 5.908333333879571825, -0.8660254037844380415 ) ) ;
#2403 = CARTESIAN_POINT ( 'NONE',  ( 0.5000000000000002220, -1.891666666120428886, 0.8660254037844379305 ) ) ;
#2404 = CARTESIAN_POINT ( 'NONE',  ( -0.7834936499999926030, 0.9333333333333343473, 0.4523502697358662283 ) ) ;
#2406 = EDGE_LOOP ( 'NONE', ( #1193, #1161, #701, #621 ) ) ;
#2405 = CARTESIAN_POINT ( 'NONE',  ( 0.7834936499999990422, 0.8333333344258085917, -0.4523502697358622870 ) ) ;
#2407 = VERTEX_POINT ( 'NONE', #1825 ) ;
#2408 = CARTESIAN_POINT ( 'NONE',  ( -0.9999999999999993339, -0.07499999945376201183, 0.000000000000000000 ) ) ;
#2409 = CARTESIAN_POINT ( 'NONE',  ( -0.9207531758193715499, 4.420753175819362113, 1.383092581445705755E-13 ) ) ;
#2410 = CARTESIAN_POINT ( 'NONE',  ( 0.9999999999999993339, -0.2249999994537619785, -1.224646799147352468E-16 ) ) ;
#2411 = CARTESIAN_POINT ( 'NONE',  ( 0.9999999999999996669, 2.541666667212904240, 0.5773502691896250649 ) ) ;
#2412 = CARTESIAN_POINT ( 'NONE',  ( -0.7834936499999994863, 2.500000000000000444, 0.000000000000000000 ) ) ;
#2413 = CARTESIAN_POINT ( 'NONE',  ( 0.3917468249999994656, 0.4666666677591423951, -0.6785254046037930697 ) ) ;
#2414 = CARTESIAN_POINT ( 'NONE',  ( -0.4999999999999990563, -0.008333332787095748539, 0.8660254037844384856 ) ) ;
#2415 = CARTESIAN_POINT ( 'NONE',  ( 0.9999999999999993339, 2.575000000546237899, -1.224646799147352468E-16 ) ) ;
#2416 = CARTESIAN_POINT ( 'NONE',  ( -0.7834936499999990422, -1.466666666666666341, 0.4523502697358625091 ) ) ;
#2417 = CARTESIAN_POINT ( 'NONE',  ( -0.4999999999999992784, 5.191666667212905040, 0.8660254037844384856 ) ) ;
#2418 = CARTESIAN_POINT ( 'NONE',  ( -0.7834936499999992643, 0.5666666677591417622, -0.4523502697358619540 ) ) ;
#2420 = VERTEX_POINT ( 'NONE', #3114 ) ;
#2419 = DIRECTION ( 'NONE',  ( -4.818676322157797005E-17, 1.000000000000000000, -0.000000000000000000 ) ) ;
#2421 = CARTESIAN_POINT ( 'NONE',  ( -0.4999999999999990563, -0.008333332787095748539, 0.8660254037844384856 ) ) ;
#2422 = AXIS2_PLACEMENT_3D ( 'NONE', #493, #2674, #3201 ) ;
#2423 = CARTESIAN_POINT ( 'NONE',  ( -0.7834936499999993753, 0.5000000000000004441, 0.000000000000000000 ) ) ;
#2424 = CARTESIAN_POINT ( 'NONE',  ( 0.9999999999999993339, 0.1750000005462373498, -1.224646799147352468E-16 ) ) ;
#2425 = CARTESIAN_POINT ( 'NONE',  ( 0.7834936499999991533, 4.500000000000000888, 9.595029906247759787E-17 ) ) ;
#2426 = CARTESIAN_POINT ( 'NONE',  ( 0.7834936499999993753, 1.092475068742437827E-09, -9.595029906247759787E-17 ) ) ;
#2427 = CARTESIAN_POINT ( 'NONE',  ( -0.7906880646495556553, 0.2093118919955388735, 0.07093424087527759603 ) ) ;
#2428 = CARTESIAN_POINT ( 'NONE',  ( 1.506769246111478801E-16, 1.275000000546237411, 1.154700538379250574 ) ) ;
#2429 = CARTESIAN_POINT ( 'NONE',  ( -3.730769551567169769E-16, 6.275000000546237189, -1.154700538379250574 ) ) ;
#2430 = CARTESIAN_POINT ( 'NONE',  ( 0.4999999999999992784, 3.391666667212904773, -0.8660254037844381525 ) ) ;
#2431 = LINE ( 'NONE', #1445, #519 ) ;
#2433 = EDGE_LOOP ( 'NONE', ( #1133, #2363, #2742, #97 ) ) ;
#2432 =( NAMED_UNIT ( * ) SI_UNIT ( $, .STERADIAN. ) SOLID_ANGLE_UNIT ( ) );
#2434 = CARTESIAN_POINT ( 'NONE',  ( 0.9999999999999995559, -1.474999999453762145, -1.224646799147352468E-16 ) ) ;
#2435 = CARTESIAN_POINT ( 'NONE',  ( -1.565891338105031215E-16, 2.100000001092475532, -0.9047005394717241300 ) ) ;
#2436 = CARTESIAN_POINT ( 'NONE',  ( 2.663251563429350280E-16, -1.124999999453762722, 1.154700538379250574 ) ) ;
#2437 = ORIENTED_EDGE ( 'NONE', *, *, #2317, .T. ) ;
#2438 = CARTESIAN_POINT ( 'NONE',  ( 0.7834936499999991533, 4.500000000000000888, 9.595029906247759787E-17 ) ) ;
#2439 = CARTESIAN_POINT ( 'NONE',  ( 2.707708675390170880E-13, -2.299999998907548360, -0.7834936499999992643 ) ) ;
#2440 = EDGE_CURVE ( 'NONE', #2776, #1715, #2394, .T. ) ;
#2441 =( BOUNDED_SURFACE ( )  B_SPLINE_SURFACE ( 1, 2, ( 
 ( #2235, #244, #1519, #1965, #484, #1473, #2983, #1725, #2495, #1250, #1781, #2708, #2462, #2970, #258, #1993, #995, #2755, #801, #2739, #1233, #274, #2219, #2722, #546, #1461, #1980, #290, #2510, #1219, #754, #1278, #1039, #2203, #30, #2263, #1489, #1008, #2479, #58, #2023, #3205, #1363, #1105, #1552, #2295, #590, #1798, #75, #574, #2038, #2088, #2595, #2786, #3050, #1294, #91, #865, #1345, #1831, #1603, #2330, #2053, #1055, #2542, #3086, #605, #2310, #1326, #1124, #1846, #1567, #2558, #1533, #850, #367, #818, #882, #144, #836, #349, #2104, #2839, #623, #3033, #3103, #2574, #2769, #2819, #1815, #2525, #559, #1586, #1073, #2072, #335, #385, #2346, #2804, #3067, #126, #107, #1090, #320, #1311, #2280, #1691, #1144, #3122, #934, #2910, #2663, #452, #2161, #2415, #3159, #2125, #643, #163, #1918, #2365, #901, #697, #1885, #1429, #2894, #2857, #1188, #1163, #1676, #213, #2176, #183, #1621, #3174, #947, #2146, #2649, #678, #1660, #2875, #1935, #661, #3188, #1640, #2925, #3143, #709, #2675, #465, #2613, #2631, #1441, #2428, #227, #401, #437, #918, #1201, #2187, #1865, #1415, #2401, #1380, #421, #1398, #2385, #1903, #199, #1175, #1737, #1561, #2533, #328, #1458, #1320, #810, #959, #2231, #12, #2938, #2304, #1048, #1470, #271, #1721, #1303, #1065, #254, #1247, #2778, #1485, #2458, #582, #241, #2288, #829, #2552, #736, #3043, #510, #1809, #1977, #2705, #721, #84, #1948, #344, #2954, #2047, #1214, #2199, #27, #2719, #2031, #2796, #1705, #2690, #567, #974, #494, #2475, #1229, #3025, #3202, #481, #2443, #1791, #1962, #2215, #1543, #992, #2966, #751, #843, #1824, #99, #3059, #2063, #1083, #3162, #949, #2388, #1165, #388, #2634, #2878, #439, #2403, #1190, #1366, #1401, #201, #1128, #185, #2130, #2913 ),
 ( #147, #3177, #936, #1905, #664, #1643, #454, #2598, #1177, #1888, #1662, #1920, #2368, #699, #423, #2164, #2107, #2651, #1678, #3125, #887, #2148, #2349, #3106, #2896, #1868, #2860, #1417, #646, #2665, #3146, #1606, #1431, #904, #2417, #216, #2178, #920, #1624, #1938, #680, #627, #2616, #404, #1383, #167, #1147, #3191, #1024, #1203, #273, #1218, #29, #2737, #528, #468, #2234, #43, #1472, #256, #2677, #1724, #1964, #2721, #1488, #289, #1444, #496, #2478, #230, #2461, #2201, #1992, #1249, #2982, #1504, #1007, #1707, #2445, #739, #1951, #2189, #724, #961, #766, #2494, #2940, #3204, #2430, #243, #1751, #1263, #1979, #2247, #2927, #977, #2693, #483, #711, #753, #1232, #2217, #1693, #1460, #2707, #14, #2956, #994, #512, #2969, #1739, #2573, #73, #2785, #366, #348, #1325, #2509, #2329, #1814, #2007, #90, #1054, #783, #125, #2052, #2524, #1309, #2768, #2309, #2070, #1293, #2294, #589, #2541, #319, #1585, #1277, #106, #1830, #1566, #2557, #302, #2803, #1089, #3066, #1072, #849, #3049, #2262, #1344, #57, #2818, #604, #2997, #1766, #1038, #2754, #545, #1518, #835, #2021, #3013, #800, #1780, #558, #1532, #2279, #2037, #3032, #817, #1797, #573, #1551, #334, #400, #917, #1902, #2893, #2611, #864, #676, #1396, #1379, #1884, #3121, #2124, #384, #1658, #1362, #2414, #2594, #2648, #2364, #1414, #932, #1917, #1845, #436, #1428, #2874, #1639, #2837, #900, #161, #2400, #198, #1675, #622, #660, #1174, #1602, #2630, #1143, #2159, #3158, #2909, #696, #2662, #3101, #642, #419, #143, #2345, #2103, #1123, #451, #1104, #881, #2383, #1864, #1620, #2087, #3085, #182, #2856, #1162, #2145, #3142, #3187, #1736, #1228, #2953, #1961, #1749, #2718, #1213, #2198, #2174, #1469, #990, #1440, #1501, #764, #1457, #973, #2735 ) ),
 .UNSPECIFIED., .F., .F., .T. ) 
 B_SPLINE_SURFACE_WITH_KNOTS ( ( 2, 2 ),
 ( 3, 2, 2, 2, 2, 2, 2, 2, 2, 2, 2, 2, 2, 2, 2, 2, 2, 2, 2, 2, 2, 2, 2, 2, 2, 2, 2, 2, 2, 2, 2, 2, 2, 2, 2, 2, 2, 2, 2, 2, 2, 2, 2, 2, 2, 2, 2, 2, 2, 2, 2, 2, 2, 2, 2, 2, 2, 2, 2, 2, 2, 2, 2, 2, 2, 2, 2, 2, 2, 2, 2, 2, 2, 2, 2, 2, 2, 2, 2, 2, 2, 2, 2, 2, 2, 2, 2, 2, 2, 2, 2, 2, 2, 2, 2, 2, 2, 2, 2, 2, 2, 2, 2, 2, 2, 2, 2, 2, 2, 2, 2, 2, 2, 2, 2, 2, 2, 2, 2, 2, 2, 2, 2, 2, 2, 2, 2, 2, 3 ),
 ( 0.000000000000000000, 1.000000000000000000 ),
 ( 0.000000000000000000, 0.007575757575757575968, 0.01515151515151515194, 0.02272727272727272790, 0.03030303030303030387, 0.03787878787878787984, 0.04545454545454545581, 0.05303030303030303177, 0.06060606060606060774, 0.06818181818181817677, 0.07575757575757575968, 0.08333333333333332871, 0.09090909090909091161, 0.09848484848484848064, 0.1060606060606060635, 0.1136363636363636326, 0.1212121212121212155, 0.1287878787878787845, 0.1363636363636363535, 0.1439393939393939503, 0.1515151515151515194, 0.1590909090909090884, 0.1666666666666666574, 0.1742424242424242542, 0.1818181818181818232, 0.1893939393939393923, 0.1969696969696969613, 0.2045454545454545581, 0.2121212121212121271, 0.2196969696969696961, 0.2272727272727272652, 0.2348484848484848619, 0.2424242424242424310, 0.2500000000000000000, 0.2575757575757575690, 0.2651515151515151381, 0.2727272727272727071, 0.2803030303030302761, 0.2878787878787879007, 0.2954545454545454697, 0.3030303030303030387, 0.3106060606060606077, 0.3181818181818181768, 0.3257575757575757458, 0.3333333333333333148, 0.3409090909090908839, 0.3484848484848485084, 0.3560606060606060774, 0.3636363636363636465, 0.3712121212121212155, 0.3787878787878787845, 0.3863636363636363535, 0.3939393939393939226, 0.4015151515151514916, 0.4090909090909091161, 0.4166666666666666852, 0.4242424242424242542, 0.4318181818181818232, 0.4393939393939393923, 0.4469696969696969613, 0.4545454545454545303, 0.4621212121212120993, 0.4696969696969697239, 0.4772727272727272929, 0.4848484848484848619, 0.4924242424242424310, 0.5000000000000000000, 0.5075757575757575690, 0.5151515151515151381, 0.5227272727272727071, 0.5303030303030302761, 0.5378787878787878451, 0.5454545454545454142, 0.5530303030303029832, 0.5606060606060605522, 0.5681818181818182323, 0.5757575757575758013, 0.5833333333333333703, 0.5909090909090909394, 0.5984848484848485084, 0.6060606060606060774, 0.6136363636363636465, 0.6212121212121212155, 0.6287878787878787845, 0.6363636363636363535, 0.6439393939393939226, 0.6515151515151514916, 0.6590909090909090606, 0.6666666666666666297, 0.6742424242424241987, 0.6818181818181817677, 0.6893939393939394478, 0.6969696969696970168, 0.7045454545454545858, 0.7121212121212121549, 0.7196969696969697239, 0.7272727272727272929, 0.7348484848484848619, 0.7424242424242424310, 0.7500000000000000000, 0.7575757575757575690, 0.7651515151515151381, 0.7727272727272727071, 0.7803030303030302761, 0.7878787878787878451, 0.7954545454545454142, 0.8030303030303029832, 0.8106060606060605522, 0.8181818181818182323, 0.8257575757575758013, 0.8333333333333333703, 0.8409090909090909394, 0.8484848484848485084, 0.8560606060606060774, 0.8636363636363636465, 0.8712121212121212155, 0.8787878787878787845, 0.8863636363636363535, 0.8939393939393939226, 0.9015151515151514916, 0.9090909090909090606, 0.9166666666666666297, 0.9242424242424241987, 0.9318181818181817677, 0.9393939393939394478, 0.9469696969696970168, 0.9545454545454545858, 0.9621212121212121549, 0.9659090909090933819 ),
 .UNSPECIFIED. ) 
 GEOMETRIC_REPRESENTATION_ITEM ( )  RATIONAL_B_SPLINE_SURFACE ( (
 ( 1.000000000000000000, 0.8660254037844387076, 1.000000000000000000, 0.8660254037844387076, 1.000000000000000000, 0.8660254037844387076, 1.000000000000000000, 0.8660254037844387076, 1.000000000000000000, 0.8660254037844387076, 1.000000000000000000, 0.8660254037844387076, 1.000000000000000000, 0.8660254037844387076, 1.000000000000000000, 0.8660254037844387076, 1.000000000000000000, 0.8660254037844387076, 1.000000000000000000, 0.8660254037844387076, 1.000000000000000000, 0.8660254037844387076, 1.000000000000000000, 0.8660254037844387076, 1.000000000000000000, 0.8660254037844387076, 1.000000000000000000, 0.8660254037844387076, 1.000000000000000000, 0.8660254037844387076, 1.000000000000000000, 0.8660254037844387076, 1.000000000000000000, 0.8660254037844387076, 1.000000000000000000, 0.8660254037844387076, 1.000000000000000000, 0.8660254037844387076, 1.000000000000000000, 0.8660254037844387076, 1.000000000000000000, 0.8660254037844387076, 1.000000000000000000, 0.8660254037844387076, 1.000000000000000000, 0.8660254037844387076, 1.000000000000000000, 0.8660254037844387076, 1.000000000000000000, 0.8660254037844387076, 1.000000000000000000, 0.8660254037844387076, 1.000000000000000000, 0.8660254037844387076, 1.000000000000000000, 0.8660254037844387076, 1.000000000000000000, 0.8660254037844387076, 1.000000000000000000, 0.8660254037844387076, 1.000000000000000000, 0.8660254037844387076, 1.000000000000000000, 0.8660254037844387076, 1.000000000000000000, 0.8660254037844387076, 1.000000000000000000, 0.8660254037844387076, 1.000000000000000000, 0.8660254037844387076, 1.000000000000000000, 0.8660254037844387076, 1.000000000000000000, 0.8660254037844387076, 1.000000000000000000, 0.8660254037844387076, 1.000000000000000000, 0.8660254037844387076, 1.000000000000000000, 0.8660254037844387076, 1.000000000000000000, 0.8660254037844387076, 1.000000000000000000, 0.8660254037844387076, 1.000000000000000000, 0.8660254037844387076, 1.000000000000000000, 0.8660254037844387076, 1.000000000000000000, 0.8660254037844387076, 1.000000000000000000, 0.8660254037844387076, 1.000000000000000000, 0.8660254037844387076, 1.000000000000000000, 0.8660254037844387076, 1.000000000000000000, 0.8660254037844387076, 1.000000000000000000, 0.8660254037844387076, 1.000000000000000000, 0.8660254037844387076, 1.000000000000000000, 0.8660254037844387076, 1.000000000000000000, 0.8660254037844387076, 1.000000000000000000, 0.8660254037844387076, 1.000000000000000000, 0.8660254037844387076, 1.000000000000000000, 0.8660254037844387076, 1.000000000000000000, 0.8660254037844387076, 1.000000000000000000, 0.8660254037844387076, 1.000000000000000000, 0.8660254037844387076, 1.000000000000000000, 0.8660254037844387076, 1.000000000000000000, 0.8660254037844387076, 1.000000000000000000, 0.8660254037844387076, 1.000000000000000000, 0.8660254037844387076, 1.000000000000000000, 0.8660254037844387076, 1.000000000000000000, 0.8660254037844387076, 1.000000000000000000, 0.8660254037844387076, 1.000000000000000000, 0.8660254037844387076, 1.000000000000000000, 0.8660254037844387076, 1.000000000000000000, 0.8660254037844387076, 1.000000000000000000, 0.8660254037844387076, 1.000000000000000000, 0.8660254037844387076, 1.000000000000000000, 0.8660254037844387076, 1.000000000000000000, 0.8660254037844387076, 1.000000000000000000, 0.8660254037844387076, 1.000000000000000000, 0.8660254037844387076, 1.000000000000000000, 0.8660254037844387076, 1.000000000000000000, 0.8660254037844387076, 1.000000000000000000, 0.8660254037844387076, 1.000000000000000000, 0.8660254037844387076, 1.000000000000000000, 0.8660254037844387076, 1.000000000000000000, 0.8660254037844387076, 1.000000000000000000, 0.8660254037844387076, 1.000000000000000000, 0.8660254037844387076, 1.000000000000000000, 0.8660254037844387076, 1.000000000000000000, 0.8660254037844387076, 1.000000000000000000, 0.8660254037844387076, 1.000000000000000000, 0.8660254037844387076, 1.000000000000000000, 0.8660254037844387076, 1.000000000000000000, 0.8660254037844387076, 1.000000000000000000, 0.8660254037844387076, 1.000000000000000000, 0.8660254037844387076, 1.000000000000000000, 0.8660254037844387076, 1.000000000000000000, 0.8660254037844387076, 1.000000000000000000, 0.8660254037844387076, 1.000000000000000000, 0.8660254037844387076, 1.000000000000000000, 0.8660254037844387076, 1.000000000000000000, 0.8660254037844387076, 1.000000000000000000, 0.8660254037844387076, 1.000000000000000000, 0.8660254037844387076, 1.000000000000000000, 0.8660254037844387076, 1.000000000000000000, 0.8660254037844387076, 1.000000000000000000, 0.8660254037844387076, 1.000000000000000000, 0.8660254037844387076, 1.000000000000000000, 0.8660254037844387076, 1.000000000000000000, 0.8660254037844387076, 1.000000000000000000, 0.8660254037844387076, 1.000000000000000000, 0.8660254037844387076, 1.000000000000000000, 0.8660254037844387076, 1.000000000000000000, 0.8660254037844387076, 1.000000000000000000, 0.8660254037844387076, 1.000000000000000000, 0.8660254037844387076, 1.000000000000000000, 0.8660254037844387076, 1.000000000000000000, 0.8660254037844387076, 1.000000000000000000, 0.8660254037844387076, 1.000000000000000000, 0.8660254037844387076, 1.000000000000000000, 0.8660254037844387076, 1.000000000000000000, 0.8660254037844387076, 1.000000000000000000, 0.8660254037844387076, 1.000000000000000000, 0.8660254037844387076, 1.000000000000000000, 0.8660254037844387076, 1.000000000000000000, 0.8660254037844387076, 1.000000000000000000, 0.8660254037844387076, 1.000000000000000000, 0.8660254037844387076, 1.000000000000000000, 0.8660254037844387076, 1.000000000000000000, 0.8660254037844387076, 1.000000000000000000, 0.8660254037844387076, 1.000000000000000000, 0.8660254037844387076, 1.000000000000000000, 0.9330127018921761106, 0.9330127018922192983),
 ( 1.000000000000000000, 0.8660254037844387076, 1.000000000000000000, 0.8660254037844387076, 1.000000000000000000, 0.8660254037844387076, 1.000000000000000000, 0.8660254037844387076, 1.000000000000000000, 0.8660254037844387076, 1.000000000000000000, 0.8660254037844387076, 1.000000000000000000, 0.8660254037844387076, 1.000000000000000000, 0.8660254037844387076, 1.000000000000000000, 0.8660254037844387076, 1.000000000000000000, 0.8660254037844387076, 1.000000000000000000, 0.8660254037844387076, 1.000000000000000000, 0.8660254037844387076, 1.000000000000000000, 0.8660254037844387076, 1.000000000000000000, 0.8660254037844387076, 1.000000000000000000, 0.8660254037844387076, 1.000000000000000000, 0.8660254037844387076, 1.000000000000000000, 0.8660254037844387076, 1.000000000000000000, 0.8660254037844387076, 1.000000000000000000, 0.8660254037844387076, 1.000000000000000000, 0.8660254037844387076, 1.000000000000000000, 0.8660254037844387076, 1.000000000000000000, 0.8660254037844387076, 1.000000000000000000, 0.8660254037844387076, 1.000000000000000000, 0.8660254037844387076, 1.000000000000000000, 0.8660254037844387076, 1.000000000000000000, 0.8660254037844387076, 1.000000000000000000, 0.8660254037844387076, 1.000000000000000000, 0.8660254037844387076, 1.000000000000000000, 0.8660254037844387076, 1.000000000000000000, 0.8660254037844387076, 1.000000000000000000, 0.8660254037844387076, 1.000000000000000000, 0.8660254037844387076, 1.000000000000000000, 0.8660254037844387076, 1.000000000000000000, 0.8660254037844387076, 1.000000000000000000, 0.8660254037844387076, 1.000000000000000000, 0.8660254037844387076, 1.000000000000000000, 0.8660254037844387076, 1.000000000000000000, 0.8660254037844387076, 1.000000000000000000, 0.8660254037844387076, 1.000000000000000000, 0.8660254037844387076, 1.000000000000000000, 0.8660254037844387076, 1.000000000000000000, 0.8660254037844387076, 1.000000000000000000, 0.8660254037844387076, 1.000000000000000000, 0.8660254037844387076, 1.000000000000000000, 0.8660254037844387076, 1.000000000000000000, 0.8660254037844387076, 1.000000000000000000, 0.8660254037844387076, 1.000000000000000000, 0.8660254037844387076, 1.000000000000000000, 0.8660254037844387076, 1.000000000000000000, 0.8660254037844387076, 1.000000000000000000, 0.8660254037844387076, 1.000000000000000000, 0.8660254037844387076, 1.000000000000000000, 0.8660254037844387076, 1.000000000000000000, 0.8660254037844387076, 1.000000000000000000, 0.8660254037844387076, 1.000000000000000000, 0.8660254037844387076, 1.000000000000000000, 0.8660254037844387076, 1.000000000000000000, 0.8660254037844387076, 1.000000000000000000, 0.8660254037844387076, 1.000000000000000000, 0.8660254037844387076, 1.000000000000000000, 0.8660254037844387076, 1.000000000000000000, 0.8660254037844387076, 1.000000000000000000, 0.8660254037844387076, 1.000000000000000000, 0.8660254037844387076, 1.000000000000000000, 0.8660254037844387076, 1.000000000000000000, 0.8660254037844387076, 1.000000000000000000, 0.8660254037844387076, 1.000000000000000000, 0.8660254037844387076, 1.000000000000000000, 0.8660254037844387076, 1.000000000000000000, 0.8660254037844387076, 1.000000000000000000, 0.8660254037844387076, 1.000000000000000000, 0.8660254037844387076, 1.000000000000000000, 0.8660254037844387076, 1.000000000000000000, 0.8660254037844387076, 1.000000000000000000, 0.8660254037844387076, 1.000000000000000000, 0.8660254037844387076, 1.000000000000000000, 0.8660254037844387076, 1.000000000000000000, 0.8660254037844387076, 1.000000000000000000, 0.8660254037844387076, 1.000000000000000000, 0.8660254037844387076, 1.000000000000000000, 0.8660254037844387076, 1.000000000000000000, 0.8660254037844387076, 1.000000000000000000, 0.8660254037844387076, 1.000000000000000000, 0.8660254037844387076, 1.000000000000000000, 0.8660254037844387076, 1.000000000000000000, 0.8660254037844387076, 1.000000000000000000, 0.8660254037844387076, 1.000000000000000000, 0.8660254037844387076, 1.000000000000000000, 0.8660254037844387076, 1.000000000000000000, 0.8660254037844387076, 1.000000000000000000, 0.8660254037844387076, 1.000000000000000000, 0.8660254037844387076, 1.000000000000000000, 0.8660254037844387076, 1.000000000000000000, 0.8660254037844387076, 1.000000000000000000, 0.8660254037844387076, 1.000000000000000000, 0.8660254037844387076, 1.000000000000000000, 0.8660254037844387076, 1.000000000000000000, 0.8660254037844387076, 1.000000000000000000, 0.8660254037844387076, 1.000000000000000000, 0.8660254037844387076, 1.000000000000000000, 0.8660254037844387076, 1.000000000000000000, 0.8660254037844387076, 1.000000000000000000, 0.8660254037844387076, 1.000000000000000000, 0.8660254037844387076, 1.000000000000000000, 0.8660254037844387076, 1.000000000000000000, 0.8660254037844387076, 1.000000000000000000, 0.8660254037844387076, 1.000000000000000000, 0.8660254037844387076, 1.000000000000000000, 0.8660254037844387076, 1.000000000000000000, 0.8660254037844387076, 1.000000000000000000, 0.8660254037844387076, 1.000000000000000000, 0.8660254037844387076, 1.000000000000000000, 0.8660254037844387076, 1.000000000000000000, 0.8660254037844387076, 1.000000000000000000, 0.8660254037844387076, 1.000000000000000000, 0.8660254037844387076, 1.000000000000000000, 0.8660254037844387076, 1.000000000000000000, 0.8660254037844387076, 1.000000000000000000, 0.8660254037844387076, 1.000000000000000000, 0.8660254037844387076, 1.000000000000000000, 0.8660254037844387076, 1.000000000000000000, 0.8660254037844387076, 1.000000000000000000, 0.8660254037844387076, 1.000000000000000000, 0.8660254037844387076, 1.000000000000000000, 0.8660254037844387076, 1.000000000000000000, 0.8660254037844387076, 1.000000000000000000, 0.8660254037844387076, 1.000000000000000000, 0.9330127018921761106, 0.9330127018922192983) ) ) 
 REPRESENTATION_ITEM ( '' )  SURFACE ( )  );
#2442 = CARTESIAN_POINT ( 'NONE',  ( 1.517347639585232837E-16, 0.3000000010924758764, 0.9047005394717241300 ) ) ;
#2443 = CARTESIAN_POINT ( 'NONE',  ( -0.4999999999999990563, -1.158333332787095715, 0.8660254037844384856 ) ) ;
#2444 = CARTESIAN_POINT ( 'NONE',  ( -0.4999999999999992784, 3.241666667212904418, 0.8660254037844384856 ) ) ;
#2445 = CARTESIAN_POINT ( 'NONE',  ( 0.9999999999999993339, 3.725000000546237811, -1.224646799147352468E-16 ) ) ;
#2446 = CARTESIAN_POINT ( 'NONE',  ( 0.3917468249999998542, 3.433333333333334014, 0.6785254046037929587 ) ) ;
#2448 = EDGE_LOOP ( 'NONE', ( #261, #2795, #939, #2847 ) ) ;
#2447 = DIRECTION ( 'NONE',  ( -1.000000000000000000, -3.459511677234094687E-17, 0.000000000000000000 ) ) ;
#2449 = ADVANCED_FACE ( 'NONE', ( #174 ), #3094, .F. ) ;
#2450 = CARTESIAN_POINT ( 'NONE',  ( -0.9999999999999991118, -2.108333332787096115, -0.5773502691896251759 ) ) ;
#2451 = CARTESIAN_POINT ( 'NONE',  ( 0.7834936500000060366, 1.466666666666667895, 0.4523502697358580127 ) ) ;
#2452 = CARTESIAN_POINT ( 'NONE',  ( 0.9999999999999991118, -0.1916666661204288191, -0.5773502691896257311 ) ) ;
#2453 = ORIENTED_EDGE ( 'NONE', *, *, #2298, .T. ) ;
#2454 = CARTESIAN_POINT ( 'NONE',  ( -0.7834936499999995974, 4.500000000000000888, 0.000000000000000000 ) ) ;
#2455 = CARTESIAN_POINT ( 'NONE',  ( -0.3917468249999993546, 3.866666667759142140, 0.6785254046037934028 ) ) ;
#2456 = ADVANCED_FACE ( 'NONE', ( #2080 ), #2377, .F. ) ;
#2457 = CARTESIAN_POINT ( 'NONE',  ( -0.06628209888271639760, 0.01296520411711099725, 0.9970346847550436431 ) ) ;
#2458 = CARTESIAN_POINT ( 'NONE',  ( -0.9999999999999993339, -0.02499999945376231436, 0.000000000000000000 ) ) ;
#2459 = CARTESIAN_POINT ( 'NONE',  ( -0.5000000000000000000, 4.308333333879570404, -0.8660254037844380415 ) ) ;
#2460 = EDGE_CURVE ( 'NONE', #2420, #1225, #922, .T. ) ;
#2461 = CARTESIAN_POINT ( 'NONE',  ( -0.4999999999999992784, 3.991666667212904418, 0.8660254037844384856 ) ) ;
#2462 = CARTESIAN_POINT ( 'NONE',  ( -0.9999999999999995559, 5.975000000546238255, 0.000000000000000000 ) ) ;
#2463 = CARTESIAN_POINT ( 'NONE',  ( 6.017991389016802463E-17, 2.200000000000000622, 0.9047005394717241300 ) ) ;
#2464 =( BOUNDED_CURVE ( )  B_SPLINE_CURVE ( 2, ( #1426, #956, #988, #3199, #733, #1932, #2412 ),
 .UNSPECIFIED., .F., .T. ) 
 B_SPLINE_CURVE_WITH_KNOTS ( ( 3, 2, 2, 3 ),
 ( 0.4318181818181817677, 0.4393939393939393367, 0.4469696969696969058, 0.4545454545454544748 ),
 .UNSPECIFIED. ) 
 CURVE ( )  GEOMETRIC_REPRESENTATION_ITEM ( )  RATIONAL_B_SPLINE_CURVE ( ( 1.000000000000000888, 0.8660254037844377084, 1.000000000000000000, 0.8660254037844387076, 1.000000000000000000, 0.8660254037844397068, 0.9999999999999990008 ) ) 
 REPRESENTATION_ITEM ( '' )  );
#2466 = DIRECTION ( 'NONE',  ( -4.818676322157797005E-17, 1.000000000000000000, -0.000000000000000000 ) ) ;
#2465 = FACE_OUTER_BOUND ( 'NONE', #172, .T. ) ;
#2467 = CARTESIAN_POINT ( 'NONE',  ( -1.971952693979573742E-16, 2.625000000546238166, -1.154700538379250796 ) ) ;
#2468 = CARTESIAN_POINT ( 'NONE',  ( -0.7834936499999993753, 5.433333334425809902, 0.4523502697358625091 ) ) ;
#2469 = CARTESIAN_POINT ( 'NONE',  ( -0.7834936500000009296, 4.233333334425808836, 0.4523502697358615099 ) ) ;
#2470 = CARTESIAN_POINT ( 'NONE',  ( 0.4999999999999994449, -1.358333332787095449, -0.8660254037844381525 ) ) ;
#2471 = FACE_OUTER_BOUND ( 'NONE', #1448, .T. ) ;
#2472 = CARTESIAN_POINT ( 'NONE',  ( -0.2099364907922868506, -2.282136719412128034, -0.7834936500000719839 ) ) ;
#2473 = AXIS2_PLACEMENT_3D ( 'NONE', #3054, #610, #1590 ) ;
#2474 = CARTESIAN_POINT ( 'NONE',  ( -0.7554390247976063844, 0.2165050071080597827, 0.2077839722816319512 ) ) ;
#2475 = CARTESIAN_POINT ( 'NONE',  ( 0.9999999999999993339, -0.9916666661204291966, -0.5773502691896257311 ) ) ;
#2476 = CARTESIAN_POINT ( 'NONE',  ( 0.4999999999999998890, 3.308333333879571292, 0.8660254037844379305 ) ) ;
#2477 = CONICAL_SURFACE ( 'NONE', #2320, 0.7834936499999992643, 0.7853981633974518317 ) ;
#2478 = CARTESIAN_POINT ( 'NONE',  ( 0.4999999999999998890, 4.058333333879571292, 0.8660254037844379305 ) ) ;
#2479 = CARTESIAN_POINT ( 'NONE',  ( -0.5000000000000000000, 5.108333333879571114, -0.8660254037844380415 ) ) ;
#2481 = CARTESIAN_POINT ( 'NONE',  ( -0.8931548883571296393, 4.434062499923274281, 0.3146249283315781242 ) ) ;
#2480 = CARTESIAN_POINT ( 'NONE',  ( 0.7834936499999990422, 5.500000000000000888, -9.595029906247759787E-17 ) ) ;
#2482 = CARTESIAN_POINT ( 'NONE',  ( 5.671273632907083328E-17, 3.225000000546237811, 1.154700538379250796 ) ) ;
#2483 = CARTESIAN_POINT ( 'NONE',  ( -0.3917468249999994656, 5.866666667759142584, 0.6785254046037934028 ) ) ;
#2484 = CARTESIAN_POINT ( 'NONE',  ( -0.4807633026272326027, 4.380464394261396777, -0.7461146875941867540 ) ) ;
#2485 = CARTESIAN_POINT ( 'NONE',  ( -0.9999999999999986677, -1.591666666120429063, 0.5773502691896258421 ) ) ;
#2486 = CIRCLE ( 'NONE', #2387, 0.9999999999999995559 ) ;
#2487 = CARTESIAN_POINT ( 'NONE',  ( 0.9999999999999996669, 0.5416666672129043514, 0.5773502691896250649 ) ) ;
#2488 = CARTESIAN_POINT ( 'NONE',  ( -1.111379536822743912E-18, 4.425000000546238432, 1.154700538379250574 ) ) ;
#2489 = ADVANCED_FACE ( 'NONE', ( #2624 ), #358, .F. ) ;
#2490 = CARTESIAN_POINT ( 'NONE',  ( 0.7834936499999994863, -0.4333333322408582933, 0.4523502697358617874 ) ) ;
#2491 = CARTESIAN_POINT ( 'NONE',  ( 0.7834936499999992643, 1.900000000000000577, -9.595029906247759787E-17 ) ) ;
#2492 = EDGE_CURVE ( 'NONE', #1405, #2420, #2605, .T. ) ;
#2493 = CARTESIAN_POINT ( 'NONE',  ( 0.9999999999999996669, 3.741666667212904418, 0.5773502691896249539 ) ) ;
#2494 = CARTESIAN_POINT ( 'NONE',  ( -0.9999999999999993339, 3.491666667212904862, -0.5773502691896251759 ) ) ;
#2495 = CARTESIAN_POINT ( 'NONE',  ( 0.4999999999999997780, 6.108333333879571114, 0.8660254037844379305 ) ) ;
#2496 = CARTESIAN_POINT ( 'NONE',  ( -0.7834936499999995974, 4.500000000000000888, 0.000000000000000000 ) ) ;
#2498 = ORIENTED_EDGE ( 'NONE', *, *, #1646, .T. ) ;
#2497 = CARTESIAN_POINT ( 'NONE',  ( 0.7834936499999992643, 5.866666666666667140, 0.4523502697358617874 ) ) ;
#2499 = CARTESIAN_POINT ( 'NONE',  ( 0.9999999999999991118, 3.358333333879571558, -0.5773502691896257311 ) ) ;
#2500 = CARTESIAN_POINT ( 'NONE',  ( 0.9999999999999993339, -1.841666666120429285, -0.5773502691896257311 ) ) ;
#2501 = CARTESIAN_POINT ( 'NONE',  ( 0.7834936499999991533, 4.000000001092475443, -9.595029906247759787E-17 ) ) ;
#2502 = CARTESIAN_POINT ( 'NONE',  ( 0.7834936499999990422, 1.233333334425808836, -0.4523502697358622870 ) ) ;
#2503 = EDGE_CURVE ( 'NONE', #1081, #2950, #654, .T. ) ;
#2504 = CARTESIAN_POINT ( 'NONE',  ( 1.121275140338855139E-16, 2.075000000546237899, 1.154700538379250796 ) ) ;
#2505 = CARTESIAN_POINT ( 'NONE',  ( 0.9999999999999991118, 5.325000000546237899, -1.224646799147352468E-16 ) ) ;
#2506 = CARTESIAN_POINT ( 'NONE',  ( 0.3917468249999995766, -1.133333332240858304, -0.6785254046037930697 ) ) ;
#2507 = CARTESIAN_POINT ( 'NONE',  ( -1.951385443877655369E-16, 2.900000001092476243, -0.9047005394717241300 ) ) ;
#2508 = CARTESIAN_POINT ( 'NONE',  ( -2.188793128476674629E-16, 3.075000000546238343, -1.154700538379250574 ) ) ;
#2509 = CARTESIAN_POINT ( 'NONE',  ( 9.526214690633318714E-17, 2.425000000546237988, 1.154700538379250574 ) ) ;
#2510 = CARTESIAN_POINT ( 'NONE',  ( 0.4999999999999991673, 5.441666667212904152, -0.8660254037844381525 ) ) ;
#2511 = LINE ( 'NONE', #1506, #1138 ) ;
#2513 = CARTESIAN_POINT ( 'NONE',  ( -0.3917468249999992991, 2.966666666666666785, 0.6785254046037934028 ) ) ;
#2512 = CARTESIAN_POINT ( 'NONE',  ( 0.7834936499999987092, 5.533333333333333215, -0.4523502697358622870 ) ) ;
#2514 = CARTESIAN_POINT ( 'NONE',  ( 0.9999999999999993339, 3.725000000546237811, -1.224646799147352468E-16 ) ) ;
#2515 = CARTESIAN_POINT ( 'NONE',  ( -0.7834936499999995974, 3.400000001092475799, 0.000000000000000000 ) ) ;
#2516 = DIRECTION ( 'NONE',  ( -0.7071067811865514585, -0.7071067811865435759, 8.659560562354980929E-17 ) ) ;
#2517 = CARTESIAN_POINT ( 'NONE',  ( 0.000000000000000000, 0.000000000000000000, 0.000000000000000000 ) ) ;
#2518 = CARTESIAN_POINT ( 'NONE',  ( -0.4999999999999998890, 1.108333333879571114, -0.8660254037844380415 ) ) ;
#2519 = CARTESIAN_POINT ( 'NONE',  ( -0.4999999999999993339, 5.991666667212904862, 0.8660254037844384856 ) ) ;
#2520 = CARTESIAN_POINT ( 'NONE',  ( 0.3917468249999999097, 1.533333334425808658, 0.6785254046037929587 ) ) ;
#2521 = CARTESIAN_POINT ( 'NONE',  ( -0.7834936499999995974, 4.500000000000000888, 0.000000000000000000 ) ) ;
#2522 = CIRCLE ( 'NONE', #2056, 2.174999999999998934 ) ;
#2523 = CARTESIAN_POINT ( 'NONE',  ( -0.7834936499999994863, 1.300000000000000044, 0.000000000000000000 ) ) ;
#2524 = CARTESIAN_POINT ( 'NONE',  ( 0.9999999999999993339, 2.125000000546237722, -1.224646799147352468E-16 ) ) ;
#2525 = CARTESIAN_POINT ( 'NONE',  ( 0.9999999999999993339, 3.375000000546237722, -1.224646799147352468E-16 ) ) ;
#2526 = CARTESIAN_POINT ( 'NONE',  ( 0.4999999999999998890, 4.458333333879571647, 0.8660254037844379305 ) ) ;
#2527 = CARTESIAN_POINT ( 'NONE',  ( -0.7834936499999992643, 3.433333334425809014, 0.4523502697358623981 ) ) ;
#2528 = CARTESIAN_POINT ( 'NONE',  ( 0.5000000000000000000, 2.458333333879571647, 0.8660254037844379305 ) ) ;
#2529 = CARTESIAN_POINT ( 'NONE',  ( -0.7834936499999994863, 3.366666667759142140, -0.4523502697358619540 ) ) ;
#2530 = CARTESIAN_POINT ( 'NONE',  ( -0.7834936499999995974, 3.300000000000000266, 0.000000000000000000 ) ) ;
#2531 = CARTESIAN_POINT ( 'NONE',  ( 0.7834936499999993753, 0.4000000010924752436, -9.595029906247759787E-17 ) ) ;
#2532 = ORIENTED_EDGE ( 'NONE', *, *, #2129, .T. ) ;
#2533 = CARTESIAN_POINT ( 'NONE',  ( 0.4999999999999994449, 0.6416666672129046622, -0.8660254037844381525 ) ) ;
#2534 = CARTESIAN_POINT ( 'NONE',  ( -0.9999999999999993339, 0.7416666672129040849, -0.5773502691896252870 ) ) ;
#2535 = CARTESIAN_POINT ( 'NONE',  ( -0.4999999999999992784, 5.191666667212905040, 0.8660254037844384856 ) ) ;
#2536 = CARTESIAN_POINT ( 'NONE',  ( 0.7834936499999994863, 1.866666666666666696, 0.4523502697358617874 ) ) ;
#2537 = MECHANICAL_DESIGN_GEOMETRIC_PRESENTATION_REPRESENTATION (  '', ( #120 ), #3008 ) ;
#2538 = CARTESIAN_POINT ( 'NONE',  ( 0.7554390212795308868, 4.283494992892208586, 0.2077839850722779380 ) ) ;
#2539 = EDGE_CURVE ( 'NONE', #3149, #392, #2175, .T. ) ;
#2540 = CARTESIAN_POINT ( 'NONE',  ( 1.180040297560616355E-16, 1.000000000000000000, 0.9047005394717241300 ) ) ;
#2541 = CARTESIAN_POINT ( 'NONE',  ( -0.4999999999999998890, 1.858333333879571780, -0.8660254037844380415 ) ) ;
#2542 = CARTESIAN_POINT ( 'NONE',  ( 0.4999999999999992784, 4.241666667212904862, -0.8660254037844381525 ) ) ;
#2543 = CARTESIAN_POINT ( 'NONE',  ( -0.7834936499999993753, 0.5000000000000004441, 0.000000000000000000 ) ) ;
#2544 = CARTESIAN_POINT ( 'NONE',  ( -0.3917468249999994101, 4.966666666666666785, 0.6785254046037934028 ) ) ;
#2545 = CARTESIAN_POINT ( 'NONE',  ( 0.9999999999999996669, 1.291666667212904684, 0.5773502691896250649 ) ) ;
#2546 = CARTESIAN_POINT ( 'NONE',  ( -2.529626602536590985E-16, 4.100000001092475976, -0.9047005394717241300 ) ) ;
#2547 = CARTESIAN_POINT ( 'NONE',  ( 0.7939582290231717021, 4.293958272484010408, 5.312893087541310193E-14 ) ) ;
#2548 = FACE_OUTER_BOUND ( 'NONE', #998, .T. ) ;
#2549 = ORIENTED_EDGE ( 'NONE', *, *, #2539, .T. ) ;
#2550 = ORIENTED_EDGE ( 'NONE', *, *, #3181, .F. ) ;
#2551 = ADVANCED_FACE ( 'NONE', ( #858 ), #2117, .F. ) ;
#2552 = CARTESIAN_POINT ( 'NONE',  ( 0.9999999999999991118, -0.1916666661204288191, -0.5773502691896257311 ) ) ;
#2553 = CARTESIAN_POINT ( 'NONE',  ( -0.9999999999999993339, 1.575000000546237455, 0.000000000000000000 ) ) ;
#2554 = CARTESIAN_POINT ( 'NONE',  ( -0.5000000000000000000, 4.658333333879570937, -0.8660254037844380415 ) ) ;
#2555 = FACE_BOUND ( 'NONE', #1696, .T. ) ;
#2556 = CARTESIAN_POINT ( 'NONE',  ( -1.517704574357024774E-16, 2.000000000000000000, -0.9047005394717241300 ) ) ;
#2557 = CARTESIAN_POINT ( 'NONE',  ( 1.338115574835955533E-16, 1.625000000546238166, 1.154700538379250574 ) ) ;
#2558 = CARTESIAN_POINT ( 'NONE',  ( -0.9999999999999993339, 3.975000000546237811, 0.000000000000000000 ) ) ;
#2559 = CARTESIAN_POINT ( 'NONE',  ( 0.7834936499999991533, -0.06666666666666626329, -0.4523502697358622870 ) ) ;
#2560 = CARTESIAN_POINT ( 'NONE',  ( 0.3917468249999997987, 4.233333333333333393, 0.6785254046037929587 ) ) ;
#2561 = CARTESIAN_POINT ( 'NONE',  ( 0.3917468249999998542, 2.333333334425808925, 0.6785254046037929587 ) ) ;
#2562 = CARTESIAN_POINT ( 'NONE',  ( 0.3917468249999997987, 3.533333334425808658, 0.6785254046037929587 ) ) ;
#2563 = EDGE_LOOP ( 'NONE', ( #152, #872, #457, #2639 ) ) ;
#2564 = ORIENTED_EDGE ( 'NONE', *, *, #103, .F. ) ;
#2565 =( BOUNDED_CURVE ( )  B_SPLINE_CURVE ( 2, ( #2626, #1898, #137, #1654, #637, #177, #3155, #2341, #3136, #2156, #1841, #157, #361, #2644, #861, #1581, #1597, #896, #2832, #1635, #2359, #1616, #1139, #929, #913, #656, #2870, #1118, #396, #2569, #414, #2120, #1337, #2906, #1392, #2099, #2379, #3116, #2889, #877, #1158, #2141, #379, #673, #195, #617, #432, #1411, #2397, #2083, #3097, #1171, #2587, #1914, #2324, #1357, #1859, #1672, #1425, #2411, #691, #2659, #447, #2763, #313, #2032, #583, #830, #2048, #2289, #2749, #297, #1287, #2504, #1774, #1066, #2732, #2257, #3026, #568, #68, #811, #1304, #1049, #1034, #2305, #2001, #3044, #2553, #538, #1272, #554, #1321, #329, #85, #1792, #1810, #522, #52, #2797, #1527, #1562, #2518, #2016, #2274, #2779, #1544, #345, #100, #1084, #2064, #1513, #3009, #2534, #794, #3060, #1760, #1498, #844, #2487, #284, #1258, #2241, #38, #1017, #2991, #777, #134, #2138, #1651, #2641, #2566, #1156, #2154, #393, #2357, #1577 ),
 .UNSPECIFIED., .F., .T. ) 
 B_SPLINE_CURVE_WITH_KNOTS ( ( 3, 2, 2, 2, 2, 2, 2, 2, 2, 2, 2, 2, 2, 2, 2, 2, 2, 2, 2, 2, 2, 2, 2, 2, 2, 2, 2, 2, 2, 2, 2, 2, 2, 2, 2, 2, 2, 2, 2, 2, 2, 2, 2, 2, 2, 2, 2, 2, 2, 2, 2, 2, 2, 2, 2, 2, 2, 2, 2, 2, 2, 2, 2, 2, 2, 2, 2, 2, 3 ),
 ( 0.2131580913989418735, 0.2196969696969696961, 0.2272727272727272652, 0.2348484848484848619, 0.2424242424242424310, 0.2500000000000000000, 0.2575757575757575690, 0.2651515151515151381, 0.2727272727272727071, 0.2803030303030302761, 0.2878787878787879007, 0.2954545454545454697, 0.3030303030303030387, 0.3106060606060606077, 0.3181818181818181768, 0.3257575757575757458, 0.3333333333333333148, 0.3409090909090908839, 0.3484848484848485084, 0.3560606060606060774, 0.3636363636363636465, 0.3712121212121212155, 0.3787878787878787845, 0.3863636363636363535, 0.3939393939393939226, 0.4015151515151514916, 0.4090909090909091161, 0.4166666666666666852, 0.4242424242424242542, 0.4318181818181818232, 0.4393939393939393923, 0.4469696969696969613, 0.4545454545454545303, 0.4621212121212120438, 0.4696969696969697239, 0.4772727272727272929, 0.4848484848484848619, 0.4924242424242424310, 0.5000000000000000000, 0.5075757575757575690, 0.5151515151515151381, 0.5227272727272727071, 0.5303030303030302761, 0.5378787878787878451, 0.5454545454545454142, 0.5530303030303029832, 0.5606060606060605522, 0.5681818181818182323, 0.5757575757575758013, 0.5833333333333333703, 0.5909090909090909394, 0.5984848484848485084, 0.6060606060606060774, 0.6136363636363636465, 0.6212121212121212155, 0.6287878787878787845, 0.6363636363636363535, 0.6439393939393939226, 0.6515151515151514916, 0.6590909090909090606, 0.6666666666666666297, 0.6742424242424241987, 0.6818181818181817677, 0.6893939393939394478, 0.6969696969696970168, 0.7045454545454545858, 0.7121212121212121549, 0.7196969696969697239, 0.7243718727920385181 ),
 .UNSPECIFIED. ) 
 CURVE ( )  GEOMETRIC_REPRESENTATION_ITEM ( )  RATIONAL_B_SPLINE_CURVE ( ( 0.9683457692224135549, 0.8843622474821113411, 1.000000000000000000, 0.8660254037844387076, 1.000000000000000000, 0.8660254037844387076, 1.000000000000000000, 0.8660254037844387076, 1.000000000000000000, 0.8660254037844387076, 1.000000000000000000, 0.8660254037844387076, 1.000000000000000000, 0.8660254037844387076, 1.000000000000000000, 0.8660254037844387076, 1.000000000000000000, 0.8660254037844387076, 1.000000000000000000, 0.8660254037844387076, 1.000000000000000000, 0.8660254037844387076, 1.000000000000000000, 0.8660254037844387076, 1.000000000000000000, 0.8660254037844387076, 1.000000000000000000, 0.8660254037844387076, 1.000000000000000000, 0.8660254037844387076, 1.000000000000000000, 0.8660254037844387076, 1.000000000000000000, 0.8660254037844387076, 1.000000000000000000, 0.8660254037844387076, 1.000000000000000000, 0.8660254037844387076, 1.000000000000000000, 0.8660254037844387076, 1.000000000000000000, 0.8660254037844387076, 1.000000000000000000, 0.8660254037844387076, 1.000000000000000000, 0.8660254037844387076, 1.000000000000000000, 0.8660254037844387076, 1.000000000000000000, 0.8660254037844387076, 1.000000000000000000, 0.8660254037844387076, 1.000000000000000000, 0.8660254037844387076, 1.000000000000000000, 0.8660254037844387076, 1.000000000000000000, 0.8660254037844387076, 1.000000000000000000, 0.8660254037844387076, 1.000000000000000000, 0.8660254037844387076, 1.000000000000000000, 0.8660254037844387076, 1.000000000000000000, 0.8660254037844387076, 1.000000000000000000, 0.8660254037844387076, 1.000000000000000000, 0.8660254037844387076, 1.000000000000000000, 0.8660254037844387076, 1.000000000000000000, 0.8660254037844387076, 1.000000000000000000, 0.8660254037844387076, 1.000000000000000000, 0.8660254037844387076, 1.000000000000000000, 0.8660254037844387076, 1.000000000000000000, 0.8660254037844387076, 1.000000000000000000, 0.8660254037844387076, 1.000000000000000000, 0.8660254037844387076, 1.000000000000000000, 0.8660254037844387076, 1.000000000000000000, 0.8660254037844387076, 1.000000000000000000, 0.8660254037844387076, 1.000000000000000000, 0.8660254037844387076, 1.000000000000000000, 0.8660254037844387076, 1.000000000000000000, 0.8660254037844387076, 1.000000000000000000, 0.8660254037844387076, 1.000000000000000000, 0.8660254037844387076, 1.000000000000000000, 0.8660254037844387076, 1.000000000000000000, 0.8660254037844387076, 1.000000000000000000, 0.8660254037844387076, 1.000000000000000000, 0.8660254037844387076, 1.000000000000000000, 0.8660254037844387076, 1.000000000000000000, 0.8660254037844387076, 1.000000000000000000, 0.8660254037844387076, 1.000000000000000000, 0.8660254037844387076, 1.000000000000000000, 0.8660254037844387076, 1.000000000000000000, 0.8660254037844387076, 1.000000000000000000, 0.8660254037844387076, 1.000000000000000000, 0.8660254037844387076, 1.000000000000000000, 0.8660254037844387076, 1.000000000000000000, 0.8660254037844387076, 1.000000000000000000, 0.8660254037844387076, 1.000000000000000000, 0.8660254037844387076, 1.000000000000000000, 0.9173259904048489677, 0.9366861284109613273 ) ) 
 REPRESENTATION_ITEM ( '' )  );
#2566 = CARTESIAN_POINT ( 'NONE',  ( 0.9999999999999996669, 0.1416666672129042182, 0.5773502691896250649 ) ) ;
#2567 = CARTESIAN_POINT ( 'NONE',  ( -0.5000000000000000000, 3.458333333879571647, -0.8660254037844380415 ) ) ;
#2568 = CARTESIAN_POINT ( 'NONE',  ( 0.9999999999999991118, 2.208333333879571203, -0.5773502691896257311 ) ) ;
#2569 = CARTESIAN_POINT ( 'NONE',  ( -0.9999999999999993339, 3.541666667212904240, -0.5773502691896252870 ) ) ;
#2570 = CARTESIAN_POINT ( 'NONE',  ( -0.9999999999999993339, 1.125000000546237722, 0.000000000000000000 ) ) ;
#2571 = CARTESIAN_POINT ( 'NONE',  ( 0.7834936499999992643, 2.299999999999999822, -9.595029906247759787E-17 ) ) ;
#2572 = CARTESIAN_POINT ( 'NONE',  ( -0.7834936499999959336, 2.933333333333333570, 0.4523502697358643965 ) ) ;
#2573 = CARTESIAN_POINT ( 'NONE',  ( -1.971952693979573249E-16, 2.625000000546238166, -1.154700538379250574 ) ) ;
#2574 = CARTESIAN_POINT ( 'NONE',  ( -0.5000000000000000000, 3.508333333879571470, -0.8660254037844380415 ) ) ;
#2575 = CARTESIAN_POINT ( 'NONE',  ( -0.7834936499999992643, 0.06666666666666713759, -0.4523502697358619540 ) ) ;
#2576 = CARTESIAN_POINT ( 'NONE',  ( 0.7834936499999989312, 4.733333333333335169, -0.4523502697358622870 ) ) ;
#2577 = FACE_OUTER_BOUND ( 'NONE', #2866, .T. ) ;
#2578 = CARTESIAN_POINT ( 'NONE',  ( -2.144132496763966830E-16, 3.300000001092475710, -0.9047005394717241300 ) ) ;
#2579 =( NAMED_UNIT ( * ) PLANE_ANGLE_UNIT ( ) SI_UNIT ( $, .RADIAN. ) );
#2580 = ORIENTED_EDGE ( 'NONE', *, *, #1216, .F. ) ;
#2581 = EDGE_LOOP ( 'NONE', ( #2680, #2437, #1743, #1220, #205 ) ) ;
#2582 = AXIS2_PLACEMENT_3D ( 'NONE', #2583, #1390, #375 ) ;
#2583 = CARTESIAN_POINT ( 'NONE',  ( -2.168404344971008868E-16, 4.500000000000000888, 0.000000000000000000 ) ) ;
#2584 = CARTESIAN_POINT ( 'NONE',  ( 0.4999999999999998890, 4.058333333879571292, 0.8660254037844379305 ) ) ;
#2585 = CARTESIAN_POINT ( 'NONE',  ( -0.9999999999999990008, 0.8083333338795711809, 0.5773502691896258421 ) ) ;
#2586 =( BOUNDED_CURVE ( )  B_SPLINE_CURVE ( 2, ( #1271, #2256, #2059, #1822, #841, #3057, #96 ),
 .UNSPECIFIED., .F., .T. ) 
 B_SPLINE_CURVE_WITH_KNOTS ( ( 3, 2, 2, 3 ),
 ( 0.4090909090909091161, 0.4166666666666666852, 0.4242424242424242542, 0.4318181818181818232 ),
 .UNSPECIFIED. ) 
 CURVE ( )  GEOMETRIC_REPRESENTATION_ITEM ( )  RATIONAL_B_SPLINE_CURVE ( ( 1.000000000000000000, 0.8660254037844387076, 1.000000000000000000, 0.8660254037844387076, 1.000000000000000000, 0.8660254037844387076, 1.000000000000000000 ) ) 
 REPRESENTATION_ITEM ( '' )  );
#2587 = CARTESIAN_POINT ( 'NONE',  ( -0.9999999999999993339, 2.775000000546237633, 0.000000000000000000 ) ) ;
#2588 = CARTESIAN_POINT ( 'NONE',  ( 0.9999999999999993339, 1.725000000546238477, -1.224646799147352468E-16 ) ) ;
#2589 = CARTESIAN_POINT ( 'NONE',  ( -0.7834936499999992643, 1.733333333333333171, 0.4523502697358625091 ) ) ;
#2590 = CARTESIAN_POINT ( 'NONE',  ( -0.7834936499999994863, 2.900000000000000355, 0.000000000000000000 ) ) ;
#2591 = VERTEX_POINT ( 'NONE', #2886 ) ;
#2592 = COLOUR_RGB ( '',0.7921568627450980005, 0.8196078431372548767, 0.9333333333333333481 ) ;
#2593 = ADVANCED_FACE ( 'NONE', ( #671 ), #1354, .F. ) ;
#2594 = CARTESIAN_POINT ( 'NONE',  ( -0.9999999999999990008, -0.04166666612042888018, 0.5773502691896258421 ) ) ;
#2595 = CARTESIAN_POINT ( 'NONE',  ( 0.4999999999999992784, 4.641666667212904329, -0.8660254037844381525 ) ) ;
#2596 = CARTESIAN_POINT ( 'NONE',  ( -5.539693099254653108E-17, 0.000000000000000000, -0.9047005394717241300 ) ) ;
#2597 = CARTESIAN_POINT ( 'NONE',  ( -0.7834936499999995974, 3.700000000000000622, 0.000000000000000000 ) ) ;
#2598 = CARTESIAN_POINT ( 'NONE',  ( 0.9999999999999993339, 6.091666667212905395, 0.5773502691896249539 ) ) ;
#2599 = CARTESIAN_POINT ( 'NONE',  ( -0.4999999999999991673, 1.591666667212904951, 0.8660254037844384856 ) ) ;
#2600 = CARTESIAN_POINT ( 'NONE',  ( -0.3917468249999999097, 2.133333334425808303, -0.6785254046037930697 ) ) ;
#2601 = CARTESIAN_POINT ( 'NONE',  ( -1.903198680129648435E-16, 2.799999999999999822, -0.9047005394717241300 ) ) ;
#2603 = VERTEX_POINT ( 'NONE', #235 ) ;
#2602 = FACE_OUTER_BOUND ( 'NONE', #871, .T. ) ;
#2604 = B_SPLINE_CURVE_WITH_KNOTS ( 'NONE', 3,
 ( #232, #938, #713, #1179, #726, #1462, #2916, #2695 ),
 .UNSPECIFIED., .F., .F.,
 ( 4, 2, 2, 4 ),
 ( 0.000000000000000000, 0.0003246212783892380750, 0.0006492425567784761500, 0.001298485113556952300 ),
 .UNSPECIFIED. ) ;
#2605 = LINE ( 'NONE', #1334, #3170 ) ;
#2606 = CARTESIAN_POINT ( 'NONE',  ( 0.9999999999999993339, 1.375000000546237944, -1.224646799147352468E-16 ) ) ;
#2607 = CARTESIAN_POINT ( 'NONE',  ( -0.7834936500000029280, 2.466666666666667673, -0.4523502697358600666 ) ) ;
#2608 = CARTESIAN_POINT ( 'NONE',  ( 0.4999999999999993339, 0.9916666672129043070, -0.8660254037844381525 ) ) ;
#2609 = CARTESIAN_POINT ( 'NONE',  ( 0.3917468249999999652, 1.133333334425808525, 0.6785254046037929587 ) ) ;
#2610 = ORIENTED_EDGE ( 'NONE', *, *, #316, .F. ) ;
#2611 = CARTESIAN_POINT ( 'NONE',  ( -0.9999999999999990008, 0.3583333338795712808, 0.5773502691896258421 ) ) ;
#2612 =( BOUNDED_CURVE ( )  B_SPLINE_CURVE ( 2, ( #46, #1011, #2282, #1982, #1041, #2527, #2972 ),
 .UNSPECIFIED., .F., .T. ) 
 B_SPLINE_CURVE_WITH_KNOTS ( ( 3, 2, 2, 3 ),
 ( 0.2954545454545455252, 0.3030303030303030942, 0.3106060606060606077, 0.3181818181818181768 ),
 .UNSPECIFIED. ) 
 CURVE ( )  GEOMETRIC_REPRESENTATION_ITEM ( )  RATIONAL_B_SPLINE_CURVE ( ( 0.9999999999999990008, 0.8660254037844397068, 1.000000000000000000, 0.8660254037844387076, 1.000000000000000000, 0.8660254037844387076, 1.000000000000000000 ) ) 
 REPRESENTATION_ITEM ( '' )  );
#2613 = CARTESIAN_POINT ( 'NONE',  ( 0.9999999999999993339, 1.375000000546237944, -1.224646799147352468E-16 ) ) ;
#2614 = CARTESIAN_POINT ( 'NONE',  ( -0.7834936499999992643, -1.133333333333333526, -0.4523502697358619540 ) ) ;
#2615 = CARTESIAN_POINT ( 'NONE',  ( 0.7834936499999992643, 3.866666666666666696, 0.4523502697358617874 ) ) ;
#2616 = CARTESIAN_POINT ( 'NONE',  ( 0.9999999999999991118, 4.925000000546238432, -1.224646799147352468E-16 ) ) ;
#2617 = CARTESIAN_POINT ( 'NONE',  ( -0.9999999999999993339, 0.7250000005462383657, 0.000000000000000000 ) ) ;
#2618 = CARTESIAN_POINT ( 'NONE',  ( -0.3917468249999992991, 2.666666667759141962, 0.6785254046037934028 ) ) ;
#2619 = CARTESIAN_POINT ( 'NONE',  ( 0.3917468249999994101, 1.566666666666666652, -0.6785254046037930697 ) ) ;
#2621 = VERTEX_POINT ( 'NONE', #248 ) ;
#2620 = CARTESIAN_POINT ( 'NONE',  ( 0.7834936499999992643, 1.600000001092475754, -9.595029906247759787E-17 ) ) ;
#2622 = ORIENTED_EDGE ( 'NONE', *, *, #2218, .T. ) ;
#2623 = CARTESIAN_POINT ( 'NONE',  ( 0.5000000000000001110, 0.4583333338795715362, 0.8660254037844379305 ) ) ;
#2624 = FACE_OUTER_BOUND ( 'NONE', #1433, .T. ) ;
#2625 = CARTESIAN_POINT ( 'NONE',  ( -1.032310811158803027E-16, 0.6750000005462377661, -1.154700538379250574 ) ) ;
#2626 = CARTESIAN_POINT ( 'NONE',  ( 0.3749999918064332305, 4.500000000000000888, 0.9270248142014181347 ) ) ;
#2627 = CARTESIAN_POINT ( 'NONE',  ( -0.9999999999999993339, 2.325000000546238343, 0.000000000000000000 ) ) ;
#2628 = CARTESIAN_POINT ( 'NONE',  ( 1.517347639585232837E-16, 0.3000000010924758764, 0.9047005394717241300 ) ) ;
#2629 = ORIENTED_EDGE ( 'NONE', *, *, #1006, .F. ) ;
#2630 = CARTESIAN_POINT ( 'NONE',  ( 0.5000000000000001110, -0.7416666661204289746, 0.8660254037844379305 ) ) ;
#2631 = CARTESIAN_POINT ( 'NONE',  ( 0.9999999999999996669, 1.341666667212904729, 0.5773502691896249539 ) ) ;
#2632 = CARTESIAN_POINT ( 'NONE',  ( 0.7834936499999997084, -1.733333333333333171, 0.4523502697358617874 ) ) ;
#2633 = CARTESIAN_POINT ( 'NONE',  ( 0.3917468249999998542, 3.033333333333333659, 0.6785254046037929587 ) ) ;
#2634 = CARTESIAN_POINT ( 'NONE',  ( 0.9999999999999993339, -1.791666666120429907, -0.5773502691896257311 ) ) ;
#2635 = CARTESIAN_POINT ( 'NONE',  ( -0.7834936500000027060, 2.233333334425808392, 0.4523502697358605662 ) ) ;
#2636 = CARTESIAN_POINT ( 'NONE',  ( 0.3917468249999998542, 2.733333334425808836, 0.6785254046037929587 ) ) ;
#2638 = ORIENTED_EDGE ( 'NONE', *, *, #407, .F. ) ;
#2637 = SURFACE_STYLE_FILL_AREA ( #1647 ) ;
#2639 = ORIENTED_EDGE ( 'NONE', *, *, #1340, .F. ) ;
#2640 = CARTESIAN_POINT ( 'NONE',  ( 2.109103786381203350E-16, 0.02500000054623825047, 1.154700538379250574 ) ) ;
#2641 = CARTESIAN_POINT ( 'NONE',  ( 0.9999999999999993339, 0.1750000005462373498, -1.224646799147352468E-16 ) ) ;
#2642 = CARTESIAN_POINT ( 'NONE',  ( -1.610551969817738766E-16, 1.875000000546237500, -1.154700538379250574 ) ) ;
#2643 = CIRCLE ( 'NONE', #1237, 0.9999999999999995559 ) ;
#2644 = CARTESIAN_POINT ( 'NONE',  ( 1.575398759072955843E-17, 4.075000000546237899, 1.154700538379250796 ) ) ;
#2645 = CARTESIAN_POINT ( 'NONE',  ( -0.9999999999999993339, 1.525000000546237855, 0.000000000000000000 ) ) ;
#2646 = CARTESIAN_POINT ( 'NONE',  ( -0.7834936499999992643, 0.1666666677591424617, -0.4523502697358619540 ) ) ;
#2647 = B_SPLINE_CURVE_WITH_KNOTS ( 'NONE', 3,
 ( #1996, #1463, #2973, #1954, #757, #2252, #1267, #293, #1492, #47, #1028, #2481, #1253, #727 ),
 .UNSPECIFIED., .F., .F.,
 ( 4, 2, 2, 2, 2, 2, 4 ),
 ( 0.000000000000000000, 0.0004696383601743012778, 0.0007044575402614519167, 0.0009392767203486025555, 0.001174095900435753303, 0.001408915080522904267, 0.001878553440697205978 ),
 .UNSPECIFIED. ) ;
#2648 = CARTESIAN_POINT ( 'NONE',  ( -0.9999999999999993339, -0.07499999945376201183, 0.000000000000000000 ) ) ;
#2649 = CARTESIAN_POINT ( 'NONE',  ( 0.9999999999999991118, 1.808333333879571070, -0.5773502691896257311 ) ) ;
#2650 = CARTESIAN_POINT ( 'NONE',  ( 0.9999999999999993339, 5.741666667212903974, 0.5773502691896249539 ) ) ;
#2651 = CARTESIAN_POINT ( 'NONE',  ( 0.9999999999999990008, 5.758333333879571470, -0.5773502691896257311 ) ) ;
#2652 = LINE ( 'NONE', #2131, #2313 ) ;
#2654 = ORIENTED_EDGE ( 'NONE', *, *, #1657, .F. ) ;
#2653 = CARTESIAN_POINT ( 'NONE',  ( -1.043274022341798283E-17, 0.2165063499999977381, 0.000000000000000000 ) ) ;
#2655 = ORIENTED_EDGE ( 'NONE', *, *, #2831, .T. ) ;
#2656 = CARTESIAN_POINT ( 'NONE',  ( 0.4999999999999994449, -1.008333332787095804, -0.8660254037844381525 ) ) ;
#2657 = FACE_OUTER_BOUND ( 'NONE', #1909, .T. ) ;
#2658 = CARTESIAN_POINT ( 'NONE',  ( -0.9999999999999991118, -0.4583333327870956486, -0.5773502691896251759 ) ) ;
#2659 = CARTESIAN_POINT ( 'NONE',  ( 9.285280874525430620E-17, 2.475000000546237811, 1.154700538379250796 ) ) ;
#2660 = CARTESIAN_POINT ( 'NONE',  ( 0.2738162586783051688, 0.1293266451285892682, -0.8340998402830243075 ) ) ;
#2661 = CARTESIAN_POINT ( 'NONE',  ( 0.7834936499999991533, 0.03333333442580906775, -0.4523502697358622870 ) ) ;
#2662 = CARTESIAN_POINT ( 'NONE',  ( -0.4999999999999997780, -0.9416666661204285971, -0.8660254037844380415 ) ) ;
#2663 = CARTESIAN_POINT ( 'NONE',  ( -1.996046075590362675E-16, 2.675000000546237544, -1.154700538379250574 ) ) ;
#2664 = CARTESIAN_POINT ( 'NONE',  ( -0.7834936499999992643, -1.933333333333333792, -0.4523502697358619540 ) ) ;
#2665 = CARTESIAN_POINT ( 'NONE',  ( 0.9999999999999990008, 5.358333333879571114, -0.5773502691896257311 ) ) ;
#2666 = CARTESIAN_POINT ( 'NONE',  ( 5.536123751536738053E-17, 2.300000001092475266, 0.9047005394717241300 ) ) ;
#2667 = CARTESIAN_POINT ( 'NONE',  ( 0.000000000000000000, 0.000000000000000000, 0.000000000000000000 ) ) ;
#2668 = EDGE_LOOP ( 'NONE', ( #2685, #2354, #343, #825 ) ) ;
#2669 = CARTESIAN_POINT ( 'NONE',  ( -0.9999999999999993339, 0.7250000005462383657, 0.000000000000000000 ) ) ;
#2670 = CARTESIAN_POINT ( 'NONE',  ( 0.7834936499999992643, 1.900000000000000577, -9.595029906247759787E-17 ) ) ;
#2671 = CARTESIAN_POINT ( 'NONE',  ( -0.4999999999999997780, -0.8916666661204288857, -0.8660254037844380415 ) ) ;
#2672 = LINE ( 'NONE', #2454, #1927 ) ;
#2673 = CARTESIAN_POINT ( 'NONE',  ( -0.7834936499999993753, -0.1999999989075245954, 0.000000000000000000 ) ) ;
#2674 = DIRECTION ( 'NONE',  ( -4.818676322157797005E-17, 1.000000000000000000, 0.000000000000000000 ) ) ;
#2675 = CARTESIAN_POINT ( 'NONE',  ( 0.4999999999999993339, 1.441666667212904152, -0.8660254037844381525 ) ) ;
#2676 = CARTESIAN_POINT ( 'NONE',  ( -0.9999999999999995559, 5.575000000546237899, 0.000000000000000000 ) ) ;
#2677 = CARTESIAN_POINT ( 'NONE',  ( -0.9999999999999995559, 4.325000000546237899, 0.000000000000000000 ) ) ;
#2678 = CARTESIAN_POINT ( 'NONE',  ( -0.7834936499999995974, 4.200000001092475621, 0.000000000000000000 ) ) ;
#2679 = SHAPE_DEFINITION_REPRESENTATION ( #1878, #2747 ) ;
#2680 = ORIENTED_EDGE ( 'NONE', *, *, #2503, .F. ) ;
#2681 = CARTESIAN_POINT ( 'NONE',  ( 2.687344945040139705E-16, -1.174999999453762323, 1.154700538379250574 ) ) ;
#2682 = AXIS2_PLACEMENT_3D ( 'NONE', #2653, #1680, #2447 ) ;
#2683 = CARTESIAN_POINT ( 'NONE',  ( -0.3917468249999991881, 1.366666666666667140, 0.6785254046037934028 ) ) ;
#2684 = CARTESIAN_POINT ( 'NONE',  ( 0.4999999999999994449, -0.9583333327870960927, -0.8660254037844381525 ) ) ;
#2685 = ORIENTED_EDGE ( 'NONE', *, *, #3040, .F. ) ;
#2686 = DIRECTION ( 'NONE',  ( -4.818676322157797005E-17, 1.000000000000000000, -0.000000000000000000 ) ) ;
#2687 = CARTESIAN_POINT ( 'NONE',  ( 0.3917468249999995766, -1.533333332240857771, -0.6785254046037930697 ) ) ;
#2688 = CARTESIAN_POINT ( 'NONE',  ( 0.1653949698549584124, 0.02299110651245727874, 0.9660438772111684669 ) ) ;
#2689 = AXIS2_PLACEMENT_3D ( 'NONE', #116, #873, #911 ) ;
#2690 = CARTESIAN_POINT ( 'NONE',  ( -0.9999999999999991118, -0.8583333327870957818, -0.5773502691896251759 ) ) ;
#2691 = CARTESIAN_POINT ( 'NONE',  ( 0.4999999999999992784, 5.041666667212904684, -0.8660254037844381525 ) ) ;
#2692 = EDGE_CURVE ( 'NONE', #857, #1924, #1685, .T. ) ;
#2693 = CARTESIAN_POINT ( 'NONE',  ( -0.9999999999999993339, 3.125000000546238166, 0.000000000000000000 ) ) ;
#2694 = CARTESIAN_POINT ( 'NONE',  ( -0.7834936499999994863, 2.200000001092475621, 0.000000000000000000 ) ) ;
#2696 = CARTESIAN_POINT ( 'NONE',  ( 2.174999999999999822, 4.500000000000000888, 2.663606788145493121E-16 ) ) ;
#2695 = CARTESIAN_POINT ( 'NONE',  ( 0.9217335383718808783, 4.500000102120779388, 0.3878237798800519553 ) ) ;
#2697 = CARTESIAN_POINT ( 'NONE',  ( -0.7834936499999997084, 5.766666667759142051, -0.4523502697358619540 ) ) ;
#2698 = CARTESIAN_POINT ( 'NONE',  ( 0.7834936499999992643, 1.500000000000000444, -9.595029906247759787E-17 ) ) ;
#2699 = CARTESIAN_POINT ( 'NONE',  ( -0.4999999999999997780, -1.291666666120429019, -0.8660254037844380415 ) ) ;
#2700 = VERTEX_POINT ( 'NONE', #2409 ) ;
#2701 = EDGE_CURVE ( 'NONE', #2166, #66, #1669, .T. ) ;
#2702 = CARTESIAN_POINT ( 'NONE',  ( -1.373144285218719260E-16, 1.700000001092475399, -0.9047005394717241300 ) ) ;
#2703 = CARTESIAN_POINT ( 'NONE',  ( 1.688321378717757258E-17, -1.499999998907524335, -0.9047005394717241300 ) ) ;
#2704 = CARTESIAN_POINT ( 'NONE',  ( -0.3750023625274312433, -1.569555910683193661E-07, 0.9270238551940526150 ) ) ;
#2705 = CARTESIAN_POINT ( 'NONE',  ( -0.9999999999999986677, -0.3916666661204293853, 0.5773502691896258421 ) ) ;
#2706 = CARTESIAN_POINT ( 'NONE',  ( -2.279542298653281699E-17, 4.875000000546237722, 1.154700538379250574 ) ) ;
#2707 = CARTESIAN_POINT ( 'NONE',  ( 0.5000000000000000000, 2.858333333879571558, 0.8660254037844379305 ) ) ;
#2708 = CARTESIAN_POINT ( 'NONE',  ( -0.9999999999999991118, 6.008333333879571470, 0.5773502691896258421 ) ) ;
#2709 = CARTESIAN_POINT ( 'NONE',  ( -0.9999999999999993339, 3.925000000546237988, 0.000000000000000000 ) ) ;
#2711 = ORIENTED_EDGE ( 'NONE', *, *, #540, .F. ) ;
#2710 = CARTESIAN_POINT ( 'NONE',  ( -0.7834936499999993753, 5.733333333333334281, 0.4523502697358625091 ) ) ;
#2712 = CARTESIAN_POINT ( 'NONE',  ( 0.9999999999999991118, 2.158333333879571825, -0.5773502691896257311 ) ) ;
#2713 = CARTESIAN_POINT ( 'NONE',  ( 0.3917468249999991881, 6.066666667759142761, -0.6785254046037930697 ) ) ;
#2714 = CARTESIAN_POINT ( 'NONE',  ( 0.7834936499999992643, 2.800000001092475266, -9.595029906247759787E-17 ) ) ;
#2715 = CARTESIAN_POINT ( 'NONE',  ( 0.5000000000000001110, -0.6916666661204292632, 0.8660254037844379305 ) ) ;
#2716 = CARTESIAN_POINT ( 'NONE',  ( -0.7834936499999994863, 1.000000001092474999, 0.000000000000000000 ) ) ;
#2717 = CARTESIAN_POINT ( 'NONE',  ( 0.7834936499999994863, -1.233333332240857505, 0.4523502697358617874 ) ) ;
#2718 = CARTESIAN_POINT ( 'NONE',  ( 0.9999999999999993339, -1.841666666120429285, -0.5773502691896257311 ) ) ;
#2719 = CARTESIAN_POINT ( 'NONE',  ( 2.470504510543038326E-16, -0.7249999994537624781, 1.154700538379250574 ) ) ;
#2720 = CARTESIAN_POINT ( 'NONE',  ( -0.9999999999999990008, 4.008333333879571470, 0.5773502691896258421 ) ) ;
#2721 = CARTESIAN_POINT ( 'NONE',  ( -2.742940905524821066E-16, 4.225000000546238255, -1.154700538379250574 ) ) ;
#2722 = CARTESIAN_POINT ( 'NONE',  ( -0.9999999999999991118, 5.608333333879571114, 0.5773502691896258421 ) ) ;
#2723 = CARTESIAN_POINT ( 'NONE',  ( 0.3917468249999999097, 1.933333334425808792, 0.6785254046037929587 ) ) ;
#2725 = DIRECTION ( 'NONE',  ( -4.818676322157797005E-17, 1.000000000000000000, -0.000000000000000000 ) ) ;
#2724 = CARTESIAN_POINT ( 'NONE',  ( 0.3917468249999997432, 5.833333333333333925, 0.6785254046037929587 ) ) ;
#2726 = CARTESIAN_POINT ( 'NONE',  ( 1.145368521949643826E-16, 2.025000000546238077, 1.154700538379250796 ) ) ;
#2727 = ADVANCED_FACE ( 'NONE', ( #2657 ), #1222, .F. ) ;
#2728 = CARTESIAN_POINT ( 'NONE',  ( -0.3917468250000001317, 6.133333334425809191, -0.6785254046037930697 ) ) ;
#2729 = CARTESIAN_POINT ( 'NONE',  ( -0.3917468249999992991, 3.066666667759142317, 0.6785254046037934028 ) ) ;
#2730 = CARTESIAN_POINT ( 'NONE',  ( 0.7834936499999921589, 1.133333333333333970, -0.4523502697358660618 ) ) ;
#2731 = EDGE_CURVE ( 'NONE', #2061, #2195, #460, .T. ) ;
#2732 = CARTESIAN_POINT ( 'NONE',  ( -0.9999999999999993339, 1.975000000546237811, 0.000000000000000000 ) ) ;
#2733 = CARTESIAN_POINT ( 'NONE',  ( 0.4999999999999998890, 4.458333333879571647, 0.8660254037844379305 ) ) ;
#2734 = CARTESIAN_POINT ( 'NONE',  ( -0.7834936499999992643, -1.799999998907524379, 0.000000000000000000 ) ) ;
#2735 = CARTESIAN_POINT ( 'NONE',  ( 3.455629493457012263E-13, -2.174999999453785193, -0.9999999999999994449 ) ) ;
#2736 = CARTESIAN_POINT ( 'NONE',  ( 0.9999999999999993339, 4.141666667212905217, 0.5773502691896249539 ) ) ;
#2737 = CARTESIAN_POINT ( 'NONE',  ( 0.9999999999999990008, 4.558333333879571292, -0.5773502691896257311 ) ) ;
#2738 = EDGE_CURVE ( 'NONE', #1508, #2205, #283, .T. ) ;
#2739 = CARTESIAN_POINT ( 'NONE',  ( 0.9999999999999993339, 5.741666667212903974, 0.5773502691896249539 ) ) ;
#2740 = CARTESIAN_POINT ( 'NONE',  ( 0.7834936499999994863, 2.266666666666666607, 0.4523502697358617874 ) ) ;
#2742 = ORIENTED_EDGE ( 'NONE', *, *, #176, .F. ) ;
#2741 = CARTESIAN_POINT ( 'NONE',  ( -0.7834936499999994863, 5.266666666666666607, -0.4523502697358619540 ) ) ;
#2743 = CARTESIAN_POINT ( 'NONE',  ( -0.9999999999999993339, 3.125000000546238166, 0.000000000000000000 ) ) ;
#2744 = CARTESIAN_POINT ( 'NONE',  ( 0.7834936499999990422, 5.600000001092475976, -9.595029906247759787E-17 ) ) ;
#2745 = DIRECTION ( 'NONE',  ( -1.000000000000000000, 0.000000000000000000, 0.000000000000000000 ) ) ;
#2746 = DIRECTION ( 'NONE',  ( -1.000000000000000000, 0.000000000000000000, 0.000000000000000000 ) ) ;
#2747 = ADVANCED_BREP_SHAPE_REPRESENTATION ( '9774030243R', ( #809, #1670 ), #369 ) ;
#2748 = AXIS2_PLACEMENT_3D ( 'NONE', #1959, #2686, #692 ) ;
#2749 = CARTESIAN_POINT ( 'NONE',  ( 0.9999999999999993339, 2.175000000546237544, -1.224646799147352468E-16 ) ) ;
#2750 = CARTESIAN_POINT ( 'NONE',  ( -0.9999999999999995559, 5.125000000546237722, 0.000000000000000000 ) ) ;
#2751 = CARTESIAN_POINT ( 'NONE',  ( 0.7834936499999997084, -2.033333332240858216, 0.4523502697358617874 ) ) ;
#2752 = DIRECTION ( 'NONE',  ( 4.818676322157797005E-17, -1.000000000000000000, 0.000000000000000000 ) ) ;
#2753 = CARTESIAN_POINT ( 'NONE',  ( 0.9999999999999996669, 2.941666667212904596, 0.5773502691896249539 ) ) ;
#2754 = CARTESIAN_POINT ( 'NONE',  ( -0.9999999999999993339, 1.091666667212904507, -0.5773502691896251759 ) ) ;
#2755 = CARTESIAN_POINT ( 'NONE',  ( 0.9999999999999990008, 5.808333333879570404, -0.5773502691896257311 ) ) ;
#2756 = CARTESIAN_POINT ( 'NONE',  ( -0.7834936499999994863, 1.700000000000000178, 0.000000000000000000 ) ) ;
#2758 = DIRECTION ( 'NONE',  ( -4.818676322157797005E-17, 1.000000000000000000, -0.000000000000000000 ) ) ;
#2757 = CARTESIAN_POINT ( 'NONE',  ( -2.168404344971008868E-16, 4.500000000000000888, 0.000000000000000000 ) ) ;
#2759 = CARTESIAN_POINT ( 'NONE',  ( 0.4999999999999992784, 2.991666667212904862, -0.8660254037844381525 ) ) ;
#2760 = CARTESIAN_POINT ( 'NONE',  ( -0.7834936499999995974, 4.600000001092475976, 0.000000000000000000 ) ) ;
#2761 = CARTESIAN_POINT ( 'NONE',  ( 0.7834936499999992643, 2.299999999999999822, -9.595029906247759787E-17 ) ) ;
#2762 = CARTESIAN_POINT ( 'NONE',  ( 2.855998616315661741E-16, -1.524999999453762856, 1.154700538379250574 ) ) ;
#2763 = CARTESIAN_POINT ( 'NONE',  ( -0.9999999999999988898, 2.408333333879570493, 0.5773502691896259531 ) ) ;
#2764 = CARTESIAN_POINT ( 'NONE',  ( 0.9999999999999991118, 4.525000000546238077, -1.224646799147352468E-16 ) ) ;
#2765 = DIRECTION ( 'NONE',  ( -4.818676322157797005E-17, 1.000000000000000000, -0.000000000000000000 ) ) ;
#2766 = DIRECTION ( 'NONE',  ( -4.818676322157797005E-17, 1.000000000000000000, -0.000000000000000000 ) ) ;
#2767 = CARTESIAN_POINT ( 'NONE',  ( -9.394634156980891575E-17, 0.8000000000000003775, -0.9047005394717241300 ) ) ;
#2768 = CARTESIAN_POINT ( 'NONE',  ( 0.5000000000000000000, 2.058333333879571292, 0.8660254037844379305 ) ) ;
#2769 = CARTESIAN_POINT ( 'NONE',  ( -2.381540181362986090E-16, 3.475000000546237811, -1.154700538379250574 ) ) ;
#2770 = CARTESIAN_POINT ( 'NONE',  ( -0.7834936499999992643, 2.633333334425808747, 0.4523502697358623981 ) ) ;
#2771 = CARTESIAN_POINT ( 'NONE',  ( 0.3917468249999997987, 4.233333333333333393, 0.6785254046037929587 ) ) ;
#2772 = CARTESIAN_POINT ( 'NONE',  ( -0.4999999999999998890, 2.658333333879571381, -0.8660254037844380415 ) ) ;
#2773 = CARTESIAN_POINT ( 'NONE',  ( -2.462878350526175291E-18, 3.500000001092475888, 0.9047005394717241300 ) ) ;
#2774 = DIRECTION ( 'NONE',  ( -1.000000000000000000, -4.818676322157796389E-17, 0.000000000000000000 ) ) ;
#2775 = CARTESIAN_POINT ( 'NONE',  ( -1.132210468584401358E-16, 1.200000000000000622, -0.9047005394717241300 ) ) ;
#2776 = VERTEX_POINT ( 'NONE', #1450 ) ;
#2777 = EDGE_CURVE ( 'NONE', #3100, #659, #1452, .T. ) ;
#2778 = CARTESIAN_POINT ( 'NONE',  ( -0.4999999999999990563, 0.04166666721290394892, 0.8660254037844384856 ) ) ;
#2779 = CARTESIAN_POINT ( 'NONE',  ( 0.9999999999999991118, 1.008333333879570803, -0.5773502691896257311 ) ) ;
#2780 = CARTESIAN_POINT ( 'NONE',  ( 0.9999999999999991118, 6.125000000546238610, -1.224646799147352468E-16 ) ) ;
#2781 = CARTESIAN_POINT ( 'NONE',  ( -0.7834936499999993753, 0.5000000000000004441, 0.000000000000000000 ) ) ;
#2782 = DIRECTION ( 'NONE',  ( -4.818676322157797005E-17, 1.000000000000000000, 0.000000000000000000 ) ) ;
#2783 = CIRCLE ( 'NONE', #2682, 0.7834936499999994863 ) ;
#2784 = CARTESIAN_POINT ( 'NONE',  ( -0.7834936499999993753, 1.666666666666666963, -0.4523502697358619540 ) ) ;
#2785 = CARTESIAN_POINT ( 'NONE',  ( 0.9999999999999991118, 2.558333333879571292, -0.5773502691896257311 ) ) ;
#2786 = CARTESIAN_POINT ( 'NONE',  ( 0.9999999999999990008, 4.608333333879571114, -0.5773502691896257311 ) ) ;
#2787 = CARTESIAN_POINT ( 'NONE',  ( -0.7834936499999993753, -0.7000000000000000666, 0.000000000000000000 ) ) ;
#2788 = EDGE_CURVE ( 'NONE', #2825, #2407, #1569, .T. ) ;
#2789 = VECTOR ( 'NONE', #1999, 1000.000000000000000 ) ;
#2790 = CARTESIAN_POINT ( 'NONE',  ( 0.3917468249999993546, 3.166666666666666963, -0.6785254046037930697 ) ) ;
#2791 = CARTESIAN_POINT ( 'NONE',  ( -0.4999999999999998890, 1.458333333879571647, -0.8660254037844380415 ) ) ;
#2792 = CARTESIAN_POINT ( 'NONE',  ( 0.7834936499999992643, 4.366666667759142584, 0.4523502697358617874 ) ) ;
#2793 = DIRECTION ( 'NONE',  ( -4.818676322157797005E-17, 1.000000000000000000, -0.000000000000000000 ) ) ;
#2794 = CARTESIAN_POINT ( 'NONE',  ( -0.4999999999999989453, -1.558333332787095848, 0.8660254037844384856 ) ) ;
#2795 = ORIENTED_EDGE ( 'NONE', *, *, #2692, .T. ) ;
#2796 = CARTESIAN_POINT ( 'NONE',  ( -0.9999999999999986677, -0.7916666661204286859, 0.5773502691896258421 ) ) ;
#2797 = CARTESIAN_POINT ( 'NONE',  ( -0.9999999999999988898, 1.208333333879571425, 0.5773502691896259531 ) ) ;
#2798 = CARTESIAN_POINT ( 'NONE',  ( -2.038608482545392373E-17, 4.825000000546238788, 1.154700538379250574 ) ) ;
#2799 = AXIS2_PLACEMENT_3D ( 'NONE', #2086, #2758, #3084 ) ;
#2800 =( BOUNDED_SURFACE ( )  B_SPLINE_SURFACE ( 1, 2, ( 
 ( #1242, #2172, #24, #1915, #2033, #1793, #2780, #1288, #1545, #555, #2519, #86, #1273, #1528, #2242, #2258, #3027, #762, #778, #1761, #314, #330, #298, #812, #569, #1747, #2275, #1322, #2306, #69, #2505, #1775, #3010, #53, #2535, #1305, #2750, #1811, #1050, #2290, #1499, #1067, #2049, #3045, #831, #2798, #584, #539, #346, #1563, #2554, #1002, #1988, #2978, #2764, #523, #2733, #2488, #285, #1259, #1035, #1514, #39, #1018, #2002, #2017, #2992, #795, #2584, #376, #2850, #615, #597, #2097, #2813, #1335, #1578, #2065, #359, #135, #1355, #845, #2339, #2322, #1099, #1826, #2567, #1116, #1595, #1839, #117, #2081, #3095, #3078, #635, #874, #1857, #101, #1085, #3061, #859, #2829, #397, #196, #1159, #1172, #2157, #158, #1617, #2816, #897, #1861, #1582, #2853, #363, #657, #3137, #380, #914, #2890, #2627, #2380, #3156, #2871, #618, #674, #862, #2100, #1598, #1339, #2342, #1899, #1393, #1101, #2142, #139, #638, #2084, #2588, #1655, #1636, #1140, #1358, #2833, #2645, #1119, #930, #433, #178, #1880, #415, #1412, #2398, #878, #1376, #600, #2570, #2325, #122, #2121, #2608, #3081, #1842, #2360, #3098, #3117, #1155, #429, #2669, #1422, #2168, #715, #3133, #459, #2867, #3151, #2623, #670, #3113, #1408, #3182, #2181, #1435, #173, #1682, #1194, #2393, #2137, #154, #2640, #2421, #2902, #2408, #411, #2356, #443, #192, #2116, #1169, #910, #1894, #703, #941, #1389, #2885, #1697, #893, #219, #1910, #1135, #953, #3167, #2919, #926, #1875, #206, #1650, #652, #2153, #1631, #2656, #1182, #1942, #688, #2932, #2681, #2376, #1668, #1929, #1372, #295, #1221, #518, #1239, #2434, #2224, #1269, #4, #49, #1031, #2012, #1757, #1449, #1970, #2975, #2500, #1712, #984, #1510, #2988, #2192, #234, #1208, #2450, #2254, #2206, #1495 ),
 ( #2960, #2945, #2728, #1255, #2713, #247, #759, #280, #35, #791, #2483, #1464, #3004, #2697, #745, #1730, #3195, #504, #2744, #2238, #1955, #1998, #1479, #2468, #728, #264, #773, #1014, #1985, #21, #487, #535, #1000, #1771, #473, #966, #1745, #1820, #2315, #111, #822, #339, #130, #1094, #1110, #2092, #95, #1556, #2760, #840, #1803, #1524, #3037, #309, #1786, #2792, #324, #3072, #2823, #2042, #1298, #578, #2808, #2546, #1330, #1077, #1539, #3090, #2027, #805, #593, #1572, #354, #2076, #3055, #854, #2300, #2058, #1835, #1316, #2562, #2773, #611, #1591, #2515, #2529, #2284, #2578, #372, #1350, #2334, #869, #1284, #551, #2269, #63, #1044, #1060, #3020, #563, #80, #169, #2132, #1130, #2636, #406, #2618, #1608, #2880, #1385, #2370, #1149, #3127, #906, #2109, #1403, #1645, #1890, #425, #666, #2389, #648, #2600, #1626, #1850, #390, #2844, #1870, #889, #2351, #629, #1368, #149, #3108, #2862, #2891, #1689, #1637, #2122, #416, #1881, #159, #2908, #2143, #1674, #1160, #931, #210, #898, #2361, #450, #398, #2609, #1916, #1186, #2381, #1933, #3099, #945, #879, #658, #675, #1394, #1427, #2854, #180, #3157, #1862, #1141, #2872, #3138, #3119, #2413, #1377, #1900, #2173, #197, #2628, #1656, #915, #3172, #2646, #435, #2923, #694, #2661, #2426, #1413, #707, #2399, #1173, #2158, #2673, #1618, #463, #1439, #225, #1199, #639, #2490, #2003, #10, #1960, #957, #252, #286, #508, #25, #239, #3186, #1244, #989, #2937, #1975, #2952, #734, #1500, #1748, #2197, #1719, #2506, #1703, #40, #2717, #1946, #1260, #2979, #525, #749, #719, #2229, #2703, #2687, #1227, #479, #269, #1003, #2243, #1515, #1020, #2734, #1989, #763, #2993, #780, #2212, #2964, #2751, #1762, #541, #299, #1483, #1734, #2185, #1456, #2472, #2439 ) ),
 .UNSPECIFIED., .F., .F., .T. ) 
 B_SPLINE_SURFACE_WITH_KNOTS ( ( 2, 2 ),
 ( 3, 2, 2, 2, 2, 2, 2, 2, 2, 2, 2, 2, 2, 2, 2, 2, 2, 2, 2, 2, 2, 2, 2, 2, 2, 2, 2, 2, 2, 2, 2, 2, 2, 2, 2, 2, 2, 2, 2, 2, 2, 2, 2, 2, 2, 2, 2, 2, 2, 2, 2, 2, 2, 2, 2, 2, 2, 2, 2, 2, 2, 2, 2, 2, 2, 2, 2, 2, 2, 2, 2, 2, 2, 2, 2, 2, 2, 2, 2, 2, 2, 2, 2, 2, 2, 2, 2, 2, 2, 2, 2, 2, 2, 2, 2, 2, 2, 2, 2, 2, 2, 2, 2, 2, 2, 2, 2, 2, 2, 2, 2, 2, 2, 2, 2, 2, 2, 2, 2, 2, 2, 2, 2, 2, 2, 2, 2, 2, 3 ),
 ( 0.000000000000000000, 1.000000000000000000 ),
 ( 0.000000000000000000, 0.007575757575757575968, 0.01515151515151515194, 0.02272727272727272790, 0.03030303030303030387, 0.03787878787878787984, 0.04545454545454545581, 0.05303030303030303177, 0.06060606060606060774, 0.06818181818181817677, 0.07575757575757575968, 0.08333333333333332871, 0.09090909090909091161, 0.09848484848484848064, 0.1060606060606060635, 0.1136363636363636326, 0.1212121212121212155, 0.1287878787878787845, 0.1363636363636363535, 0.1439393939393939503, 0.1515151515151515194, 0.1590909090909090884, 0.1666666666666666574, 0.1742424242424242542, 0.1818181818181818232, 0.1893939393939393923, 0.1969696969696969613, 0.2045454545454545581, 0.2121212121212121271, 0.2196969696969696961, 0.2272727272727272652, 0.2348484848484848619, 0.2424242424242424310, 0.2500000000000000000, 0.2575757575757575690, 0.2651515151515151381, 0.2727272727272727071, 0.2803030303030302761, 0.2878787878787879007, 0.2954545454545454697, 0.3030303030303030387, 0.3106060606060606077, 0.3181818181818181768, 0.3257575757575757458, 0.3333333333333333148, 0.3409090909090908839, 0.3484848484848485084, 0.3560606060606060774, 0.3636363636363636465, 0.3712121212121212155, 0.3787878787878787845, 0.3863636363636363535, 0.3939393939393939226, 0.4015151515151514916, 0.4090909090909091161, 0.4166666666666666852, 0.4242424242424242542, 0.4318181818181818232, 0.4393939393939393923, 0.4469696969696969613, 0.4545454545454545303, 0.4621212121212120993, 0.4696969696969697239, 0.4772727272727272929, 0.4848484848484848619, 0.4924242424242424310, 0.5000000000000000000, 0.5075757575757575690, 0.5151515151515151381, 0.5227272727272727071, 0.5303030303030302761, 0.5378787878787878451, 0.5454545454545454142, 0.5530303030303029832, 0.5606060606060605522, 0.5681818181818182323, 0.5757575757575758013, 0.5833333333333333703, 0.5909090909090909394, 0.5984848484848485084, 0.6060606060606060774, 0.6136363636363636465, 0.6212121212121212155, 0.6287878787878787845, 0.6363636363636363535, 0.6439393939393939226, 0.6515151515151514916, 0.6590909090909090606, 0.6666666666666666297, 0.6742424242424241987, 0.6818181818181817677, 0.6893939393939394478, 0.6969696969696970168, 0.7045454545454545858, 0.7121212121212121549, 0.7196969696969697239, 0.7272727272727272929, 0.7348484848484848619, 0.7424242424242424310, 0.7500000000000000000, 0.7575757575757575690, 0.7651515151515151381, 0.7727272727272727071, 0.7803030303030302761, 0.7878787878787878451, 0.7954545454545454142, 0.8030303030303029832, 0.8106060606060605522, 0.8181818181818182323, 0.8257575757575758013, 0.8333333333333333703, 0.8409090909090909394, 0.8484848484848485084, 0.8560606060606060774, 0.8636363636363636465, 0.8712121212121212155, 0.8787878787878787845, 0.8863636363636363535, 0.8939393939393939226, 0.9015151515151514916, 0.9090909090909090606, 0.9166666666666666297, 0.9242424242424241987, 0.9318181818181817677, 0.9393939393939394478, 0.9469696969696970168, 0.9545454545454545858, 0.9621212121212121549, 0.9659090909090933819 ),
 .UNSPECIFIED. ) 
 GEOMETRIC_REPRESENTATION_ITEM ( )  RATIONAL_B_SPLINE_SURFACE ( (
 ( 1.000000000000000000, 0.8660254037844387076, 1.000000000000000000, 0.8660254037844387076, 1.000000000000000000, 0.8660254037844387076, 1.000000000000000000, 0.8660254037844387076, 1.000000000000000000, 0.8660254037844387076, 1.000000000000000000, 0.8660254037844387076, 1.000000000000000000, 0.8660254037844387076, 1.000000000000000000, 0.8660254037844387076, 1.000000000000000000, 0.8660254037844387076, 1.000000000000000000, 0.8660254037844387076, 1.000000000000000000, 0.8660254037844387076, 1.000000000000000000, 0.8660254037844387076, 1.000000000000000000, 0.8660254037844387076, 1.000000000000000000, 0.8660254037844387076, 1.000000000000000000, 0.8660254037844387076, 1.000000000000000000, 0.8660254037844387076, 1.000000000000000000, 0.8660254037844387076, 1.000000000000000000, 0.8660254037844387076, 1.000000000000000000, 0.8660254037844387076, 1.000000000000000000, 0.8660254037844387076, 1.000000000000000000, 0.8660254037844387076, 1.000000000000000000, 0.8660254037844387076, 1.000000000000000000, 0.8660254037844387076, 1.000000000000000000, 0.8660254037844387076, 1.000000000000000000, 0.8660254037844387076, 1.000000000000000000, 0.8660254037844387076, 1.000000000000000000, 0.8660254037844387076, 1.000000000000000000, 0.8660254037844387076, 1.000000000000000000, 0.8660254037844387076, 1.000000000000000000, 0.8660254037844387076, 1.000000000000000000, 0.8660254037844387076, 1.000000000000000000, 0.8660254037844387076, 1.000000000000000000, 0.8660254037844387076, 1.000000000000000000, 0.8660254037844387076, 1.000000000000000000, 0.8660254037844387076, 1.000000000000000000, 0.8660254037844387076, 1.000000000000000000, 0.8660254037844387076, 1.000000000000000000, 0.8660254037844387076, 1.000000000000000000, 0.8660254037844387076, 1.000000000000000000, 0.8660254037844387076, 1.000000000000000000, 0.8660254037844387076, 1.000000000000000000, 0.8660254037844387076, 1.000000000000000000, 0.8660254037844387076, 1.000000000000000000, 0.8660254037844387076, 1.000000000000000000, 0.8660254037844387076, 1.000000000000000000, 0.8660254037844387076, 1.000000000000000000, 0.8660254037844387076, 1.000000000000000000, 0.8660254037844387076, 1.000000000000000000, 0.8660254037844387076, 1.000000000000000000, 0.8660254037844387076, 1.000000000000000000, 0.8660254037844387076, 1.000000000000000000, 0.8660254037844387076, 1.000000000000000000, 0.8660254037844387076, 1.000000000000000000, 0.8660254037844387076, 1.000000000000000000, 0.8660254037844387076, 1.000000000000000000, 0.8660254037844387076, 1.000000000000000000, 0.8660254037844387076, 1.000000000000000000, 0.8660254037844387076, 1.000000000000000000, 0.8660254037844387076, 1.000000000000000000, 0.8660254037844387076, 1.000000000000000000, 0.8660254037844387076, 1.000000000000000000, 0.8660254037844387076, 1.000000000000000000, 0.8660254037844387076, 1.000000000000000000, 0.8660254037844387076, 1.000000000000000000, 0.8660254037844387076, 1.000000000000000000, 0.8660254037844387076, 1.000000000000000000, 0.8660254037844387076, 1.000000000000000000, 0.8660254037844387076, 1.000000000000000000, 0.8660254037844387076, 1.000000000000000000, 0.8660254037844387076, 1.000000000000000000, 0.8660254037844387076, 1.000000000000000000, 0.8660254037844387076, 1.000000000000000000, 0.8660254037844387076, 1.000000000000000000, 0.8660254037844387076, 1.000000000000000000, 0.8660254037844387076, 1.000000000000000000, 0.8660254037844387076, 1.000000000000000000, 0.8660254037844387076, 1.000000000000000000, 0.8660254037844387076, 1.000000000000000000, 0.8660254037844387076, 1.000000000000000000, 0.8660254037844387076, 1.000000000000000000, 0.8660254037844387076, 1.000000000000000000, 0.8660254037844387076, 1.000000000000000000, 0.8660254037844387076, 1.000000000000000000, 0.8660254037844387076, 1.000000000000000000, 0.8660254037844387076, 1.000000000000000000, 0.8660254037844387076, 1.000000000000000000, 0.8660254037844387076, 1.000000000000000000, 0.8660254037844387076, 1.000000000000000000, 0.8660254037844387076, 1.000000000000000000, 0.8660254037844387076, 1.000000000000000000, 0.8660254037844387076, 1.000000000000000000, 0.8660254037844387076, 1.000000000000000000, 0.8660254037844387076, 1.000000000000000000, 0.8660254037844387076, 1.000000000000000000, 0.8660254037844387076, 1.000000000000000000, 0.8660254037844387076, 1.000000000000000000, 0.8660254037844387076, 1.000000000000000000, 0.8660254037844387076, 1.000000000000000000, 0.8660254037844387076, 1.000000000000000000, 0.8660254037844387076, 1.000000000000000000, 0.8660254037844387076, 1.000000000000000000, 0.8660254037844387076, 1.000000000000000000, 0.8660254037844387076, 1.000000000000000000, 0.8660254037844387076, 1.000000000000000000, 0.8660254037844387076, 1.000000000000000000, 0.8660254037844387076, 1.000000000000000000, 0.8660254037844387076, 1.000000000000000000, 0.8660254037844387076, 1.000000000000000000, 0.8660254037844387076, 1.000000000000000000, 0.8660254037844387076, 1.000000000000000000, 0.8660254037844387076, 1.000000000000000000, 0.8660254037844387076, 1.000000000000000000, 0.8660254037844387076, 1.000000000000000000, 0.8660254037844387076, 1.000000000000000000, 0.8660254037844387076, 1.000000000000000000, 0.8660254037844387076, 1.000000000000000000, 0.8660254037844387076, 1.000000000000000000, 0.8660254037844387076, 1.000000000000000000, 0.8660254037844387076, 1.000000000000000000, 0.8660254037844387076, 1.000000000000000000, 0.8660254037844387076, 1.000000000000000000, 0.8660254037844387076, 1.000000000000000000, 0.8660254037844387076, 1.000000000000000000, 0.8660254037844387076, 1.000000000000000000, 0.8660254037844387076, 1.000000000000000000, 0.8660254037844387076, 1.000000000000000000, 0.8660254037844387076, 1.000000000000000000, 0.9330127018921761106, 0.9330127018922192983),
 ( 1.000000000000000000, 0.8660254037844387076, 1.000000000000000000, 0.8660254037844387076, 1.000000000000000000, 0.8660254037844387076, 1.000000000000000000, 0.8660254037844387076, 1.000000000000000000, 0.8660254037844387076, 1.000000000000000000, 0.8660254037844387076, 1.000000000000000000, 0.8660254037844387076, 1.000000000000000000, 0.8660254037844387076, 1.000000000000000000, 0.8660254037844387076, 1.000000000000000000, 0.8660254037844387076, 1.000000000000000000, 0.8660254037844387076, 1.000000000000000000, 0.8660254037844387076, 1.000000000000000000, 0.8660254037844387076, 1.000000000000000000, 0.8660254037844387076, 1.000000000000000000, 0.8660254037844387076, 1.000000000000000000, 0.8660254037844387076, 1.000000000000000000, 0.8660254037844387076, 1.000000000000000000, 0.8660254037844387076, 1.000000000000000000, 0.8660254037844387076, 1.000000000000000000, 0.8660254037844387076, 1.000000000000000000, 0.8660254037844387076, 1.000000000000000000, 0.8660254037844387076, 1.000000000000000000, 0.8660254037844387076, 1.000000000000000000, 0.8660254037844387076, 1.000000000000000000, 0.8660254037844387076, 1.000000000000000000, 0.8660254037844387076, 1.000000000000000000, 0.8660254037844387076, 1.000000000000000000, 0.8660254037844387076, 1.000000000000000000, 0.8660254037844387076, 1.000000000000000000, 0.8660254037844387076, 1.000000000000000000, 0.8660254037844387076, 1.000000000000000000, 0.8660254037844387076, 1.000000000000000000, 0.8660254037844387076, 1.000000000000000000, 0.8660254037844387076, 1.000000000000000000, 0.8660254037844387076, 1.000000000000000000, 0.8660254037844387076, 1.000000000000000000, 0.8660254037844387076, 1.000000000000000000, 0.8660254037844387076, 1.000000000000000000, 0.8660254037844387076, 1.000000000000000000, 0.8660254037844387076, 1.000000000000000000, 0.8660254037844387076, 1.000000000000000000, 0.8660254037844387076, 1.000000000000000000, 0.8660254037844387076, 1.000000000000000000, 0.8660254037844387076, 1.000000000000000000, 0.8660254037844387076, 1.000000000000000000, 0.8660254037844387076, 1.000000000000000000, 0.8660254037844387076, 1.000000000000000000, 0.8660254037844387076, 1.000000000000000000, 0.8660254037844387076, 1.000000000000000000, 0.8660254037844387076, 1.000000000000000000, 0.8660254037844387076, 1.000000000000000000, 0.8660254037844387076, 1.000000000000000000, 0.8660254037844387076, 1.000000000000000000, 0.8660254037844387076, 1.000000000000000000, 0.8660254037844387076, 1.000000000000000000, 0.8660254037844387076, 1.000000000000000000, 0.8660254037844387076, 1.000000000000000000, 0.8660254037844387076, 1.000000000000000000, 0.8660254037844387076, 1.000000000000000000, 0.8660254037844387076, 1.000000000000000000, 0.8660254037844387076, 1.000000000000000000, 0.8660254037844387076, 1.000000000000000000, 0.8660254037844387076, 1.000000000000000000, 0.8660254037844387076, 1.000000000000000000, 0.8660254037844387076, 1.000000000000000000, 0.8660254037844387076, 1.000000000000000000, 0.8660254037844387076, 1.000000000000000000, 0.8660254037844387076, 1.000000000000000000, 0.8660254037844387076, 1.000000000000000000, 0.8660254037844387076, 1.000000000000000000, 0.8660254037844387076, 1.000000000000000000, 0.8660254037844387076, 1.000000000000000000, 0.8660254037844387076, 1.000000000000000000, 0.8660254037844387076, 1.000000000000000000, 0.8660254037844387076, 1.000000000000000000, 0.8660254037844387076, 1.000000000000000000, 0.8660254037844387076, 1.000000000000000000, 0.8660254037844387076, 1.000000000000000000, 0.8660254037844387076, 1.000000000000000000, 0.8660254037844387076, 1.000000000000000000, 0.8660254037844387076, 1.000000000000000000, 0.8660254037844387076, 1.000000000000000000, 0.8660254037844387076, 1.000000000000000000, 0.8660254037844387076, 1.000000000000000000, 0.8660254037844387076, 1.000000000000000000, 0.8660254037844387076, 1.000000000000000000, 0.8660254037844387076, 1.000000000000000000, 0.8660254037844387076, 1.000000000000000000, 0.8660254037844387076, 1.000000000000000000, 0.8660254037844387076, 1.000000000000000000, 0.8660254037844387076, 1.000000000000000000, 0.8660254037844387076, 1.000000000000000000, 0.8660254037844387076, 1.000000000000000000, 0.8660254037844387076, 1.000000000000000000, 0.8660254037844387076, 1.000000000000000000, 0.8660254037844387076, 1.000000000000000000, 0.8660254037844387076, 1.000000000000000000, 0.8660254037844387076, 1.000000000000000000, 0.8660254037844387076, 1.000000000000000000, 0.8660254037844387076, 1.000000000000000000, 0.8660254037844387076, 1.000000000000000000, 0.8660254037844387076, 1.000000000000000000, 0.8660254037844387076, 1.000000000000000000, 0.8660254037844387076, 1.000000000000000000, 0.8660254037844387076, 1.000000000000000000, 0.8660254037844387076, 1.000000000000000000, 0.8660254037844387076, 1.000000000000000000, 0.8660254037844387076, 1.000000000000000000, 0.8660254037844387076, 1.000000000000000000, 0.8660254037844387076, 1.000000000000000000, 0.8660254037844387076, 1.000000000000000000, 0.8660254037844387076, 1.000000000000000000, 0.8660254037844387076, 1.000000000000000000, 0.8660254037844387076, 1.000000000000000000, 0.8660254037844387076, 1.000000000000000000, 0.8660254037844387076, 1.000000000000000000, 0.8660254037844387076, 1.000000000000000000, 0.8660254037844387076, 1.000000000000000000, 0.8660254037844387076, 1.000000000000000000, 0.8660254037844387076, 1.000000000000000000, 0.8660254037844387076, 1.000000000000000000, 0.8660254037844387076, 1.000000000000000000, 0.8660254037844387076, 1.000000000000000000, 0.8660254037844387076, 1.000000000000000000, 0.8660254037844387076, 1.000000000000000000, 0.8660254037844387076, 1.000000000000000000, 0.8660254037844387076, 1.000000000000000000, 0.9330127018921761106, 0.9330127018922192983) ) ) 
 REPRESENTATION_ITEM ( '' )  SURFACE ( )  );
#2801 = CARTESIAN_POINT ( 'NONE',  ( -0.7834936499999994863, 0.6000000010924757543, 0.000000000000000000 ) ) ;
#2802 = CARTESIAN_POINT ( 'NONE',  ( -1.903198680129648435E-16, 2.799999999999999822, -0.9047005394717241300 ) ) ;
#2803 = CARTESIAN_POINT ( 'NONE',  ( -0.9999999999999990008, 1.558333333879571070, 0.5773502691896258421 ) ) ;
#2804 = CARTESIAN_POINT ( 'NONE',  ( -0.5000000000000000000, 3.108333333879571114, -0.8660254037844380415 ) ) ;
#2805 = CARTESIAN_POINT ( 'NONE',  ( 0.7834936499999991533, 0.3333333333333338699, -0.4523502697358622870 ) ) ;
#2806 = CARTESIAN_POINT ( 'NONE',  ( 0.7834936499999991533, 4.700000000000000178, -9.595029906247759787E-17 ) ) ;
#2807 = CARTESIAN_POINT ( 'NONE',  ( 0.7834936499999991533, 3.900000000000000355, -9.595029906247759787E-17 ) ) ;
#2808 = CARTESIAN_POINT ( 'NONE',  ( -0.3917468250000000207, 4.133333334425809191, -0.6785254046037930697 ) ) ;
#2809 = CARTESIAN_POINT ( 'NONE',  ( -0.3917468249999999097, 1.633333333333333748, -0.6785254046037930697 ) ) ;
#2810 = EDGE_LOOP ( 'NONE', ( #1882, #2532, #2918, #987 ) ) ;
#2811 = VERTEX_POINT ( 'NONE', #2714 ) ;
#2812 = CARTESIAN_POINT ( 'NONE',  ( -0.7834936499999995974, 3.400000001092475799, 0.000000000000000000 ) ) ;
#2813 = CARTESIAN_POINT ( 'NONE',  ( -0.5000000000000000000, 3.858333333879571558, -0.8660254037844380415 ) ) ;
#2814 = CARTESIAN_POINT ( 'NONE',  ( -0.9999999999999990008, 2.008333333879571025, 0.5773502691896258421 ) ) ;
#2815 = CARTESIAN_POINT ( 'NONE',  ( 0.7906880651307627295, 4.290688108485685603, 0.07093424552236068936 ) ) ;
#2816 = CARTESIAN_POINT ( 'NONE',  ( -0.9999999999999993339, 2.691666667212905040, -0.5773502691896251759 ) ) ;
#2817 = CARTESIAN_POINT ( 'NONE',  ( -0.7834936499999992643, 0.9333333333333336812, 0.4523502697358625091 ) ) ;
#2818 = CARTESIAN_POINT ( 'NONE',  ( 0.5000000000000000000, 1.258333333879571025, 0.8660254037844379305 ) ) ;
#2819 = CARTESIAN_POINT ( 'NONE',  ( 0.4999999999999992784, 3.441666667212904596, -0.8660254037844381525 ) ) ;
#2820 = CARTESIAN_POINT ( 'NONE',  ( 0.3917468250000000207, -0.1666666666666665186, 0.6785254046037929587 ) ) ;
#2821 = CARTESIAN_POINT ( 'NONE',  ( 0.7834936499999991533, 5.100000000000000533, -9.595029906247759787E-17 ) ) ;
#2822 = CARTESIAN_POINT ( 'NONE',  ( 0.07738234433566860970, 0.03015882350194943815, 1.110023821046528525 ) ) ;
#2823 = CARTESIAN_POINT ( 'NONE',  ( -0.3917468249999993546, 4.266666667759142051, 0.6785254046037934028 ) ) ;
#2824 = CARTESIAN_POINT ( 'NONE',  ( 0.7834936499999992643, 2.700000000000000622, -9.595029906247759787E-17 ) ) ;
#2825 = VERTEX_POINT ( 'NONE', #1956 ) ;
#2826 = ORIENTED_EDGE ( 'NONE', *, *, #776, .F. ) ;
#2827 = ADVANCED_FACE ( 'NONE', ( #2169 ), #505, .T. ) ;
#2828 = CARTESIAN_POINT ( 'NONE',  ( -0.7834936499999997084, 4.066666666666667318, -0.4523502697358619540 ) ) ;
#2829 = CARTESIAN_POINT ( 'NONE',  ( 0.9999999999999991118, 2.958333333879571647, -0.5773502691896257311 ) ) ;
#2830 = CARTESIAN_POINT ( 'NONE',  ( -0.9999999999999993339, 2.741666667212904862, -0.5773502691896251759 ) ) ;
#2831 = EDGE_CURVE ( 'NONE', #1873, #1665, #1224, .T. ) ;
#2832 = CARTESIAN_POINT ( 'NONE',  ( -0.5000000000000000000, 3.908333333879571381, -0.8660254037844380415 ) ) ;
#2833 = CARTESIAN_POINT ( 'NONE',  ( -0.9999999999999990008, 1.558333333879571070, 0.5773502691896258421 ) ) ;
#2834 = CARTESIAN_POINT ( 'NONE',  ( 0.3917468249999999652, 1.433333333333333348, 0.6785254046037929587 ) ) ;
#2835 = CARTESIAN_POINT ( 'NONE',  ( -0.7834936499999995974, 4.100000000000000533, 0.000000000000000000 ) ) ;
#2836 = ORIENTED_EDGE ( 'NONE', *, *, #1121, .T. ) ;
#2837 = CARTESIAN_POINT ( 'NONE',  ( -0.4999999999999990563, -0.4083333327870950491, 0.8660254037844384856 ) ) ;
#2838 = AXIS2_PLACEMENT_3D ( 'NONE', #1664, #2942, #1205 ) ;
#2839 = CARTESIAN_POINT ( 'NONE',  ( -0.4999999999999992784, 3.641666667212904773, 0.8660254037844384856 ) ) ;
#2840 = CARTESIAN_POINT ( 'NONE',  ( 0.7834936499999993753, 0.2999999999999999334, -9.595029906247759787E-17 ) ) ;
#2841 = CARTESIAN_POINT ( 'NONE',  ( -0.7834936499999995974, 4.100000000000000533, 0.000000000000000000 ) ) ;
#2842 = EDGE_CURVE ( 'NONE', #2700, #3149, #689, .T. ) ;
#2843 = CARTESIAN_POINT ( 'NONE',  ( -0.9999999999999993339, 1.491666667212904640, -0.5773502691896252870 ) ) ;
#2844 = CARTESIAN_POINT ( 'NONE',  ( 0.7834936499999992643, 2.000000001092474999, -9.595029906247759787E-17 ) ) ;
#2845 = CARTESIAN_POINT ( 'NONE',  ( 0.7834936499999957116, 2.733333333333334281, -0.4523502697358641189 ) ) ;
#2847 = ORIENTED_EDGE ( 'NONE', *, *, #684, .F. ) ;
#2846 = DIRECTION ( 'NONE',  ( 4.818676322157797005E-17, -1.000000000000000000, 0.000000000000000000 ) ) ;
#2848 = ORIENTED_EDGE ( 'NONE', *, *, #3083, .F. ) ;
#2849 = AXIS2_PLACEMENT_3D ( 'NONE', #41, #71, #832 ) ;
#2850 = CARTESIAN_POINT ( 'NONE',  ( -0.4999999999999992784, 3.991666667212904418, 0.8660254037844384856 ) ) ;
#2851 = CARTESIAN_POINT ( 'NONE',  ( -1.225057864045115105E-16, 1.075000000546238121, -1.154700538379250574 ) ) ;
#2852 = CARTESIAN_POINT ( 'NONE',  ( -1.710451627243336481E-16, 2.399999999999999911, -0.9047005394717241300 ) ) ;
#2853 = CARTESIAN_POINT ( 'NONE',  ( 0.9999999999999991118, 2.558333333879571292, -0.5773502691896257311 ) ) ;
#2854 = CARTESIAN_POINT ( 'NONE',  ( 0.3917468249999999652, 0.7333333344258091691, 0.6785254046037929587 ) ) ;
#2855 = ORIENTED_EDGE ( 'NONE', *, *, #3190, .F. ) ;
#2856 = CARTESIAN_POINT ( 'NONE',  ( 0.9999999999999998890, -1.508333332787096248, 0.5773502691896249539 ) ) ;
#2857 = CARTESIAN_POINT ( 'NONE',  ( 0.9999999999999993339, 2.175000000546237544, -1.224646799147352468E-16 ) ) ;
#2858 = CARTESIAN_POINT ( 'NONE',  ( 2.143775561992175880E-16, -1.000000000000000000, 0.9047005394717241300 ) ) ;
#2859 = CARTESIAN_POINT ( 'NONE',  ( -0.3917468249999993546, 4.166666666666667851, 0.6785254046037934028 ) ) ;
#2860 = CARTESIAN_POINT ( 'NONE',  ( -0.5000000000000001110, 5.458333333879571647, -0.8660254037844380415 ) ) ;
#2861 = CARTESIAN_POINT ( 'NONE',  ( 0.9999999999999991118, 0.9583333338795710921, -0.5773502691896257311 ) ) ;
#2862 = CARTESIAN_POINT ( 'NONE',  ( -0.3917468249999999097, 1.733333334425809280, -0.6785254046037930697 ) ) ;
#2863 = CARTESIAN_POINT ( 'NONE',  ( -0.8078907175657391582, 0.03348687268721414062, 0.5720369407668632888 ) ) ;
#2865 = ORIENTED_EDGE ( 'NONE', *, *, #1634, .F. ) ;
#2864 = CARTESIAN_POINT ( 'NONE',  ( 0.7834936499999994863, 1.566666667759141873, 0.4523502697358617874 ) ) ;
#2866 = EDGE_LOOP ( 'NONE', ( #2610, #687, #7, #2151 ) ) ;
#2867 = CARTESIAN_POINT ( 'NONE',  ( 0.9999999999999993339, 0.5250000005462378549, -1.224646799147352468E-16 ) ) ;
#2868 = CARTESIAN_POINT ( 'NONE',  ( 0.7834936500000022619, 3.233333334425808392, -0.4523502697358603442 ) ) ;
#2869 = CARTESIAN_POINT ( 'NONE',  ( 0.9999999999999991118, 1.808333333879571070, -0.5773502691896257311 ) ) ;
#2870 = CARTESIAN_POINT ( 'NONE',  ( -0.4999999999999992784, 3.641666667212904773, 0.8660254037844384856 ) ) ;
#2871 = CARTESIAN_POINT ( 'NONE',  ( -1.779205641093261295E-16, 2.225000000546237811, -1.154700538379250574 ) ) ;
#2872 = CARTESIAN_POINT ( 'NONE',  ( -0.7834936499999992643, 0.5666666677591417622, -0.4523502697358619540 ) ) ;
#2873 = ORIENTED_EDGE ( 'NONE', *, *, #2119, .T. ) ;
#2874 = CARTESIAN_POINT ( 'NONE',  ( 0.5000000000000001110, -0.3416666661204287858, 0.8660254037844379305 ) ) ;
#2875 = CARTESIAN_POINT ( 'NONE',  ( 0.5000000000000000000, 1.708333333879570981, 0.8660254037844379305 ) ) ;
#2876 = CARTESIAN_POINT ( 'NONE',  ( -0.9999999999999996669, 5.541666667212905573, -0.5773502691896251759 ) ) ;
#2877 = CARTESIAN_POINT ( 'NONE',  ( -0.7834936499999992643, 2.933333333333333570, 0.4523502697358625091 ) ) ;
#2878 = CARTESIAN_POINT ( 'NONE',  ( 0.9999999999999995559, -1.824999999453762678, -1.224646799147352468E-16 ) ) ;
#2879 = DIRECTION ( 'NONE',  ( 1.000000000000000000, 4.818676322157797005E-17, 0.000000000000000000 ) ) ;
#2880 = CARTESIAN_POINT ( 'NONE',  ( -0.7834936499999994863, 2.600000001092475532, 0.000000000000000000 ) ) ;
#2881 = SURFACE_STYLE_USAGE ( .BOTH. , #3128 ) ;
#2883 = VERTEX_POINT ( 'NONE', #81 ) ;
#2882 = CARTESIAN_POINT ( 'NONE',  ( -0.7834936499999995974, 3.800000001092475710, 0.000000000000000000 ) ) ;
#2884 = EDGE_LOOP ( 'NONE', ( #357, #1863 ) ) ;
#2885 = CARTESIAN_POINT ( 'NONE',  ( -0.9999999999999991118, -0.4749999994537622006, 0.000000000000000000 ) ) ;
#2886 = CARTESIAN_POINT ( 'NONE',  ( 0.9217335383718808783, 4.500000102120779388, 0.3878237798800519553 ) ) ;
#2887 = CARTESIAN_POINT ( 'NONE',  ( -1.417804916931427059E-16, 1.475000000546238033, -1.154700538379250574 ) ) ;
#2888 = EDGE_CURVE ( 'NONE', #1331, #142, #50, .T. ) ;
#2889 = CARTESIAN_POINT ( 'NONE',  ( -0.4999999999999992784, 3.241666667212904418, 0.8660254037844384856 ) ) ;
#2890 = CARTESIAN_POINT ( 'NONE',  ( -0.9999999999999990008, 2.358333333879571558, 0.5773502691896258421 ) ) ;
#2891 = CARTESIAN_POINT ( 'NONE',  ( -1.373144285218719260E-16, 1.700000001092475177, -0.9047005394717241300 ) ) ;
#2892 = ORIENTED_EDGE ( 'NONE', *, *, #316, .T. ) ;
#2893 = CARTESIAN_POINT ( 'NONE',  ( -0.4999999999999990563, 0.3916666672129044402, 0.8660254037844384856 ) ) ;
#2894 = CARTESIAN_POINT ( 'NONE',  ( 0.9999999999999991118, 2.208333333879571203, -0.5773502691896257311 ) ) ;
#2895 = CARTESIAN_POINT ( 'NONE',  ( -8.061953885242639091E-17, 6.075000000546237899, 1.154700538379250574 ) ) ;
#2896 = CARTESIAN_POINT ( 'NONE',  ( -0.9999999999999995559, 5.525000000546238077, 0.000000000000000000 ) ) ;
#2897 = CARTESIAN_POINT ( 'NONE',  ( 0.7834936499999924919, 0.3333333333333345361, -0.4523502697358660618 ) ) ;
#2898 = DIRECTION ( 'NONE',  ( 1.000000000000000000, 0.000000000000000000, 0.000000000000000000 ) ) ;
#2900 = ORIENTED_EDGE ( 'NONE', *, *, #257, .T. ) ;
#2899 = CARTESIAN_POINT ( 'NONE',  ( -0.3917468249999998542, 0.9333333344258087916, -0.6785254046037930697 ) ) ;
#2901 = ORIENTED_EDGE ( 'NONE', *, *, #1443, .T. ) ;
#2902 = CARTESIAN_POINT ( 'NONE',  ( -0.9999999999999990008, -0.04166666612042888018, 0.5773502691896258421 ) ) ;
#2903 = DIRECTION ( 'NONE',  ( -1.000000000000000000, 0.000000000000000000, 0.000000000000000000 ) ) ;
#2904 = CARTESIAN_POINT ( 'NONE',  ( -0.9999999999999991118, -1.258333332787096026, -0.5773502691896251759 ) ) ;
#2905 = VECTOR ( 'NONE', #2793, 1000.000000000000000 ) ;
#2906 = CARTESIAN_POINT ( 'NONE',  ( 0.9999999999999991118, 3.408333333879570493, -0.5773502691896257311 ) ) ;
#2907 = LINE ( 'NONE', #224, #229 ) ;
#2908 = CARTESIAN_POINT ( 'NONE',  ( -0.3917468249999992436, 1.466666667759142451, 0.6785254046037934028 ) ) ;
#2909 = CARTESIAN_POINT ( 'NONE',  ( -0.9999999999999991118, -0.8749999994537623893, 0.000000000000000000 ) ) ;
#2910 = CARTESIAN_POINT ( 'NONE',  ( -0.4999999999999998890, 2.708333333879570759, -0.8660254037844380415 ) ) ;
#2911 = CARTESIAN_POINT ( 'NONE',  ( 0.4999999999999991673, 6.241666667212904862, -0.8660254037844381525 ) ) ;
#2912 = AXIS2_PLACEMENT_3D ( 'NONE', #3028, #630, #1776 ) ;
#2913 = CARTESIAN_POINT ( 'NONE',  ( 3.455629493457012263E-13, -2.124999999453785371, -0.9999999999999994449 ) ) ;
#2914 = CARTESIAN_POINT ( 'NONE',  ( 1.399999999999999245, 4.500000000000000888, 1.714505518806293898E-16 ) ) ;
#2915 = B_SPLINE_CURVE_WITH_KNOTS ( 'NONE', 3,
 ( #735, #2427, #1187, #2474 ),
 .UNSPECIFIED., .F., .F.,
 ( 4, 4 ),
 ( 0.004574357191644094073, 0.004785841080196089233 ),
 .UNSPECIFIED. ) ;
#2917 = ORIENTED_EDGE ( 'NONE', *, *, #606, .T. ) ;
#2916 = CARTESIAN_POINT ( 'NONE',  ( 0.8078907080231992888, 4.466513127226929392, 0.5720369540905160255 ) ) ;
#2918 = ORIENTED_EDGE ( 'NONE', *, *, #1535, .T. ) ;
#2919 = CARTESIAN_POINT ( 'NONE',  ( 0.5000000000000001110, -0.7416666661204289746, 0.8660254037844379305 ) ) ;
#2920 = CARTESIAN_POINT ( 'NONE',  ( -0.2983992263347393648, 4.274609518660804852, 0.7324196658213862898 ) ) ;
#2921 = CARTESIAN_POINT ( 'NONE',  ( -6.468167053861791188E-17, -0.1249999994537625836, -1.154700538379250574 ) ) ;
#2922 = LINE ( 'NONE', #2425, #579 ) ;
#2923 = CARTESIAN_POINT ( 'NONE',  ( -6.021560736734720600E-17, 0.1000000010924753380, -0.9047005394717241300 ) ) ;
#2924 = CARTESIAN_POINT ( 'NONE',  ( -0.6701842614743793725, 0.2429747134402286401, 0.5177694757028409311 ) ) ;
#2925 = CARTESIAN_POINT ( 'NONE',  ( -0.9999999999999993339, 1.541666667212904462, -0.5773502691896251759 ) ) ;
#2926 = CARTESIAN_POINT ( 'NONE',  ( 0.4999999999999997780, 6.108333333879571114, 0.8660254037844379305 ) ) ;
#2927 = CARTESIAN_POINT ( 'NONE',  ( -0.4999999999999992784, 3.191666667212905040, 0.8660254037844384856 ) ) ;
#2928 = CARTESIAN_POINT ( 'NONE',  ( 0.7834936499999993753, 0.2999999999999999334, -9.595029906247759787E-17 ) ) ;
#2930 = ORIENTED_EDGE ( 'NONE', *, *, #2362, .T. ) ;
#2929 =( NAMED_UNIT ( * ) PLANE_ANGLE_UNIT ( ) SI_UNIT ( $, .RADIAN. ) );
#2931 = UNCERTAINTY_MEASURE_WITH_UNIT (LENGTH_MEASURE( 1.000000000000000082E-05 ), #112, 'distance_accuracy_value', 'NONE');
#2932 = CARTESIAN_POINT ( 'NONE',  ( 0.5000000000000001110, -1.141666666120428220, 0.8660254037844379305 ) ) ;
#2933 = DIRECTION ( 'NONE',  ( -4.818676322157797005E-17, 1.000000000000000000, -0.000000000000000000 ) ) ;
#2934 = CARTESIAN_POINT ( 'NONE',  ( 0.5000000000000001110, 0.1083333338795710865, 0.8660254037844379305 ) ) ;
#2935 = CARTESIAN_POINT ( 'NONE',  ( 0.5750220737485099987, 0.1148387515614856663, -0.6823645078815913090 ) ) ;
#2936 = EDGE_CURVE ( 'NONE', #2700, #1081, #499, .T. ) ;
#2937 = CARTESIAN_POINT ( 'NONE',  ( 0.3917468250000000207, -0.8666666655741915859, 0.6785254046037929587 ) ) ;
#2938 = CARTESIAN_POINT ( 'NONE',  ( -0.9999999999999993339, 0.3750000005462378883, 0.000000000000000000 ) ) ;
#2939 = CARTESIAN_POINT ( 'NONE',  ( -0.9999999999999996669, 6.341666667212904507, -0.5773502691896251759 ) ) ;
#2940 = CARTESIAN_POINT ( 'NONE',  ( -0.5000000000000000000, 3.458333333879571647, -0.8660254037844380415 ) ) ;
#2941 = DIRECTION ( 'NONE',  ( -4.818676322157797005E-17, 1.000000000000000000, -0.000000000000000000 ) ) ;
#2943 = ORIENTED_EDGE ( 'NONE', *, *, #1302, .F. ) ;
#2942 = DIRECTION ( 'NONE',  ( -4.818676322157797005E-17, 1.000000000000000000, -0.000000000000000000 ) ) ;
#2944 = EDGE_CURVE ( 'NONE', #2950, #3149, #9, .T. ) ;
#2945 = CARTESIAN_POINT ( 'NONE',  ( -0.7834936499999997084, 6.166666667759142406, -0.4523502697358619540 ) ) ;
#2946 =( BOUNDED_CURVE ( )  B_SPLINE_CURVE ( 2, ( #306, #1783, #2771, #802, #1536, #3000, #1995 ),
 .UNSPECIFIED., .F., .T. ) 
 B_SPLINE_CURVE_WITH_KNOTS ( ( 3, 2, 2, 3 ),
 ( 0.2519741549398982761, 0.2575757575757575690, 0.2651515151515151381, 0.2727272727272727071 ),
 .UNSPECIFIED. ) 
 CURVE ( )  GEOMETRIC_REPRESENTATION_ITEM ( )  RATIONAL_B_SPLINE_CURVE ( ( 0.9483709840376914890, 0.9009376364284958916, 1.000000000000000000, 0.8660254037844387076, 1.000000000000000000, 0.8660254037844387076, 1.000000000000000000 ) ) 
 REPRESENTATION_ITEM ( '' )  );
#2947 = VECTOR ( 'NONE', #2230, 1000.000000000000000 ) ;
#2948 = DIRECTION ( 'NONE',  ( -4.818676322157797005E-17, 1.000000000000000000, -0.000000000000000000 ) ) ;
#2949 = CARTESIAN_POINT ( 'NONE',  ( -0.9999999999999993339, -0.05833333278709544600, -0.5773502691896251759 ) ) ;
#2950 = VERTEX_POINT ( 'NONE', #22 ) ;
#2951 = CARTESIAN_POINT ( 'NONE',  ( -0.6369862382958187963, 0.1775617297175304254, -0.5320963616846645650 ) ) ;
#2952 = CARTESIAN_POINT ( 'NONE',  ( -0.3917468249999991325, -0.9333333322408577937, 0.6785254046037934028 ) ) ;
#2953 = CARTESIAN_POINT ( 'NONE',  ( -0.4999999999999996669, -1.741666666120428086, -0.8660254037844380415 ) ) ;
#2954 = CARTESIAN_POINT ( 'NONE',  ( 0.4999999999999994449, -0.5583333327870958485, -0.8660254037844381525 ) ) ;
#2955 = CARTESIAN_POINT ( 'NONE',  ( 0.4999999999999998890, 4.108333333879571114, 0.8660254037844379305 ) ) ;
#2956 = CARTESIAN_POINT ( 'NONE',  ( -0.4999999999999991673, 2.791666667212904684, 0.8660254037844384856 ) ) ;
#2957 = CARTESIAN_POINT ( 'NONE',  ( -0.4999999999999992784, 3.991666667212904418, 0.8660254037844384856 ) ) ;
#2958 = ORIENTED_EDGE ( 'NONE', *, *, #2539, .F. ) ;
#2959 = CARTESIAN_POINT ( 'NONE',  ( -0.9999999999999993339, 2.725000000546237811, 0.000000000000000000 ) ) ;
#2960 = CARTESIAN_POINT ( 'NONE',  ( -0.7834936499999997084, 6.200000001092475621, 0.000000000000000000 ) ) ;
#2961 = CARTESIAN_POINT ( 'NONE',  ( 1.372787350446927570E-16, 0.6000000000000009770, 0.9047005394717241300 ) ) ;
#2962 = CARTESIAN_POINT ( 'NONE',  ( -0.4999999999999990563, 0.4416666672129041515, 0.8660254037844384856 ) ) ;
#2963 = DIRECTION ( 'NONE',  ( -1.000000000000000000, 0.000000000000000000, 0.000000000000000000 ) ) ;
#2964 = CARTESIAN_POINT ( 'NONE',  ( 0.7834936499999994863, -1.999999998907525001, -9.595029906247759787E-17 ) ) ;
#2965 = CYLINDRICAL_SURFACE ( 'NONE', #827, 0.7834936499999993753 ) ;
#2966 = CARTESIAN_POINT ( 'NONE',  ( 0.4999999999999994449, -1.358333332787095449, -0.8660254037844381525 ) ) ;
#2967 = CARTESIAN_POINT ( 'NONE',  ( 0.4999999999999998890, 4.908333333879571825, 0.8660254037844379305 ) ) ;
#2968 = ADVANCED_FACE ( 'NONE', ( #310 ), #1285, .F. ) ;
#2969 = CARTESIAN_POINT ( 'NONE',  ( -0.9999999999999993339, 2.691666667212905040, -0.5773502691896251759 ) ) ;
#2970 = CARTESIAN_POINT ( 'NONE',  ( -0.9999999999999996669, 5.941666667212905040, -0.5773502691896251759 ) ) ;
#2971 = CARTESIAN_POINT ( 'NONE',  ( 0.7834936499999992643, 2.299999999999999822, -9.595029906247759787E-17 ) ) ;
#2973 = CARTESIAN_POINT ( 'NONE',  ( 0.06628208401397260585, 4.487034795939017329, 0.9970346855815623854 ) ) ;
#2972 = CARTESIAN_POINT ( 'NONE',  ( -0.7834936499999995974, 3.400000001092475799, 0.000000000000000000 ) ) ;
#2974 = CARTESIAN_POINT ( 'NONE',  ( 0.5000000000000000000, 2.058333333879571292, 0.8660254037844379305 ) ) ;
#2975 = CARTESIAN_POINT ( 'NONE',  ( 0.4999999999999995559, -1.808333332787096071, -0.8660254037844381525 ) ) ;
#2976 = CARTESIAN_POINT ( 'NONE',  ( -0.8159094447019202834, 4.400861772168399355, -0.4436476397291576612 ) ) ;
#2977 = CARTESIAN_POINT ( 'NONE',  ( -0.4999999999999989453, -1.958333332787095316, 0.8660254037844384856 ) ) ;
#2978 = CARTESIAN_POINT ( 'NONE',  ( 0.9999999999999990008, 4.558333333879571292, -0.5773502691896257311 ) ) ;
#2979 = CARTESIAN_POINT ( 'NONE',  ( -0.3917468249999990770, -1.333333332240858038, 0.6785254046037934028 ) ) ;
#2980 = CARTESIAN_POINT ( 'NONE',  ( 0.2425701256835867403, 0.02636616766566573719, 0.9461519983028052749 ) ) ;
#2981 = CARTESIAN_POINT ( 'NONE',  ( 0.9999999999999991118, 4.575000000546237899, -1.224646799147352468E-16 ) ) ;
#2982 = CARTESIAN_POINT ( 'NONE',  ( -0.5000000000000000000, 3.858333333879571558, -0.8660254037844380415 ) ) ;
#2983 = CARTESIAN_POINT ( 'NONE',  ( 0.9999999999999991118, 6.175000000546238432, -1.224646799147352468E-16 ) ) ;
#2984 = CARTESIAN_POINT ( 'NONE',  ( -0.3917468250000000207, 4.133333334425809191, -0.6785254046037930697 ) ) ;
#2986 = CARTESIAN_POINT ( 'NONE',  ( 0.7834936499999993753, 0.2999999999999999334, -9.595029906247759787E-17 ) ) ;
#2985 = CARTESIAN_POINT ( 'NONE',  ( -0.7834936499999993753, 6.133333333333333748, 0.4523502697358625091 ) ) ;
#2987 = CARTESIAN_POINT ( 'NONE',  ( 0.5000000000000000000, 2.858333333879571558, 0.8660254037844379305 ) ) ;
#2988 = CARTESIAN_POINT ( 'NONE',  ( 3.072839050812763121E-16, -1.974999999453761923, 1.154700538379250574 ) ) ;
#2989 = DIRECTION ( 'NONE',  ( -4.818676322157797005E-17, 1.000000000000000000, -0.000000000000000000 ) ) ;
#2990 = CARTESIAN_POINT ( 'NONE',  ( 0.5000000000000001110, -1.491666666120429641, 0.8660254037844379305 ) ) ;
#2991 = CARTESIAN_POINT ( 'NONE',  ( -0.9999999999999993339, 0.3416666672129047289, -0.5773502691896252870 ) ) ;
#2992 = CARTESIAN_POINT ( 'NONE',  ( 0.9999999999999991118, 4.125000000546238610, -1.224646799147352468E-16 ) ) ;
#2993 = CARTESIAN_POINT ( 'NONE',  ( 3.615791907580874643E-17, -1.899999998907523580, -0.9047005394717241300 ) ) ;
#2994 = CARTESIAN_POINT ( 'NONE',  ( 0.000000000000000000, 0.000000000000000000, 0.000000000000000000 ) ) ;
#2995 = CARTESIAN_POINT ( 'NONE',  ( -0.9999999999999993339, 3.975000000546237811, 0.000000000000000000 ) ) ;
#2996 = VECTOR ( 'NONE', #488, 1000.000000000000000 ) ;
#2997 = CARTESIAN_POINT ( 'NONE',  ( -0.4999999999999991673, 1.191666667212904818, 0.8660254037844384856 ) ) ;
#2998 = CARTESIAN_POINT ( 'NONE',  ( 0.3917468250000000207, 0.2333333333333336701, 0.6785254046037929587 ) ) ;
#2999 = CARTESIAN_POINT ( 'NONE',  ( 0.9999999999999993339, 4.091666667212905395, 0.5773502691896250649 ) ) ;
#3001 = CARTESIAN_POINT ( 'NONE',  ( -0.7834936499999995974, 3.800000001092475710, 0.000000000000000000 ) ) ;
#3000 = CARTESIAN_POINT ( 'NONE',  ( -0.7834936499999992643, 4.133333333333334636, 0.4523502697358623981 ) ) ;
#3002 =( BOUNDED_CURVE ( )  B_SPLINE_CURVE ( 2, ( #1534, #1234, #2526, #1251, #1994, #2220, #530, #1295, #1026, #45, #2009, #3206, #979, #2999, #786, #1966, #2957, #741, #2709, #771, #1297, #1756, #562, #1523, #2514, #503, #323, #3003, #3, #1268, #2237, #1969, #983, #48, #517, #2499, #758, #308, #62, #2482, #294, #1984, #2743, #1785, #1478, #1043, #2759, #534, #804, #2026, #2987, #1494, #3019, #279, #2959, #1770, #2772, #2467, #1538, #263, #2253, #550, #2528, #744, #1509, #1283, #1238, #1030, #1254, #2268, #1729, #2712, #2223, #20, #2974, #2726, #1013, #999, #1744, #34, #1997, #2011, #790, #2108, #1059, #868, #353, #129, #2599, #94, #1555, #2843, #2791, #1802, #1109, #389, #1571, #2545, #853, #2041, #148, #110, #3036, #371, #3089, #338, #405, #2861, #1329, #3071, #647, #628, #1607, #577, #2617, #2091, #2283, #1349, #2314, #821, #79, #1367, #1315, #1819, #2333, #1849, #1625, #839, #2350, #1076, #1834, #888, #2299, #1129, #3107, #2822, #1869 ),
 .UNSPECIFIED., .F., .T. ) 
 B_SPLINE_CURVE_WITH_KNOTS ( ( 3, 2, 2, 2, 2, 2, 2, 2, 2, 2, 2, 2, 2, 2, 2, 2, 2, 2, 2, 2, 2, 2, 2, 2, 2, 2, 2, 2, 2, 2, 2, 2, 2, 2, 2, 2, 2, 2, 2, 2, 2, 2, 2, 2, 2, 2, 2, 2, 2, 2, 2, 2, 2, 2, 2, 2, 2, 2, 2, 2, 2, 2, 2, 2, 2, 2, 2, 2, 3 ),
 ( 0.2074463091433181583, 0.2121212121212121271, 0.2196969696969696961, 0.2272727272727272652, 0.2348484848484848619, 0.2424242424242424310, 0.2500000000000000000, 0.2575757575757575690, 0.2651515151515151381, 0.2727272727272727071, 0.2803030303030302761, 0.2878787878787879007, 0.2954545454545454697, 0.3030303030303030387, 0.3106060606060606077, 0.3181818181818181768, 0.3257575757575757458, 0.3333333333333333148, 0.3409090909090908839, 0.3484848484848485084, 0.3560606060606060774, 0.3636363636363636465, 0.3712121212121212155, 0.3787878787878787845, 0.3863636363636363535, 0.3939393939393939226, 0.4015151515151514916, 0.4090909090909091161, 0.4166666666666666852, 0.4242424242424242542, 0.4318181818181818232, 0.4393939393939393923, 0.4469696969696969613, 0.4545454545454545303, 0.4621212121212121549, 0.4696969696969697239, 0.4772727272727272929, 0.4848484848484848619, 0.4924242424242424310, 0.5000000000000000000, 0.5075757575757575690, 0.5151515151515151381, 0.5227272727272727071, 0.5303030303030302761, 0.5378787878787878451, 0.5454545454545454142, 0.5530303030303029832, 0.5606060606060605522, 0.5681818181818182323, 0.5757575757575758013, 0.5833333333333333703, 0.5909090909090909394, 0.5984848484848485084, 0.6060606060606060774, 0.6136363636363636465, 0.6212121212121212155, 0.6287878787878787845, 0.6363636363636363535, 0.6439393939393939226, 0.6515151515151514916, 0.6590909090909090606, 0.6666666666666666297, 0.6742424242424241987, 0.6818181818181817677, 0.6893939393939394478, 0.6969696969696969058, 0.7045454545454545858, 0.7121212121212121549, 0.7186600905488677027 ),
 .UNSPECIFIED. ) 
 CURVE ( )  GEOMETRIC_REPRESENTATION_ITEM ( )  RATIONAL_B_SPLINE_CURVE ( ( 0.9366861274404510995, 0.9173259924770443829, 1.000000000000000000, 0.8660254037844387076, 1.000000000000000000, 0.8660254037844387076, 1.000000000000000000, 0.8660254037844387076, 1.000000000000000000, 0.8660254037844387076, 1.000000000000000000, 0.8660254037844387076, 1.000000000000000000, 0.8660254037844387076, 1.000000000000000000, 0.8660254037844387076, 1.000000000000000000, 0.8660254037844387076, 1.000000000000000000, 0.8660254037844387076, 1.000000000000000000, 0.8660254037844387076, 1.000000000000000000, 0.8660254037844387076, 1.000000000000000000, 0.8660254037844387076, 1.000000000000000000, 0.8660254037844387076, 1.000000000000000000, 0.8660254037844387076, 1.000000000000000000, 0.8660254037844387076, 1.000000000000000000, 0.8660254037844387076, 1.000000000000000000, 0.8660254037844387076, 1.000000000000000000, 0.8660254037844387076, 1.000000000000000000, 0.8660254037844387076, 1.000000000000000000, 0.8660254037844387076, 1.000000000000000000, 0.8660254037844387076, 1.000000000000000000, 0.8660254037844387076, 1.000000000000000000, 0.8660254037844387076, 1.000000000000000000, 0.8660254037844387076, 1.000000000000000000, 0.8660254037844387076, 1.000000000000000000, 0.8660254037844387076, 1.000000000000000000, 0.8660254037844387076, 1.000000000000000000, 0.8660254037844387076, 1.000000000000000000, 0.8660254037844387076, 1.000000000000000000, 0.8660254037844387076, 1.000000000000000000, 0.8660254037844387076, 1.000000000000000000, 0.8660254037844387076, 1.000000000000000000, 0.8660254037844387076, 1.000000000000000000, 0.8660254037844387076, 1.000000000000000000, 0.8660254037844387076, 1.000000000000000000, 0.8660254037844387076, 1.000000000000000000, 0.8660254037844387076, 1.000000000000000000, 0.8660254037844387076, 1.000000000000000000, 0.8660254037844387076, 1.000000000000000000, 0.8660254037844387076, 1.000000000000000000, 0.8660254037844387076, 1.000000000000000000, 0.8660254037844387076, 1.000000000000000000, 0.8660254037844387076, 1.000000000000000000, 0.8660254037844387076, 1.000000000000000000, 0.8660254037844387076, 1.000000000000000000, 0.8660254037844387076, 1.000000000000000000, 0.8660254037844387076, 1.000000000000000000, 0.8660254037844387076, 1.000000000000000000, 0.8660254037844387076, 1.000000000000000000, 0.8660254037844387076, 1.000000000000000000, 0.8660254037844387076, 1.000000000000000000, 0.8660254037844387076, 1.000000000000000000, 0.8660254037844387076, 1.000000000000000000, 0.8660254037844387076, 1.000000000000000000, 0.8660254037844387076, 1.000000000000000000, 0.8660254037844387076, 1.000000000000000000, 0.8660254037844387076, 1.000000000000000000, 0.8660254037844387076, 1.000000000000000000, 0.8660254037844387076, 1.000000000000000000, 0.8660254037844387076, 1.000000000000000000, 0.8660254037844387076, 1.000000000000000000, 0.8660254037844387076, 1.000000000000000000, 0.8660254037844387076, 1.000000000000000000, 0.8660254037844387076, 1.000000000000000000, 0.8660254037844387076, 1.000000000000000000, 0.8660254037844387076, 1.000000000000000000, 0.8843622451896907544, 0.9683457725522179871 ) ) 
 REPRESENTATION_ITEM ( '' )  );
#3003 = CARTESIAN_POINT ( 'NONE',  ( 3.743803104043964403E-17, 3.625000000546238166, 1.154700538379250796 ) ) ;
#3004 = CARTESIAN_POINT ( 'NONE',  ( -0.7834936499999997084, 5.800000001092475266, 0.000000000000000000 ) ) ;
#3005 = DIRECTION ( 'NONE',  ( -4.818676322157797005E-17, 1.000000000000000000, -0.000000000000000000 ) ) ;
#3006 = CARTESIAN_POINT ( 'NONE',  ( -0.7834936499999994863, 1.300000000000000044, 0.000000000000000000 ) ) ;
#3007 = MECHANICAL_DESIGN_GEOMETRIC_PRESENTATION_REPRESENTATION (  '', ( #2020 ), #325 ) ;
#3008 =( GEOMETRIC_REPRESENTATION_CONTEXT ( 3 ) GLOBAL_UNCERTAINTY_ASSIGNED_CONTEXT ( ( #2931 ) ) GLOBAL_UNIT_ASSIGNED_CONTEXT ( ( #112, #2110, #2077 ) ) REPRESENTATION_CONTEXT ( 'NONE', 'WORKASPACE' ) );
#3009 = CARTESIAN_POINT ( 'NONE',  ( -0.9999999999999993339, 0.7750000005462380770, 0.000000000000000000 ) ) ;
#3010 = CARTESIAN_POINT ( 'NONE',  ( 0.4999999999999997780, 5.258333333879572358, 0.8660254037844379305 ) ) ;
#3011 = CARTESIAN_POINT ( 'NONE',  ( -2.174999999999998934, -1.048062100069320419E-16, 0.000000000000000000 ) ) ;
#3012 = FACE_OUTER_BOUND ( 'NONE', #2581, .T. ) ;
#3013 = CARTESIAN_POINT ( 'NONE',  ( 0.9999999999999993339, 0.9250000005462379882, -1.224646799147352468E-16 ) ) ;
#3014 = DIRECTION ( 'NONE',  ( -1.000000000000000000, 0.000000000000000000, 0.000000000000000000 ) ) ;
#3015 = CARTESIAN_POINT ( 'NONE',  ( -0.7834936499999994863, 2.100000000000000089, 0.000000000000000000 ) ) ;
#3017 = CARTESIAN_POINT ( 'NONE',  ( 0.3917468249999998542, 3.033333333333333659, 0.6785254046037929587 ) ) ;
#3016 = DIRECTION ( 'NONE',  ( -1.000000000000000000, 0.000000000000000000, 0.000000000000000000 ) ) ;
#3018 = EDGE_CURVE ( 'NONE', #1225, #66, #2140, .T. ) ;
#3019 = CARTESIAN_POINT ( 'NONE',  ( -0.4999999999999991673, 2.791666667212904684, 0.8660254037844384856 ) ) ;
#3020 = CARTESIAN_POINT ( 'NONE',  ( -0.3917468249999999652, 2.933333334425809014, -0.6785254046037930697 ) ) ;
#3021 = B_SPLINE_CURVE_WITH_KNOTS ( 'NONE', 3,
 ( #2704, #1004, #2457, #2688, #2980, #226, #1990, #946, #1934, #1200, #2186, #11, #958, #720 ),
 .UNSPECIFIED., .F., .F.,
 ( 4, 2, 2, 2, 2, 2, 4 ),
 ( 0.000000000000000000, 0.0004696383642556641296, 0.0007044575463834961944, 0.0009392767285113282592, 0.001174095910639160432, 0.001408915092766992389, 0.001878553457022657386 ),
 .UNSPECIFIED. ) ;
#3022 = CARTESIAN_POINT ( 'NONE',  ( 0.000000000000000000, 0.000000000000000000, 0.000000000000000000 ) ) ;
#3023 = CARTESIAN_POINT ( 'NONE',  ( -0.7834936499999994863, 1.366666667759142140, -0.4523502697358619540 ) ) ;
#3024 = ORIENTED_EDGE ( 'NONE', *, *, #1021, .T. ) ;
#3025 = CARTESIAN_POINT ( 'NONE',  ( 0.9999999999999998890, -1.058333332787095404, 0.5773502691896249539 ) ) ;
#3026 = CARTESIAN_POINT ( 'NONE',  ( -0.4999999999999998890, 1.908333333879571381, -0.8660254037844380415 ) ) ;
#3027 = CARTESIAN_POINT ( 'NONE',  ( 0.4999999999999991673, 5.791666667212904684, -0.8660254037844381525 ) ) ;
#3028 = CARTESIAN_POINT ( 'NONE',  ( -2.064076942736828778E-16, 4.283493650000002262, 0.000000000000000000 ) ) ;
#3029 = CARTESIAN_POINT ( 'NONE',  ( 0.7834936499999992643, 2.800000001092475266, -9.595029906247759787E-17 ) ) ;
#3030 = EDGE_CURVE ( 'NONE', #1371, #142, #2643, .T. ) ;
#3031 = CARTESIAN_POINT ( 'NONE',  ( 0.3917468249999994656, 1.166666666666666519, -0.6785254046037930697 ) ) ;
#3032 = CARTESIAN_POINT ( 'NONE',  ( -0.9999999999999993339, 0.6916666672129042626, -0.5773502691896251759 ) ) ;
#3033 = CARTESIAN_POINT ( 'NONE',  ( -0.9999999999999993339, 3.575000000546237899, 0.000000000000000000 ) ) ;
#3034 = CARTESIAN_POINT ( 'NONE',  ( -0.7834936499999991533, 0.5333333333333335480, 0.4523502697358625091 ) ) ;
#3035 = CYLINDRICAL_SURFACE ( 'NONE', #2111, 0.7834936499999993753 ) ;
#3036 = CARTESIAN_POINT ( 'NONE',  ( -0.9999999999999993339, 1.125000000546237722, 0.000000000000000000 ) ) ;
#3037 = CARTESIAN_POINT ( 'NONE',  ( 0.3917468249999992991, 4.466666667759142229, -0.6785254046037930697 ) ) ;
#3038 = CARTESIAN_POINT ( 'NONE',  ( 0.4006149737564817515, 4.338744454499137149, -0.7699569590703452260 ) ) ;
#3039 = CARTESIAN_POINT ( 'NONE',  ( -0.2679491924309694295, -2.107136719958364601, -1.000000000000087708 ) ) ;
#3040 = EDGE_CURVE ( 'NONE', #3058, #1180, #1986, .T. ) ;
#3041 = VERTEX_POINT ( 'NONE', #2255 ) ;
#3042 = ORIENTED_EDGE ( 'NONE', *, *, #215, .F. ) ;
#3043 = CARTESIAN_POINT ( 'NONE',  ( 0.9999999999999996669, -0.2583333327870959706, 0.5773502691896249539 ) ) ;
#3044 = CARTESIAN_POINT ( 'NONE',  ( -0.9999999999999988898, 1.608333333879570670, 0.5773502691896259531 ) ) ;
#3045 = CARTESIAN_POINT ( 'NONE',  ( 0.9999999999999993339, 4.891666667212904329, 0.5773502691896249539 ) ) ;
#3046 = FACE_OUTER_BOUND ( 'NONE', #237, .T. ) ;
#3047 = VECTOR ( 'NONE', #1981, 1000.000000000000000 ) ;
#3048 = CARTESIAN_POINT ( 'NONE',  ( 0.3917468249999993546, 2.766666666666667496, -0.6785254046037930697 ) ) ;
#3049 = CARTESIAN_POINT ( 'NONE',  ( 0.4999999999999993339, 1.391666667212904551, -0.8660254037844381525 ) ) ;
#3050 = CARTESIAN_POINT ( 'NONE',  ( 0.9999999999999991118, 4.575000000546237899, -1.224646799147352468E-16 ) ) ;
#3051 = CARTESIAN_POINT ( 'NONE',  ( -0.3917468249999997987, 0.03333333333333399900, -0.6785254046037930697 ) ) ;
#3052 = VECTOR ( 'NONE', #894, 1000.000000000000000 ) ;
#3053 = CARTESIAN_POINT ( 'NONE',  ( -2.866933944561207960E-16, 4.799999999999999822, -0.9047005394717241300 ) ) ;
#3054 = CARTESIAN_POINT ( 'NONE',  ( -2.168404344971008868E-16, 4.500000000000000888, 0.000000000000000000 ) ) ;
#3055 = CARTESIAN_POINT ( 'NONE',  ( -0.3917468250000000207, 3.733333334425808836, -0.6785254046037930697 ) ) ;
#3056 = CARTESIAN_POINT ( 'NONE',  ( -0.7834936499999994863, 1.666666666666666963, -0.4523502697358619540 ) ) ;
#3057 = CARTESIAN_POINT ( 'NONE',  ( 0.7834936499999990422, 2.433333334425809014, -0.4523502697358622870 ) ) ;
#3058 = VERTEX_POINT ( 'NONE', #2761 ) ;
#3059 = CARTESIAN_POINT ( 'NONE',  ( 2.855998616315661741E-16, -1.524999999453762856, 1.154700538379250574 ) ) ;
#3060 = CARTESIAN_POINT ( 'NONE',  ( -1.032310811158803027E-16, 0.6750000005462377661, -1.154700538379250796 ) ) ;
#3061 = CARTESIAN_POINT ( 'NONE',  ( -2.164699746865885203E-16, 3.025000000546238077, -1.154700538379250574 ) ) ;
#3062 = CARTESIAN_POINT ( 'NONE',  ( 0.9999999999999991118, 3.808333333879571736, -0.5773502691896257311 ) ) ;
#3063 = CONICAL_SURFACE ( 'NONE', #2912, 0.7834936499999992643, 0.7853981633974518317 ) ;
#3064 = CYLINDRICAL_SURFACE ( 'NONE', #2849, 2.174999999999999822 ) ;
#3065 = CARTESIAN_POINT ( 'NONE',  ( -0.7834936499999994863, 0.9000000000000005773, 0.000000000000000000 ) ) ;
#3066 = CARTESIAN_POINT ( 'NONE',  ( -0.9999999999999993339, 1.491666667212904640, -0.5773502691896251759 ) ) ;
#3067 = CARTESIAN_POINT ( 'NONE',  ( -2.188793128476674629E-16, 3.075000000546238343, -1.154700538379250574 ) ) ;
#3068 = CARTESIAN_POINT ( 'NONE',  ( -0.7834936499999991533, -1.066666666666666208, 0.4523502697358625091 ) ) ;
#3069 = EDGE_CURVE ( 'NONE', #1361, #490, #806, .T. ) ;
#3070 = CARTESIAN_POINT ( 'NONE',  ( -0.7834936499999994863, 3.266666666666667052, -0.4523502697358619540 ) ) ;
#3071 = CARTESIAN_POINT ( 'NONE',  ( 0.9999999999999996669, 0.8916666672129049953, 0.5773502691896250649 ) ) ;
#3072 = CARTESIAN_POINT ( 'NONE',  ( -4.101228892778855958E-17, 4.300000001092476154, 0.9047005394717241300 ) ) ;
#3073 = EDGE_CURVE ( 'NONE', #1405, #2603, #3140, .T. ) ;
#3074 = FACE_OUTER_BOUND ( 'NONE', #2344, .T. ) ;
#3075 = ORIENTED_EDGE ( 'NONE', *, *, #1291, .F. ) ;
#3076 = ORIENTED_EDGE ( 'NONE', *, *, #67, .F. ) ;
#3077 = CARTESIAN_POINT ( 'NONE',  ( -2.168404344971008868E-16, 4.500000000000000888, 0.000000000000000000 ) ) ;
#3078 = CARTESIAN_POINT ( 'NONE',  ( 5.671273632907083328E-17, 3.225000000546237811, 1.154700538379250574 ) ) ;
#3079 = CARTESIAN_POINT ( 'NONE',  ( 0.4999999999999993339, 1.841666667212904285, -0.8660254037844381525 ) ) ;
#3080 = CARTESIAN_POINT ( 'NONE',  ( 0.7834936499999990422, 2.333333333333333925, -0.4523502697358622870 ) ) ;
#3081 = CARTESIAN_POINT ( 'NONE',  ( 0.9999999999999991118, 0.9583333338795710921, -0.5773502691896257311 ) ) ;
#3082 = CARTESIAN_POINT ( 'NONE',  ( 0.3917468249999999097, 1.833333333333333481, 0.6785254046037929587 ) ) ;
#3083 = EDGE_CURVE ( 'NONE', #2603, #1225, #823, .T. ) ;
#3084 = DIRECTION ( 'NONE',  ( -1.000000000000000000, 0.000000000000000000, 0.000000000000000000 ) ) ;
#3085 = CARTESIAN_POINT ( 'NONE',  ( 0.9999999999999993339, -1.441666666120429152, -0.5773502691896257311 ) ) ;
#3086 = CARTESIAN_POINT ( 'NONE',  ( 0.9999999999999990008, 4.208333333879571647, -0.5773502691896257311 ) ) ;
#3087 = CARTESIAN_POINT ( 'NONE',  ( 0.7834936499999993753, -0.4999999999999995559, -9.595029906247759787E-17 ) ) ;
#3088 = CARTESIAN_POINT ( 'NONE',  ( -0.7834936499999994863, 4.466666666666667673, -0.4523502697358619540 ) ) ;
#3089 = CARTESIAN_POINT ( 'NONE',  ( -0.4999999999999998890, 1.058333333879571292, -0.8660254037844380415 ) ) ;
#3090 = CARTESIAN_POINT ( 'NONE',  ( 0.7834936499999992643, 3.966666667759141784, 0.4523502697358617874 ) ) ;
#3092 = EDGE_LOOP ( 'NONE', ( #566, #2892, #1151, #631 ) ) ;
#3091 = DIRECTION ( 'NONE',  ( -1.000000000000000000, 0.000000000000000000, 0.000000000000000000 ) ) ;
#3093 = VERTEX_POINT ( 'NONE', #2239 ) ;
#3094 = CYLINDRICAL_SURFACE ( 'NONE', #2689, 0.7834936499999993753 ) ;
#3095 = CARTESIAN_POINT ( 'NONE',  ( 0.4999999999999998890, 3.258333333879571470, 0.8660254037844379305 ) ) ;
#3096 = CARTESIAN_POINT ( 'NONE',  ( -0.4999999999999998890, 1.108333333879571114, -0.8660254037844380415 ) ) ;
#3097 = CARTESIAN_POINT ( 'NONE',  ( -0.4999999999999991673, 2.841666667212904507, 0.8660254037844384856 ) ) ;
#3098 = CARTESIAN_POINT ( 'NONE',  ( 0.5000000000000000000, 0.8583333338795717804, 0.8660254037844379305 ) ) ;
#3099 = CARTESIAN_POINT ( 'NONE',  ( -0.7834936499999993753, 0.9666666677591421175, -0.4523502697358619540 ) ) ;
#3100 = VERTEX_POINT ( 'NONE', #1511 ) ;
#3101 = CARTESIAN_POINT ( 'NONE',  ( -2.372292180027668325E-17, -0.9749999994537617010, -1.154700538379250574 ) ) ;
#3102 = CIRCLE ( 'NONE', #1537, 0.9999999999999993339 ) ;
#3103 = CARTESIAN_POINT ( 'NONE',  ( -0.9999999999999993339, 3.541666667212904240, -0.5773502691896251759 ) ) ;
#3104 = CARTESIAN_POINT ( 'NONE',  ( -0.7834936499999992643, -0.3333333333333330928, -0.4523502697358619540 ) ) ;
#3105 = CARTESIAN_POINT ( 'NONE',  ( -3.619361255298791547E-17, 4.200000000000000178, 0.9047005394717241300 ) ) ;
#3106 = CARTESIAN_POINT ( 'NONE',  ( -0.9999999999999991118, 5.558333333879572180, 0.5773502691896258421 ) ) ;
#3107 = CARTESIAN_POINT ( 'NONE',  ( 0.5000000000000001110, 0.05833333387957138211, 0.8660254037844379305 ) ) ;
#3108 = CARTESIAN_POINT ( 'NONE',  ( -0.7834936499999993753, 1.766666667759142273, -0.4523502697358619540 ) ) ;
#3110 = ORIENTED_EDGE ( 'NONE', *, *, #1069, .F. ) ;
#3109 = CARTESIAN_POINT ( 'NONE',  ( -0.7834936499999992643, 3.833333334425808481, 0.4523502697358623981 ) ) ;
#3111 = ORIENTED_EDGE ( 'NONE', *, *, #1580, .T. ) ;
#3112 = APPLICATION_CONTEXT ( 'automotive_design' ) ;
#3113 = CARTESIAN_POINT ( 'NONE',  ( -0.4999999999999990563, 0.3916666672129044402, 0.8660254037844384856 ) ) ;
#3114 = CARTESIAN_POINT ( 'NONE',  ( -0.7834936499999995974, 3.400000001092475799, 0.000000000000000000 ) ) ;
#3115 = CARTESIAN_POINT ( 'NONE',  ( -0.4999999999999997780, 0.7083333338795708700, -0.8660254037844380415 ) ) ;
#3116 = CARTESIAN_POINT ( 'NONE',  ( 5.430339816799194618E-17, 3.275000000546237633, 1.154700538379250796 ) ) ;
#3117 = CARTESIAN_POINT ( 'NONE',  ( 1.723609680608580181E-16, 0.8250000005462377883, 1.154700538379250574 ) ) ;
#3118 = CIRCLE ( 'NONE', #1095, 1.399999999999999467 ) ;
#3119 = CARTESIAN_POINT ( 'NONE',  ( -7.949031265597837676E-17, 0.5000000010924755545, -0.9047005394717241300 ) ) ;
#3120 = VERTEX_POINT ( 'NONE', #2501 ) ;
#3121 = CARTESIAN_POINT ( 'NONE',  ( 0.9999999999999991118, 0.1583333338795716583, -0.5773502691896257311 ) ) ;
#3122 = CARTESIAN_POINT ( 'NONE',  ( -0.9999999999999993339, 2.775000000546237633, 0.000000000000000000 ) ) ;
#3123 = CARTESIAN_POINT ( 'NONE',  ( 0.9999999999999990008, 5.008333333879571470, -0.5773502691896257311 ) ) ;
#3124 = CARTESIAN_POINT ( 'NONE',  ( 0.3917468249999992991, 4.366666666666667140, -0.6785254046037930697 ) ) ;
#3125 = CARTESIAN_POINT ( 'NONE',  ( 0.9999999999999993339, 5.691666667212904152, 0.5773502691896249539 ) ) ;
#3126 = FACE_OUTER_BOUND ( 'NONE', #2114, .T. ) ;
#3127 = CARTESIAN_POINT ( 'NONE',  ( 0.3917468249999993546, 2.466666667759142229, -0.6785254046037930697 ) ) ;
#3128 = SURFACE_SIDE_STYLE ('',( #1851 ) ) ;
#3130 = ORIENTED_EDGE ( 'NONE', *, *, #2701, .T. ) ;
#3129 = FILL_AREA_STYLE_COLOUR ( '', #2592 ) ;
#3131 = EDGE_CURVE ( 'NONE', #171, #1236, #1557, .T. ) ;
#3132 = ORIENTED_EDGE ( 'NONE', *, *, #352, .F. ) ;
#3133 = CARTESIAN_POINT ( 'NONE',  ( 0.4999999999999994449, 0.5916666672129049509, -0.8660254037844381525 ) ) ;
#3134 = CARTESIAN_POINT ( 'NONE',  ( -2.481439838788584051E-16, 4.000000000000000000, -0.9047005394717241300 ) ) ;
#3135 = CARTESIAN_POINT ( 'NONE',  ( 0.9999999999999996669, 0.9416666672129047067, 0.5773502691896249539 ) ) ;
#3136 = CARTESIAN_POINT ( 'NONE',  ( 0.4999999999999992784, 4.241666667212904862, -0.8660254037844381525 ) ) ;
#3137 = CARTESIAN_POINT ( 'NONE',  ( 0.5000000000000000000, 2.458333333879571647, 0.8660254037844379305 ) ) ;
#3138 = CARTESIAN_POINT ( 'NONE',  ( -0.3917468249999998542, 0.5333333344258086584, -0.6785254046037930697 ) ) ;
#3139 = ORIENTED_EDGE ( 'NONE', *, *, #2731, .T. ) ;
#3140 =( BOUNDED_CURVE ( )  B_SPLINE_CURVE ( 2, ( #2530, #1015, #326, #1299, #520, #536, #1061 ),
 .UNSPECIFIED., .F., .T. ) 
 B_SPLINE_CURVE_WITH_KNOTS ( ( 3, 2, 2, 3 ),
 ( 0.3636363636363635909, 0.3712121212121211600, 0.3787878787878787290, 0.3863636363636362980 ),
 .UNSPECIFIED. ) 
 CURVE ( )  GEOMETRIC_REPRESENTATION_ITEM ( )  RATIONAL_B_SPLINE_CURVE ( ( 1.000000000000000888, 0.8660254037844377084, 1.000000000000000000, 0.8660254037844387076, 1.000000000000000000, 0.8660254037844397068, 0.9999999999999990008 ) ) 
 REPRESENTATION_ITEM ( '' )  );
#3141 = EDGE_CURVE ( 'NONE', #1378, #857, #1779, .T. ) ;
#3142 = CARTESIAN_POINT ( 'NONE',  ( -0.4999999999999989453, -1.608333332787095671, 0.8660254037844384856 ) ) ;
#3143 = CARTESIAN_POINT ( 'NONE',  ( -0.4999999999999998890, 1.508333333879571247, -0.8660254037844380415 ) ) ;
#3144 = CARTESIAN_POINT ( 'NONE',  ( -0.9999999999999991118, 6.008333333879571470, 0.5773502691896258421 ) ) ;
#3145 =( BOUNDED_CURVE ( )  B_SPLINE_CURVE ( 2, ( #3200, #972, #491, #1468, #2455, #3109, #1610 ),
 .UNSPECIFIED., .F., .T. ) 
 B_SPLINE_CURVE_WITH_KNOTS ( ( 3, 2, 2, 3 ),
 ( 0.2500000000000000555, 0.2575757575757576245, 0.2651515151515151381, 0.2727272727272727071 ),
 .UNSPECIFIED. ) 
 CURVE ( )  GEOMETRIC_REPRESENTATION_ITEM ( )  RATIONAL_B_SPLINE_CURVE ( ( 0.9999999999999990008, 0.8660254037844397068, 1.000000000000000000, 0.8660254037844387076, 1.000000000000000000, 0.8660254037844387076, 1.000000000000000000 ) ) 
 REPRESENTATION_ITEM ( '' )  );
#3146 = CARTESIAN_POINT ( 'NONE',  ( 0.9999999999999991118, 5.325000000546237899, -1.224646799147352468E-16 ) ) ;
#3147 = CARTESIAN_POINT ( 'NONE',  ( 0.3917468249999994656, 0.4666666677591423951, -0.6785254046037930697 ) ) ;
#3149 = VERTEX_POINT ( 'NONE', #890 ) ;
#3148 = DIRECTION ( 'NONE',  ( -1.000000000000000000, 0.000000000000000000, 0.000000000000000000 ) ) ;
#3150 = ORIENTED_EDGE ( 'NONE', *, *, #3030, .F. ) ;
#3151 = CARTESIAN_POINT ( 'NONE',  ( 0.9999999999999996669, 0.4916666672129046955, 0.5773502691896249539 ) ) ;
#3152 = CARTESIAN_POINT ( 'NONE',  ( 0.3917468249999993546, 3.266666667759142495, -0.6785254046037930697 ) ) ;
#3153 = ADVANCED_FACE ( 'NONE', ( #3074 ), #1871, .F. ) ;
#3154 = CARTESIAN_POINT ( 'NONE',  ( -0.9999999999999990008, 1.208333333879571425, 0.5773502691896258421 ) ) ;
#3155 = CARTESIAN_POINT ( 'NONE',  ( -0.5000000000000000000, 4.308333333879570404, -0.8660254037844380415 ) ) ;
#3156 = CARTESIAN_POINT ( 'NONE',  ( -0.4999999999999998890, 2.258333333879571025, -0.8660254037844380415 ) ) ;
#3157 = CARTESIAN_POINT ( 'NONE',  ( -0.3917468249999991881, 0.6666666677591420731, 0.6785254046037934028 ) ) ;
#3158 = CARTESIAN_POINT ( 'NONE',  ( -0.9999999999999986677, -0.8416666661204283972, 0.5773502691896258421 ) ) ;
#3159 = CARTESIAN_POINT ( 'NONE',  ( 0.9999999999999996669, 2.541666667212904684, 0.5773502691896249539 ) ) ;
#3160 = CARTESIAN_POINT ( 'NONE',  ( 0.9999999999999993339, 6.141666667212905217, 0.5773502691896249539 ) ) ;
#3161 =( BOUNDED_CURVE ( )  B_SPLINE_CURVE ( 2, ( #2971, #2740, #1782, #2463, #2024, #547, #768 ),
 .UNSPECIFIED., .F., .T. ) 
 B_SPLINE_CURVE_WITH_KNOTS ( ( 3, 2, 2, 3 ),
 ( 0.4772727272727272929, 0.4848484848484848619, 0.4924242424242423755, 0.4999999999999999445 ),
 .UNSPECIFIED. ) 
 CURVE ( )  GEOMETRIC_REPRESENTATION_ITEM ( )  RATIONAL_B_SPLINE_CURVE ( ( 1.000000000000000000, 0.8660254037844387076, 1.000000000000000000, 0.8660254037844387076, 1.000000000000000000, 0.8660254037844397068, 0.9999999999999990008 ) ) 
 REPRESENTATION_ITEM ( '' )  );
#3162 = CARTESIAN_POINT ( 'NONE',  ( -0.9999999999999991118, -1.624999999453762278, 0.000000000000000000 ) ) ;
#3163 = CYLINDRICAL_SURFACE ( 'NONE', #1653, 1.399999999999999467 ) ;
#3165 = EDGE_LOOP ( 'NONE', ( #2826, #2917, #2113, #3198 ) ) ;
#3164 = CARTESIAN_POINT ( 'NONE',  ( -2.168404344971008868E-16, 4.500000000000000888, 0.000000000000000000 ) ) ;
#3166 = ORIENTED_EDGE ( 'NONE', *, *, #417, .T. ) ;
#3167 = CARTESIAN_POINT ( 'NONE',  ( 0.9999999999999998890, -0.7083333327870950935, 0.5773502691896249539 ) ) ;
#3168 = CARTESIAN_POINT ( 'NONE',  ( 0.7834936499999997084, 0.6666666666666668517, 0.4523502697358617874 ) ) ;
#3169 = CARTESIAN_POINT ( 'NONE',  ( -0.9999999999999986677, -0.3916666661204293853, 0.5773502691896258421 ) ) ;
#3170 = VECTOR ( 'NONE', #1373, 1000.000000000000000 ) ;
#3171 = DIRECTION ( 'NONE',  ( -4.818676322157797005E-17, 1.000000000000000000, -0.000000000000000000 ) ) ;
#3172 = CARTESIAN_POINT ( 'NONE',  ( -0.7834936499999993753, 0.2000000010924755933, 0.000000000000000000 ) ) ;
#3173 = FACE_BOUND ( 'NONE', #374, .T. ) ;
#3174 = CARTESIAN_POINT ( 'NONE',  ( -0.4999999999999998890, 1.908333333879571381, -0.8660254037844380415 ) ) ;
#3175 = CARTESIAN_POINT ( 'NONE',  ( -0.7834936499999992643, -1.900000000000000577, 0.000000000000000000 ) ) ;
#3176 = CIRCLE ( 'NONE', #1550, 2.174999999999999822 ) ;
#3177 = CARTESIAN_POINT ( 'NONE',  ( -0.9999999999999996669, 6.291666667212905573, -0.5773502691896251759 ) ) ;
#3178 = CARTESIAN_POINT ( 'NONE',  ( -0.3917468249999998542, 0.5333333344258086584, -0.6785254046037930697 ) ) ;
#3180 = ORIENTED_EDGE ( 'NONE', *, *, #641, .T. ) ;
#3179 = CYLINDRICAL_SURFACE ( 'NONE', #2838, 0.7834936499999993753 ) ;
#3181 = EDGE_CURVE ( 'NONE', #1611, #1142, #609, .T. ) ;
#3182 = CARTESIAN_POINT ( 'NONE',  ( -0.9999999999999993339, 0.3250000005462381769, 0.000000000000000000 ) ) ;
#3183 = DIRECTION ( 'NONE',  ( -1.000000000000000000, 0.000000000000000000, 0.000000000000000000 ) ) ;
#3184 = CARTESIAN_POINT ( 'NONE',  ( -0.9999999999999993339, -0.02499999945376231436, 0.000000000000000000 ) ) ;
#3185 = CARTESIAN_POINT ( 'NONE',  ( 0.1617438140054635598, 0.1347059260695871452, -0.8573749803955621474 ) ) ;
#3186 = CARTESIAN_POINT ( 'NONE',  ( 0.7834936499999991533, -0.7666666655741912750, -0.4523502697358622870 ) ) ;
#3187 = CARTESIAN_POINT ( 'NONE',  ( -0.9999999999999986677, -1.641666666120428886, 0.5773502691896258421 ) ) ;
#3188 = CARTESIAN_POINT ( 'NONE',  ( -0.9999999999999990008, 1.608333333879570670, 0.5773502691896258421 ) ) ;
#3189 = CARTESIAN_POINT ( 'NONE',  ( -0.4999999999999993339, 6.041666667212904684, 0.8660254037844384856 ) ) ;
#3190 = EDGE_CURVE ( 'NONE', #2166, #204, #2249, .T. ) ;
#3191 = CARTESIAN_POINT ( 'NONE',  ( -0.9999999999999991118, 4.758333333879571470, 0.5773502691896258421 ) ) ;
#3192 = CARTESIAN_POINT ( 'NONE',  ( -2.168404344971008868E-16, 4.500000000000000888, 0.000000000000000000 ) ) ;
#3194 = EDGE_LOOP ( 'NONE', ( #3110, #1908, #1619, #410, #2930, #2550, #1559, #1574, #2180, #1700, #2654, #160, #233, #613, #2136, #441, #218, #1649, #2638, #2855, #2209, #1575, #442, #2060, #2629, #1012 ) ) ;
#3193 = DIRECTION ( 'NONE',  ( -1.000000000000000000, 0.000000000000000000, 0.000000000000000000 ) ) ;
#3195 = CARTESIAN_POINT ( 'NONE',  ( 0.3917468249999991881, 5.666666667759142406, -0.6785254046037930697 ) ) ;
#3196 = CARTESIAN_POINT ( 'NONE',  ( 0.7834936499999992643, 2.000000001092474999, -9.595029906247759787E-17 ) ) ;
#3197 = CARTESIAN_POINT ( 'NONE',  ( -0.4999999999999990563, -1.158333332787095715, 0.8660254037844384856 ) ) ;
#3198 = ORIENTED_EDGE ( 'NONE', *, *, #1343, .F. ) ;
#3199 = CARTESIAN_POINT ( 'NONE',  ( 4.090520860153682921E-17, 2.600000000000000533, 0.9047005394717241300 ) ) ;
#3200 = CARTESIAN_POINT ( 'NONE',  ( 0.7834936499999991533, 4.000000001092475443, -9.595029906247759787E-17 ) ) ;
#3201 = DIRECTION ( 'NONE',  ( -1.000000000000000000, -4.818676322157797005E-17, 0.000000000000000000 ) ) ;
#3202 = CARTESIAN_POINT ( 'NONE',  ( 0.5000000000000001110, -1.091666666120428619, 0.8660254037844379305 ) ) ;
#3203 = CARTESIAN_POINT ( 'NONE',  ( -0.9999999999999990008, 2.808333333879570848, 0.5773502691896258421 ) ) ;
#3204 = CARTESIAN_POINT ( 'NONE',  ( -2.357446799752197157E-16, 3.425000000546238432, -1.154700538379250574 ) ) ;
#3205 = CARTESIAN_POINT ( 'NONE',  ( 0.9999999999999990008, 5.008333333879571470, -0.5773502691896257311 ) ) ;
#3206 = CARTESIAN_POINT ( 'NONE',  ( 0.9999999999999988898, 4.158333333879571825, -0.5773502691896257311 ) ) ;
ENDSEC;
END-ISO-10303-21;
